ID,DATE_TIME_LOG,MESSAGE,UNIT_NAME,ROUTINE_NAME,KEY_TAG,STATE
50290,05/05/2026 06:04:26,Lotto [59975854}] ricetta [111.25.085.0C-59975854] ver [1] wasLotPresent=1 wasRecipePresent=1 insertedRows=0 updatedRows=0,NODE-RED,CheckCreateLotDone,c05dcd762e4b4b5a99224c48445d7683,0
50291,05/05/2026 06:12:35,INSERT in LOT_RECIPE_ROW TAG: [GI4_RECIPE_Data_OP30_PTL_2_Description] value: [TARGHETTA ADESIVA GRIGIA 44x2] (FROM RECIPE_ROW) recipeId: [8909c826316c4467978350acb28bd10f] tagID=[00b1fda64a62469b8e3742551e16ce95] set TAG_NEW=0,DB DEBUG,fe_LotRecipeRowCheckCreateByRecipe,c05dcd762e4b4b5a99224c48445d7683,3
50292,05/05/2026 06:12:35,INSERT in LOT_RECIPE_ROW TAG: [GI4_RECIPE_Data_OP10_PTL_9_Cell] value: [0] (FROM RECIPE_ROW) recipeId: [8909c826316c4467978350acb28bd10f] tagID=[00bf0c48f06d421fa49b67d755982f66] set TAG_NEW=0,DB DEBUG,fe_LotRecipeRowCheckCreateByRecipe,c05dcd762e4b4b5a99224c48445d7683,3
50293,05/05/2026 06:12:35,INSERT in LOT_RECIPE_ROW TAG: [GI4_RECIPE_Data_OP10_PTL_19_CellUnion] value: [0] (FROM RECIPE_ROW) recipeId: [8909c826316c4467978350acb28bd10f] tagID=[010d32c109574379bfeff5dd778e4596] set TAG_NEW=0,DB DEBUG,fe_LotRecipeRowCheckCreateByRecipe,c05dcd762e4b4b5a99224c48445d7683,3
50294,05/05/2026 06:12:35,INSERT in LOT_RECIPE_ROW TAG: [GI4_RECIPE_Data_OP10_PTL_9_Qta] value: [0] (FROM RECIPE_ROW) recipeId: [8909c826316c4467978350acb28bd10f] tagID=[01b54df8c5c8431fbdfa8884310acd28] set TAG_NEW=0,DB DEBUG,fe_LotRecipeRowCheckCreateByRecipe,c05dcd762e4b4b5a99224c48445d7683,3
50295,05/05/2026 06:12:35,INSERT in LOT_RECIPE_ROW TAG: [GI4_RECIPE_Data_OP10_PTL_11_Cell] value: [0] (FROM RECIPE_ROW) recipeId: [8909c826316c4467978350acb28bd10f] tagID=[01f796dc632e41b4ab097c1ecabb4b0f] set TAG_NEW=0,DB DEBUG,fe_LotRecipeRowCheckCreateByRecipe,c05dcd762e4b4b5a99224c48445d7683,3
50296,05/05/2026 06:12:35,INSERT in LOT_RECIPE_ROW TAG: [GI4_RECIPE_Data_OP30_PTL_19_Cell] value: [12] (FROM RECIPE_ROW) recipeId: [8909c826316c4467978350acb28bd10f] tagID=[02b3ddb59fc142e19bc8f2344bfb4f72] set TAG_NEW=0,DB DEBUG,fe_LotRecipeRowCheckCreateByRecipe,c05dcd762e4b4b5a99224c48445d7683,3
50297,05/05/2026 06:12:35,INSERT in LOT_RECIPE_ROW TAG: [GI4_RECIPE_Data_OP30_PTL_2_PartNumber] value: [11180057] (FROM RECIPE_ROW) recipeId: [8909c826316c4467978350acb28bd10f] tagID=[02b85a6445fd4f509ff0590d881cbfd7] set TAG_NEW=0,DB DEBUG,fe_LotRecipeRowCheckCreateByRecipe,c05dcd762e4b4b5a99224c48445d7683,3
50298,05/05/2026 06:12:35,INSERT in LOT_RECIPE_ROW TAG: [GI4_RECIPE_Data_OP30_PTL_26_CellUnion] value: [0] (FROM RECIPE_ROW) recipeId: [8909c826316c4467978350acb28bd10f] tagID=[03eff61cd6c4460ab6aa437ee0a2cc4f] set TAG_NEW=0,DB DEBUG,fe_LotRecipeRowCheckCreateByRecipe,c05dcd762e4b4b5a99224c48445d7683,3
50299,05/05/2026 06:12:35,INSERT in LOT_RECIPE_ROW TAG: [GI4_RECIPE_Data_OP30_PTL_14_CellUnion] value: [0] (FROM RECIPE_ROW) recipeId: [8909c826316c4467978350acb28bd10f] tagID=[03fe10dfb8324b348a02ff128543273e] set TAG_NEW=0,DB DEBUG,fe_LotRecipeRowCheckCreateByRecipe,c05dcd762e4b4b5a99224c48445d7683,3
50300,05/05/2026 06:12:35,INSERT in LOT_RECIPE_ROW TAG: [GI4_RECIPE_Data_OP30_PTL_24_PartNumber] value: [] (FROM RECIPE_ROW) recipeId: [8909c826316c4467978350acb28bd10f] tagID=[04e5d1459c974a708aa383b3539f6b54] set TAG_NEW=0,DB DEBUG,fe_LotRecipeRowCheckCreateByRecipe,c05dcd762e4b4b5a99224c48445d7683,3
50301,05/05/2026 06:12:35,INSERT in LOT_RECIPE_ROW TAG: [GI4_RECIPE_Data_OP30_PTL_2_Qta] value: [2] (FROM RECIPE_ROW) recipeId: [8909c826316c4467978350acb28bd10f] tagID=[0595c7172ef94685bfe9c025f6ad73b0] set TAG_NEW=0,DB DEBUG,fe_LotRecipeRowCheckCreateByRecipe,c05dcd762e4b4b5a99224c48445d7683,3
50302,05/05/2026 06:12:35,INSERT in LOT_RECIPE_ROW TAG: [GI4_RECIPE_Data_OP30_PTL_25_Cell] value: [0] (FROM RECIPE_ROW) recipeId: [8909c826316c4467978350acb28bd10f] tagID=[0825757efe7a4a17ad0a2f68fc354c13] set TAG_NEW=0,DB DEBUG,fe_LotRecipeRowCheckCreateByRecipe,c05dcd762e4b4b5a99224c48445d7683,3
50303,05/05/2026 06:12:35,INSERT in LOT_RECIPE_ROW TAG: [GI4_RECIPE_Data_OP10_PTL_23_CellUnion] value: [0] (FROM RECIPE_ROW) recipeId: [8909c826316c4467978350acb28bd10f] tagID=[08a1b948dc2b43adb6f3a5f05a6e7c10] set TAG_NEW=0,DB DEBUG,fe_LotRecipeRowCheckCreateByRecipe,c05dcd762e4b4b5a99224c48445d7683,3
50304,05/05/2026 06:12:35,INSERT in LOT_RECIPE_ROW TAG: [GI4_RECIPE_Data_OP10_PTL_25_PartNumber] value: [] (FROM RECIPE_ROW) recipeId: [8909c826316c4467978350acb28bd10f] tagID=[08c052c80fc44199978244ded6f644a8] set TAG_NEW=0,DB DEBUG,fe_LotRecipeRowCheckCreateByRecipe,c05dcd762e4b4b5a99224c48445d7683,3
50305,05/05/2026 06:12:35,INSERT in LOT_RECIPE_ROW TAG: [GI4_RECIPE_Data_OP30_PTL_24_Description] value: [] (FROM RECIPE_ROW) recipeId: [8909c826316c4467978350acb28bd10f] tagID=[08e01c362a124f688baffd9b72b42d55] set TAG_NEW=0,DB DEBUG,fe_LotRecipeRowCheckCreateByRecipe,c05dcd762e4b4b5a99224c48445d7683,3
50306,05/05/2026 06:12:35,INSERT in LOT_RECIPE_ROW TAG: [GI4_RECIPE_Data_OP30_PTL_8_Description] value: [TAPPO FILETTATO- 1-  GAS] (FROM RECIPE_ROW) recipeId: [8909c826316c4467978350acb28bd10f] tagID=[0c50c86c64814102b8bf9d50bea4121c] set TAG_NEW=0,DB DEBUG,fe_LotRecipeRowCheckCreateByRecipe,c05dcd762e4b4b5a99224c48445d7683,3
50307,05/05/2026 06:12:35,INSERT in LOT_RECIPE_ROW TAG: [GI4_RECIPE_Data_OP10_PTL_31_Qta] value: [0] (FROM RECIPE_ROW) recipeId: [8909c826316c4467978350acb28bd10f] tagID=[0cae3beb3c844e07b0495201a61d0a6b] set TAG_NEW=0,DB DEBUG,fe_LotRecipeRowCheckCreateByRecipe,c05dcd762e4b4b5a99224c48445d7683,3
50308,05/05/2026 06:12:35,INSERT in LOT_RECIPE_ROW TAG: [GI4_RECIPE_Data_OP30_PTL_14_Cell] value: [23] (FROM RECIPE_ROW) recipeId: [8909c826316c4467978350acb28bd10f] tagID=[0cf9f78a5123498ab6e2b33cc7e7cdb5] set TAG_NEW=0,DB DEBUG,fe_LotRecipeRowCheckCreateByRecipe,c05dcd762e4b4b5a99224c48445d7683,3
50309,05/05/2026 06:12:35,INSERT in LOT_RECIPE_ROW TAG: [GI4_RECIPE_Data_OP10_PTL_3_PartNumber] value: [314.0060.0.00] (FROM RECIPE_ROW) recipeId: [8909c826316c4467978350acb28bd10f] tagID=[0ecb09489ff542bdbdd43d40a6c9512f] set TAG_NEW=0,DB DEBUG,fe_LotRecipeRowCheckCreateByRecipe,c05dcd762e4b4b5a99224c48445d7683,3
50310,05/05/2026 06:12:35,INSERT in LOT_RECIPE_ROW TAG: [GI4_RECIPE_Data_OP30_PTL_15_PartNumber] value: [314.0060.0.00] (FROM RECIPE_ROW) recipeId: [8909c826316c4467978350acb28bd10f] tagID=[0f861d9887f547c4a700d24785651f0c] set TAG_NEW=0,DB DEBUG,fe_LotRecipeRowCheckCreateByRecipe,c05dcd762e4b4b5a99224c48445d7683,3
50311,05/05/2026 06:12:35,INSERT in LOT_RECIPE_ROW TAG: [GI4_RECIPE_Data_OP30_PTL_28_Cell] value: [0] (FROM RECIPE_ROW) recipeId: [8909c826316c4467978350acb28bd10f] tagID=[1064907859704583a8bb1acb185d83ab] set TAG_NEW=0,DB DEBUG,fe_LotRecipeRowCheckCreateByRecipe,c05dcd762e4b4b5a99224c48445d7683,3
50312,05/05/2026 06:12:35,INSERT in LOT_RECIPE_ROW TAG: [GI4_RECIPE_Data_OP30_PTL_28_PartNumber] value: [] (FROM RECIPE_ROW) recipeId: [8909c826316c4467978350acb28bd10f] tagID=[108fa0aa4e9b422cb0c37060f5f8251a] set TAG_NEW=0,DB DEBUG,fe_LotRecipeRowCheckCreateByRecipe,c05dcd762e4b4b5a99224c48445d7683,3
50313,05/05/2026 06:12:35,INSERT in LOT_RECIPE_ROW TAG: [GI4_RECIPE_Data_OP30_PTL_19_PartNumber] value: [5713.54.2579] (FROM RECIPE_ROW) recipeId: [8909c826316c4467978350acb28bd10f] tagID=[117d55a6eec74686af0d4085044334ff] set TAG_NEW=0,DB DEBUG,fe_LotRecipeRowCheckCreateByRecipe,c05dcd762e4b4b5a99224c48445d7683,3
50314,05/05/2026 06:12:35,INSERT in LOT_RECIPE_ROW TAG: [GI4_RECIPE_Data_OP30_PTL_24_CellUnion] value: [0] (FROM RECIPE_ROW) recipeId: [8909c826316c4467978350acb28bd10f] tagID=[11fead26f2374b1895abe418c9d7bf56] set TAG_NEW=0,DB DEBUG,fe_LotRecipeRowCheckCreateByRecipe,c05dcd762e4b4b5a99224c48445d7683,3
50315,05/05/2026 06:12:35,INSERT in LOT_RECIPE_ROW TAG: [GI4_RECIPE_Data_OP10_PTL_28_Description] value: [] (FROM RECIPE_ROW) recipeId: [8909c826316c4467978350acb28bd10f] tagID=[12a6a0eb336a45538a178cbcfbba8b13] set TAG_NEW=0,DB DEBUG,fe_LotRecipeRowCheckCreateByRecipe,c05dcd762e4b4b5a99224c48445d7683,3
50316,05/05/2026 06:12:35,INSERT in LOT_RECIPE_ROW TAG: [GI4_RECIPE_Data_OP30_PTL_31_Cell] value: [0] (FROM RECIPE_ROW) recipeId: [8909c826316c4467978350acb28bd10f] tagID=[138d7ec4d945404cb05a6c2acc6e26c9] set TAG_NEW=0,DB DEBUG,fe_LotRecipeRowCheckCreateByRecipe,c05dcd762e4b4b5a99224c48445d7683,3
50317,05/05/2026 06:12:35,INSERT in LOT_RECIPE_ROW TAG: [GI4_RECIPE_Data_OP10_PTL_4_Qta] value: [1] (FROM RECIPE_ROW) recipeId: [8909c826316c4467978350acb28bd10f] tagID=[142c9d2d9d404cae81c1f59ae4da360d] set TAG_NEW=0,DB DEBUG,fe_LotRecipeRowCheckCreateByRecipe,c05dcd762e4b4b5a99224c48445d7683,3
50318,05/05/2026 06:12:35,INSERT in LOT_RECIPE_ROW TAG: [GI4_RECIPE_Data_OP10_PTL_6_Qta] value: [2] (FROM RECIPE_ROW) recipeId: [8909c826316c4467978350acb28bd10f] tagID=[149871b6a096497a9ec64f62ca13eb4b] set TAG_NEW=0,DB DEBUG,fe_LotRecipeRowCheckCreateByRecipe,c05dcd762e4b4b5a99224c48445d7683,3
50319,05/05/2026 06:12:35,INSERT in LOT_RECIPE_ROW TAG: [GI4_RECIPE_Data_OP30_PTL_27_PartNumber] value: [] (FROM RECIPE_ROW) recipeId: [8909c826316c4467978350acb28bd10f] tagID=[152ff83f6425493d8ee154c7474edc49] set TAG_NEW=0,DB DEBUG,fe_LotRecipeRowCheckCreateByRecipe,c05dcd762e4b4b5a99224c48445d7683,3
50320,05/05/2026 06:12:35,INSERT in LOT_RECIPE_ROW TAG: [GI4_RECIPE_Data_OP30_PTL_8_CellUnion] value: [0] (FROM RECIPE_ROW) recipeId: [8909c826316c4467978350acb28bd10f] tagID=[16825f04574b4c16b4ab3c9fc79ebec3] set TAG_NEW=0,DB DEBUG,fe_LotRecipeRowCheckCreateByRecipe,c05dcd762e4b4b5a99224c48445d7683,3
50321,05/05/2026 06:12:35,INSERT in LOT_RECIPE_ROW TAG: [GI4_RECIPE_Data_OP30_PTL_13_CellUnion] value: [0] (FROM RECIPE_ROW) recipeId: [8909c826316c4467978350acb28bd10f] tagID=[171ef8f151874a64b2aa6d76fa9e011e] set TAG_NEW=0,DB DEBUG,fe_LotRecipeRowCheckCreateByRecipe,c05dcd762e4b4b5a99224c48445d7683,3
50322,05/05/2026 06:12:35,INSERT in LOT_RECIPE_ROW TAG: [GI4_RECIPE_Data_OP30_PTL_32_Qta] value: [0] (FROM RECIPE_ROW) recipeId: [8909c826316c4467978350acb28bd10f] tagID=[17bfebdd36ed4d268e65b73ad2683657] set TAG_NEW=0,DB DEBUG,fe_LotRecipeRowCheckCreateByRecipe,c05dcd762e4b4b5a99224c48445d7683,3
50323,05/05/2026 06:12:35,INSERT in LOT_RECIPE_ROW TAG: [GI4_RECIPE_Data_OP30_PTL_5_Qta] value: [2] (FROM RECIPE_ROW) recipeId: [8909c826316c4467978350acb28bd10f] tagID=[17e58e802fdb4886a00ee2df555cccc2] set TAG_NEW=0,DB DEBUG,fe_LotRecipeRowCheckCreateByRecipe,c05dcd762e4b4b5a99224c48445d7683,3
50324,05/05/2026 06:12:35,INSERT in LOT_RECIPE_ROW TAG: [GI4_RECIPE_Data_OP30_PTL_12_PartNumber] value: [5730.03.1006] (FROM RECIPE_ROW) recipeId: [8909c826316c4467978350acb28bd10f] tagID=[1897909b17784365ae9be36b71a37912] set TAG_NEW=0,DB DEBUG,fe_LotRecipeRowCheckCreateByRecipe,c05dcd762e4b4b5a99224c48445d7683,3
50325,05/05/2026 06:12:35,INSERT in LOT_RECIPE_ROW TAG: [GI4_RECIPE_Data_OP10_PTL_9_CellUnion] value: [0] (FROM RECIPE_ROW) recipeId: [8909c826316c4467978350acb28bd10f] tagID=[1a1c23ee431f4728b01677039593bc81] set TAG_NEW=0,DB DEBUG,fe_LotRecipeRowCheckCreateByRecipe,c05dcd762e4b4b5a99224c48445d7683,3
50326,05/05/2026 06:12:35,INSERT in LOT_RECIPE_ROW TAG: [GI4_RECIPE_Data_OP10_PTL_31_PartNumber] value: [] (FROM RECIPE_ROW) recipeId: [8909c826316c4467978350acb28bd10f] tagID=[1adcf7bd1d72448bb87b3b30dd715166] set TAG_NEW=0,DB DEBUG,fe_LotRecipeRowCheckCreateByRecipe,c05dcd762e4b4b5a99224c48445d7683,3
50327,05/05/2026 06:12:35,INSERT in LOT_RECIPE_ROW TAG: [GI4_RECIPE_Data_OP30_PTL_20_Qta] value: [0] (FROM RECIPE_ROW) recipeId: [8909c826316c4467978350acb28bd10f] tagID=[1ae24f3c9bd843b5bdae323af5e44833] set TAG_NEW=0,DB DEBUG,fe_LotRecipeRowCheckCreateByRecipe,c05dcd762e4b4b5a99224c48445d7683,3
50328,05/05/2026 06:12:35,INSERT in LOT_RECIPE_ROW TAG: [GI4_RECIPE_Data_OP30_PTL_9_Description] value: [TAPPO FILETTATO- 1- 1/4 GAS] (FROM RECIPE_ROW) recipeId: [8909c826316c4467978350acb28bd10f] tagID=[1b395e351c7a424faee5b72d6916e004] set TAG_NEW=0,DB DEBUG,fe_LotRecipeRowCheckCreateByRecipe,c05dcd762e4b4b5a99224c48445d7683,3
50329,05/05/2026 06:12:35,INSERT in LOT_RECIPE_ROW TAG: [GI4_RECIPE_Data_OP30_PTL_30_Cell] value: [0] (FROM RECIPE_ROW) recipeId: [8909c826316c4467978350acb28bd10f] tagID=[1c292609bff545948b1b50178f98734a] set TAG_NEW=0,DB DEBUG,fe_LotRecipeRowCheckCreateByRecipe,c05dcd762e4b4b5a99224c48445d7683,3
50330,05/05/2026 06:12:35,INSERT in LOT_RECIPE_ROW TAG: [GI4_RECIPE_Data_OP10_PTL_12_PartNumber] value: [] (FROM RECIPE_ROW) recipeId: [8909c826316c4467978350acb28bd10f] tagID=[1c6bdf1e83a74aaca4e2c6a37d60fdd3] set TAG_NEW=0,DB DEBUG,fe_LotRecipeRowCheckCreateByRecipe,c05dcd762e4b4b5a99224c48445d7683,3
50331,05/05/2026 06:12:35,INSERT in LOT_RECIPE_ROW TAG: [GI4_RECIPE_Data_OP10_PTL_2_CellUnion] value: [0] (FROM RECIPE_ROW) recipeId: [8909c826316c4467978350acb28bd10f] tagID=[1da4b4e89476455ba061456cde4d84bc] set TAG_NEW=0,DB DEBUG,fe_LotRecipeRowCheckCreateByRecipe,c05dcd762e4b4b5a99224c48445d7683,3
50332,05/05/2026 06:12:35,INSERT in LOT_RECIPE_ROW TAG: [GI4_RECIPE_Data_OP30_PTL_14_Qta] value: [1] (FROM RECIPE_ROW) recipeId: [8909c826316c4467978350acb28bd10f] tagID=[1e1a67aab00c40568e55d6a9cb7e929c] set TAG_NEW=0,DB DEBUG,fe_LotRecipeRowCheckCreateByRecipe,c05dcd762e4b4b5a99224c48445d7683,3
50333,05/05/2026 06:12:35,INSERT in LOT_RECIPE_ROW TAG: [GI4_RECIPE_Data_OP30_PTL_9_Cell] value: [0] (FROM RECIPE_ROW) recipeId: [8909c826316c4467978350acb28bd10f] tagID=[1e41bea737484150b9810803137db848] set TAG_NEW=0,DB DEBUG,fe_LotRecipeRowCheckCreateByRecipe,c05dcd762e4b4b5a99224c48445d7683,3
50334,05/05/2026 06:12:35,INSERT in LOT_RECIPE_ROW TAG: [GI4_RECIPE_Data_OP10_PTL_28_PartNumber] value: [] (FROM RECIPE_ROW) recipeId: [8909c826316c4467978350acb28bd10f] tagID=[1e6514dd3aa241ddaf46cfba71deda8d] set TAG_NEW=0,DB DEBUG,fe_LotRecipeRowCheckCreateByRecipe,c05dcd762e4b4b5a99224c48445d7683,3
50335,05/05/2026 06:12:35,INSERT in LOT_RECIPE_ROW TAG: [GI4_RECIPE_Data_OP10_PTL_11_CellUnion] value: [0] (FROM RECIPE_ROW) recipeId: [8909c826316c4467978350acb28bd10f] tagID=[1e73099add0d4761b3fb96855bcce8ba] set TAG_NEW=0,DB DEBUG,fe_LotRecipeRowCheckCreateByRecipe,c05dcd762e4b4b5a99224c48445d7683,3
50336,05/05/2026 06:12:35,INSERT in LOT_RECIPE_ROW TAG: [GI4_RECIPE_Data_OP30_PTL_30_PartNumber] value: [] (FROM RECIPE_ROW) recipeId: [8909c826316c4467978350acb28bd10f] tagID=[1ec5b337bccb4f388faef9b1b78fe39d] set TAG_NEW=0,DB DEBUG,fe_LotRecipeRowCheckCreateByRecipe,c05dcd762e4b4b5a99224c48445d7683,3
50337,05/05/2026 06:12:35,INSERT in LOT_RECIPE_ROW TAG: [GI4_RECIPE_Data_OP10_PTL_18_PartNumber] value: [] (FROM RECIPE_ROW) recipeId: [8909c826316c4467978350acb28bd10f] tagID=[1fd38a7c7dd64cfbb9a03b2acf6d6f9e] set TAG_NEW=0,DB DEBUG,fe_LotRecipeRowCheckCreateByRecipe,c05dcd762e4b4b5a99224c48445d7683,3
50338,05/05/2026 06:12:35,INSERT in LOT_RECIPE_ROW TAG: [GI4_RECIPE_Data_OP10_PTL_18_Cell] value: [0] (FROM RECIPE_ROW) recipeId: [8909c826316c4467978350acb28bd10f] tagID=[200054d0678e43aab0d9f82753270661] set TAG_NEW=0,DB DEBUG,fe_LotRecipeRowCheckCreateByRecipe,c05dcd762e4b4b5a99224c48445d7683,3
50339,05/05/2026 06:12:35,INSERT in LOT_RECIPE_ROW TAG: [GI4_RECIPE_Data_OP30_PTL_9_CellUnion] value: [0] (FROM RECIPE_ROW) recipeId: [8909c826316c4467978350acb28bd10f] tagID=[2117c8a6f98640dea219faa2b6243584] set TAG_NEW=0,DB DEBUG,fe_LotRecipeRowCheckCreateByRecipe,c05dcd762e4b4b5a99224c48445d7683,3
50340,05/05/2026 06:12:35,INSERT in LOT_RECIPE_ROW TAG: [GI4_RECIPE_Data_MasterModelCode] value: [SNP3NN/063RN01BAP1F7F6NNNN/NNNNN] (FROM RECIPE_ROW) recipeId: [8909c826316c4467978350acb28bd10f] tagID=[2295f1d9dbe3459691489299eb02429f] set TAG_NEW=0,DB DEBUG,fe_LotRecipeRowCheckCreateByRecipe,c05dcd762e4b4b5a99224c48445d7683,3
50341,05/05/2026 06:12:35,INSERT in LOT_RECIPE_ROW TAG: [GI4_RECIPE_Data_OP10_PTL_22_CellUnion] value: [0] (FROM RECIPE_ROW) recipeId: [8909c826316c4467978350acb28bd10f] tagID=[22d2c12d88084e9491c910a201e38e0d] set TAG_NEW=0,DB DEBUG,fe_LotRecipeRowCheckCreateByRecipe,c05dcd762e4b4b5a99224c48445d7683,3
50342,05/05/2026 06:12:35,INSERT in LOT_RECIPE_ROW TAG: [GI4_RECIPE_Data_OP30_PTL_25_CellUnion] value: [0] (FROM RECIPE_ROW) recipeId: [8909c826316c4467978350acb28bd10f] tagID=[23490577e94b461fad46e23ebd9cdb89] set TAG_NEW=0,DB DEBUG,fe_LotRecipeRowCheckCreateByRecipe,c05dcd762e4b4b5a99224c48445d7683,3
50343,05/05/2026 06:12:35,INSERT in LOT_RECIPE_ROW TAG: [GI4_RECIPE_Data_OP10_PTL_16_CellUnion] value: [0] (FROM RECIPE_ROW) recipeId: [8909c826316c4467978350acb28bd10f] tagID=[23526c0d4cc14b0b8445d664756087d9] set TAG_NEW=0,DB DEBUG,fe_LotRecipeRowCheckCreateByRecipe,c05dcd762e4b4b5a99224c48445d7683,3
50344,05/05/2026 06:12:35,INSERT in LOT_RECIPE_ROW TAG: [GI4_RECIPE_Data_OP30_PTL_10_CellUnion] value: [0] (FROM RECIPE_ROW) recipeId: [8909c826316c4467978350acb28bd10f] tagID=[236ecfef4bc94a9ebfb403c825ec2cb8] set TAG_NEW=0,DB DEBUG,fe_LotRecipeRowCheckCreateByRecipe,c05dcd762e4b4b5a99224c48445d7683,3
50345,05/05/2026 06:12:35,INSERT in LOT_RECIPE_ROW TAG: [GI4_RECIPE_Data_OP30_PTL_6_Cell] value: [0] (FROM RECIPE_ROW) recipeId: [8909c826316c4467978350acb28bd10f] tagID=[239ff647bb7c4b78b16fb964e8ea5c65] set TAG_NEW=0,DB DEBUG,fe_LotRecipeRowCheckCreateByRecipe,c05dcd762e4b4b5a99224c48445d7683,3
50346,05/05/2026 06:12:35,INSERT in LOT_RECIPE_ROW TAG: [GI4_RECIPE_Data_OP10_PTL_18_CellUnion] value: [0] (FROM RECIPE_ROW) recipeId: [8909c826316c4467978350acb28bd10f] tagID=[24788739016145d2a6de1e84726b4509] set TAG_NEW=0,DB DEBUG,fe_LotRecipeRowCheckCreateByRecipe,c05dcd762e4b4b5a99224c48445d7683,3
50347,05/05/2026 06:12:35,INSERT in LOT_RECIPE_ROW TAG: [GI4_RECIPE_Data_OP10_PTL_29_CellUnion] value: [0] (FROM RECIPE_ROW) recipeId: [8909c826316c4467978350acb28bd10f] tagID=[2547ffd6de24486f86b1235208d06d8b] set TAG_NEW=0,DB DEBUG,fe_LotRecipeRowCheckCreateByRecipe,c05dcd762e4b4b5a99224c48445d7683,3
50348,05/05/2026 06:12:35,INSERT in LOT_RECIPE_ROW TAG: [GI4_RECIPE_Data_OP10_PTL_21_CellUnion] value: [0] (FROM RECIPE_ROW) recipeId: [8909c826316c4467978350acb28bd10f] tagID=[2768d9617f784288aada7d9eef63d70c] set TAG_NEW=0,DB DEBUG,fe_LotRecipeRowCheckCreateByRecipe,c05dcd762e4b4b5a99224c48445d7683,3
50349,05/05/2026 06:12:35,INSERT in LOT_RECIPE_ROW TAG: [GI4_RECIPE_Data_OP30_PTL_25_Description] value: [] (FROM RECIPE_ROW) recipeId: [8909c826316c4467978350acb28bd10f] tagID=[27b140c810ec405994079df3f60de1e2] set TAG_NEW=0,DB DEBUG,fe_LotRecipeRowCheckCreateByRecipe,c05dcd762e4b4b5a99224c48445d7683,3
50350,05/05/2026 06:12:35,INSERT in LOT_RECIPE_ROW TAG: [GI4_RECIPE_Data_OP30_PTL_4_CellUnion] value: [0] (FROM RECIPE_ROW) recipeId: [8909c826316c4467978350acb28bd10f] tagID=[29c462d549fb42e1b052a86a35b11f12] set TAG_NEW=0,DB DEBUG,fe_LotRecipeRowCheckCreateByRecipe,c05dcd762e4b4b5a99224c48445d7683,3
50351,05/05/2026 06:12:35,INSERT in LOT_RECIPE_ROW TAG: [GI4_RECIPE_Data_OP10_PTL_10_CellUnion] value: [0] (FROM RECIPE_ROW) recipeId: [8909c826316c4467978350acb28bd10f] tagID=[2b0617f17e5f46729f228a527a408fdc] set TAG_NEW=0,DB DEBUG,fe_LotRecipeRowCheckCreateByRecipe,c05dcd762e4b4b5a99224c48445d7683,3
50352,05/05/2026 06:12:35,INSERT in LOT_RECIPE_ROW TAG: [GI4_RECIPE_Data_OP10_PTL_5_Qta] value: [1] (FROM RECIPE_ROW) recipeId: [8909c826316c4467978350acb28bd10f] tagID=[2b5decc799564bc88555d022c4ea85a3] set TAG_NEW=0,DB DEBUG,fe_LotRecipeRowCheckCreateByRecipe,c05dcd762e4b4b5a99224c48445d7683,3
50353,05/05/2026 06:12:35,INSERT in LOT_RECIPE_ROW TAG: [GI4_RECIPE_Data_OP10_PTL_24_Cell] value: [0] (FROM RECIPE_ROW) recipeId: [8909c826316c4467978350acb28bd10f] tagID=[2efc21b5f4fd41a6b3b388597dc3adb3] set TAG_NEW=0,DB DEBUG,fe_LotRecipeRowCheckCreateByRecipe,c05dcd762e4b4b5a99224c48445d7683,3
50354,05/05/2026 06:12:35,INSERT in LOT_RECIPE_ROW TAG: [GI4_RECIPE_Data_OP10_PTL_13_Cell] value: [0] (FROM RECIPE_ROW) recipeId: [8909c826316c4467978350acb28bd10f] tagID=[2efd39cf088b44fa9e8c5d457d66450b] set TAG_NEW=0,DB DEBUG,fe_LotRecipeRowCheckCreateByRecipe,c05dcd762e4b4b5a99224c48445d7683,3
50355,05/05/2026 06:12:35,INSERT in LOT_RECIPE_ROW TAG: [GI4_RECIPE_Data_OP10_PTL_21_Description] value: [] (FROM RECIPE_ROW) recipeId: [8909c826316c4467978350acb28bd10f] tagID=[2f012265fcf54daaa75a2db2cb2ccaad] set TAG_NEW=0,DB DEBUG,fe_LotRecipeRowCheckCreateByRecipe,c05dcd762e4b4b5a99224c48445d7683,3
50356,05/05/2026 06:12:35,INSERT in LOT_RECIPE_ROW TAG: [GI4_RECIPE_Data_DustCover] value: [0] (FROM RECIPE_ROW) recipeId: [8909c826316c4467978350acb28bd10f] tagID=[2f62647d508c427c9d0593d21d9f9a96] set TAG_NEW=0,DB DEBUG,fe_LotRecipeRowCheckCreateByRecipe,c05dcd762e4b4b5a99224c48445d7683,3
50357,05/05/2026 06:12:35,INSERT in LOT_RECIPE_ROW TAG: [GI4_RECIPE_Data_OP10_PTL_32_Cell] value: [0] (FROM RECIPE_ROW) recipeId: [8909c826316c4467978350acb28bd10f] tagID=[30cf96ca4b834ee2b9a7eb56df1b6aea] set TAG_NEW=0,DB DEBUG,fe_LotRecipeRowCheckCreateByRecipe,c05dcd762e4b4b5a99224c48445d7683,3
50358,05/05/2026 06:12:35,INSERT in LOT_RECIPE_ROW TAG: [GI4_RECIPE_Data_OP30_PTL_6_CellUnion] value: [0] (FROM RECIPE_ROW) recipeId: [8909c826316c4467978350acb28bd10f] tagID=[3165fec2bb354085abd7e63466d042a6] set TAG_NEW=0,DB DEBUG,fe_LotRecipeRowCheckCreateByRecipe,c05dcd762e4b4b5a99224c48445d7683,3
50359,05/05/2026 06:12:35,INSERT in LOT_RECIPE_ROW TAG: [GI4_RECIPE_Data_PrintType] value: [1] (FROM RECIPE_ROW) recipeId: [8909c826316c4467978350acb28bd10f] tagID=[319e60a433a54b1986e7af6ab5b36d6e] set TAG_NEW=0,DB DEBUG,fe_LotRecipeRowCheckCreateByRecipe,c05dcd762e4b4b5a99224c48445d7683,3
50360,05/05/2026 06:12:35,INSERT in LOT_RECIPE_ROW TAG: [GI4_RECIPE_Data_OP10_PTL_25_CellUnion] value: [0] (FROM RECIPE_ROW) recipeId: [8909c826316c4467978350acb28bd10f] tagID=[31ad5d3c1e3a45f199917e67426ed441] set TAG_NEW=0,DB DEBUG,fe_LotRecipeRowCheckCreateByRecipe,c05dcd762e4b4b5a99224c48445d7683,3
50361,05/05/2026 06:12:35,INSERT in LOT_RECIPE_ROW TAG: [GI4_RECIPE_Data_OP30_PTL_13_Cell] value: [22] (FROM RECIPE_ROW) recipeId: [8909c826316c4467978350acb28bd10f] tagID=[322607fdab0d48e482f702551a084233] set TAG_NEW=0,DB DEBUG,fe_LotRecipeRowCheckCreateByRecipe,c05dcd762e4b4b5a99224c48445d7683,3
50362,05/05/2026 06:12:35,INSERT in LOT_RECIPE_ROW TAG: [GI4_RECIPE_Data_OP30_PTL_19_CellUnion] value: [0] (FROM RECIPE_ROW) recipeId: [8909c826316c4467978350acb28bd10f] tagID=[32b489d628b8417fb1b585cd49fd61c7] set TAG_NEW=0,DB DEBUG,fe_LotRecipeRowCheckCreateByRecipe,c05dcd762e4b4b5a99224c48445d7683,3
50363,05/05/2026 06:12:35,INSERT in LOT_RECIPE_ROW TAG: [GI4_RECIPE_Data_OP10_PTL_4_Cell] value: [32] (FROM RECIPE_ROW) recipeId: [8909c826316c4467978350acb28bd10f] tagID=[336e0993097945d5b1a95047881dcb0d] set TAG_NEW=0,DB DEBUG,fe_LotRecipeRowCheckCreateByRecipe,c05dcd762e4b4b5a99224c48445d7683,3
50364,05/05/2026 06:12:35,INSERT in LOT_RECIPE_ROW TAG: [GI4_RECIPE_Data_OP30_PTL_2_CellUnion] value: [0] (FROM RECIPE_ROW) recipeId: [8909c826316c4467978350acb28bd10f] tagID=[34ba42b7560e4ee9a12fd1944c5aa703] set TAG_NEW=0,DB DEBUG,fe_LotRecipeRowCheckCreateByRecipe,c05dcd762e4b4b5a99224c48445d7683,3
50365,05/05/2026 06:12:35,INSERT in LOT_RECIPE_ROW TAG: [GI4_RECIPE_Data_OP10_PTL_13_Qta] value: [0] (FROM RECIPE_ROW) recipeId: [8909c826316c4467978350acb28bd10f] tagID=[34eb2b59a3134746953e9611d408d2e6] set TAG_NEW=0,DB DEBUG,fe_LotRecipeRowCheckCreateByRecipe,c05dcd762e4b4b5a99224c48445d7683,3
50366,05/05/2026 06:12:35,INSERT in LOT_RECIPE_ROW TAG: [GI4_RECIPE_Data_OP30_PTL_7_Qta] value: [2] (FROM RECIPE_ROW) recipeId: [8909c826316c4467978350acb28bd10f] tagID=[3640890fbc5649c38727f3cec1b1e5f2] set TAG_NEW=0,DB DEBUG,fe_LotRecipeRowCheckCreateByRecipe,c05dcd762e4b4b5a99224c48445d7683,3
50367,05/05/2026 06:12:35,INSERT in LOT_RECIPE_ROW TAG: [GI4_RECIPE_Data_OP10_PTL_15_Description] value: [] (FROM RECIPE_ROW) recipeId: [8909c826316c4467978350acb28bd10f] tagID=[3654183a50bf43b7b64146ef7d9442b0] set TAG_NEW=0,DB DEBUG,fe_LotRecipeRowCheckCreateByRecipe,c05dcd762e4b4b5a99224c48445d7683,3
50368,05/05/2026 06:12:35,INSERT in LOT_RECIPE_ROW TAG: [GI4_RECIPE_Data_OP30_PTL_13_Qta] value: [1] (FROM RECIPE_ROW) recipeId: [8909c826316c4467978350acb28bd10f] tagID=[374dd1ca558346c198cd868b38086280] set TAG_NEW=0,DB DEBUG,fe_LotRecipeRowCheckCreateByRecipe,c05dcd762e4b4b5a99224c48445d7683,3
50369,05/05/2026 06:12:35,INSERT in LOT_RECIPE_ROW TAG: [GI4_RECIPE_Data_OP30_PTL_24_Qta] value: [0] (FROM RECIPE_ROW) recipeId: [8909c826316c4467978350acb28bd10f] tagID=[37f0f3807d804fec9537deac883d8fa7] set TAG_NEW=0,DB DEBUG,fe_LotRecipeRowCheckCreateByRecipe,c05dcd762e4b4b5a99224c48445d7683,3
50370,05/05/2026 06:12:35,INSERT in LOT_RECIPE_ROW TAG: [GI4_RECIPE_Data_OP10_PTL_8_Qta] value: [0] (FROM RECIPE_ROW) recipeId: [8909c826316c4467978350acb28bd10f] tagID=[3815c76174064515bafb801007a14614] set TAG_NEW=0,DB DEBUG,fe_LotRecipeRowCheckCreateByRecipe,c05dcd762e4b4b5a99224c48445d7683,3
50371,05/05/2026 06:12:35,INSERT in LOT_RECIPE_ROW TAG: [GI4_RECIPE_Data_OP30_PTL_31_Description] value: [] (FROM RECIPE_ROW) recipeId: [8909c826316c4467978350acb28bd10f] tagID=[3887fc96aa2b47d691405d5804130797] set TAG_NEW=0,DB DEBUG,fe_LotRecipeRowCheckCreateByRecipe,c05dcd762e4b4b5a99224c48445d7683,3
50372,05/05/2026 06:12:35,INSERT in LOT_RECIPE_ROW TAG: [GI4_RECIPE_Data_OP10_PTL_31_Description] value: [] (FROM RECIPE_ROW) recipeId: [8909c826316c4467978350acb28bd10f] tagID=[38ae032c2f984468887d6b24690bab51] set TAG_NEW=0,DB DEBUG,fe_LotRecipeRowCheckCreateByRecipe,c05dcd762e4b4b5a99224c48445d7683,3
50373,05/05/2026 06:12:35,INSERT in LOT_RECIPE_ROW TAG: [GI4_RECIPE_Data_OP10_PTL_15_Cell] value: [0] (FROM RECIPE_ROW) recipeId: [8909c826316c4467978350acb28bd10f] tagID=[39d7e17fb1c44fa796f5f098e86ec7c2] set TAG_NEW=0,DB DEBUG,fe_LotRecipeRowCheckCreateByRecipe,c05dcd762e4b4b5a99224c48445d7683,3
50374,05/05/2026 06:12:35,INSERT in LOT_RECIPE_ROW TAG: [GI4_RECIPE_Data_OP30_PTL_10_PartNumber] value: [5719.56.3194] (FROM RECIPE_ROW) recipeId: [8909c826316c4467978350acb28bd10f] tagID=[3a58c2366cbe4e0a840abbf4b877bace] set TAG_NEW=0,DB DEBUG,fe_LotRecipeRowCheckCreateByRecipe,c05dcd762e4b4b5a99224c48445d7683,3
50375,05/05/2026 06:12:35,INSERT in LOT_RECIPE_ROW TAG: [GI4_RECIPE_Data_OP30_PTL_1_CellUnion] value: [0] (FROM RECIPE_ROW) recipeId: [8909c826316c4467978350acb28bd10f] tagID=[3c3f4f6aea224e839c16ff9fc3cc6614] set TAG_NEW=0,DB DEBUG,fe_LotRecipeRowCheckCreateByRecipe,c05dcd762e4b4b5a99224c48445d7683,3
50376,05/05/2026 06:12:35,INSERT in LOT_RECIPE_ROW TAG: [GI4_RECIPE_Data_OP30_PTL_31_CellUnion] value: [0] (FROM RECIPE_ROW) recipeId: [8909c826316c4467978350acb28bd10f] tagID=[3d7cfd99b4bf4f8bb1da36f1892edb19] set TAG_NEW=0,DB DEBUG,fe_LotRecipeRowCheckCreateByRecipe,c05dcd762e4b4b5a99224c48445d7683,3
50377,05/05/2026 06:12:35,INSERT in LOT_RECIPE_ROW TAG: [GI4_RECIPE_Data_OP10_PTL_12_Qta] value: [0] (FROM RECIPE_ROW) recipeId: [8909c826316c4467978350acb28bd10f] tagID=[3ee6c1a275af4d5694f2a55c97d228e0] set TAG_NEW=0,DB DEBUG,fe_LotRecipeRowCheckCreateByRecipe,c05dcd762e4b4b5a99224c48445d7683,3
50378,05/05/2026 06:12:35,INSERT in LOT_RECIPE_ROW TAG: [GI4_RECIPE_Data_OP30_PTL_6_Description] value: [ROND.DI SICUREZZA SNP3/ CO01-] (FROM RECIPE_ROW) recipeId: [8909c826316c4467978350acb28bd10f] tagID=[3fbdcfa4cbe54f72b48bbfa700784f6d] set TAG_NEW=0,DB DEBUG,fe_LotRecipeRowCheckCreateByRecipe,c05dcd762e4b4b5a99224c48445d7683,3
50379,05/05/2026 06:12:35,INSERT in LOT_RECIPE_ROW TAG: [GI4_RECIPE_Data_OP10_PTL_30_PartNumber] value: [] (FROM RECIPE_ROW) recipeId: [8909c826316c4467978350acb28bd10f] tagID=[401705b05b084c8b9289298d3fd0a8ea] set TAG_NEW=0,DB DEBUG,fe_LotRecipeRowCheckCreateByRecipe,c05dcd762e4b4b5a99224c48445d7683,3
50380,05/05/2026 06:12:35,INSERT in LOT_RECIPE_ROW TAG: [GI4_RECIPE_Data_OP30_PTL_20_Description] value: [] (FROM RECIPE_ROW) recipeId: [8909c826316c4467978350acb28bd10f] tagID=[40cee7fa97544d93a7248677d41157bd] set TAG_NEW=0,DB DEBUG,fe_LotRecipeRowCheckCreateByRecipe,c05dcd762e4b4b5a99224c48445d7683,3
50381,05/05/2026 06:12:35,INSERT in LOT_RECIPE_ROW TAG: [GI4_RECIPE_Data_OP10_PTL_14_PartNumber] value: [] (FROM RECIPE_ROW) recipeId: [8909c826316c4467978350acb28bd10f] tagID=[41079ba74b494fccb40a24a1128e5978] set TAG_NEW=0,DB DEBUG,fe_LotRecipeRowCheckCreateByRecipe,c05dcd762e4b4b5a99224c48445d7683,3
50382,05/05/2026 06:12:35,INSERT in LOT_RECIPE_ROW TAG: [GI4_RECIPE_Data_OP10_PTL_32_Qta] value: [0] (FROM RECIPE_ROW) recipeId: [8909c826316c4467978350acb28bd10f] tagID=[419f031a45ae4fd783a01f9ca22c0922] set TAG_NEW=0,DB DEBUG,fe_LotRecipeRowCheckCreateByRecipe,c05dcd762e4b4b5a99224c48445d7683,3
50383,05/05/2026 06:12:35,INSERT in LOT_RECIPE_ROW TAG: [GI4_RECIPE_Data_OP10_PTL_7_CellUnion] value: [0] (FROM RECIPE_ROW) recipeId: [8909c826316c4467978350acb28bd10f] tagID=[42f00b8edc9e43b6a4fdcb04b160c33d] set TAG_NEW=0,DB DEBUG,fe_LotRecipeRowCheckCreateByRecipe,c05dcd762e4b4b5a99224c48445d7683,3
50384,05/05/2026 06:12:35,INSERT in LOT_RECIPE_ROW TAG: [GI4_RECIPE_Data_OP30_PTL_15_Cell] value: [21] (FROM RECIPE_ROW) recipeId: [8909c826316c4467978350acb28bd10f] tagID=[43ca04a60779487a9bad4b18e6857c08] set TAG_NEW=0,DB DEBUG,fe_LotRecipeRowCheckCreateByRecipe,c05dcd762e4b4b5a99224c48445d7683,3
50385,05/05/2026 06:12:35,INSERT in LOT_RECIPE_ROW TAG: [GI4_RECIPE_Data_OP30_PTL_13_PartNumber] value: [314.0059.0.00] (FROM RECIPE_ROW) recipeId: [8909c826316c4467978350acb28bd10f] tagID=[4419482991d445749bca6c4b6b6b4edc] set TAG_NEW=0,DB DEBUG,fe_LotRecipeRowCheckCreateByRecipe,c05dcd762e4b4b5a99224c48445d7683,3
50386,05/05/2026 06:12:35,INSERT in LOT_RECIPE_ROW TAG: [GI4_RECIPE_Data_OP10_PTL_1_Cell] value: [21] (FROM RECIPE_ROW) recipeId: [8909c826316c4467978350acb28bd10f] tagID=[445a0a3d4bb74ef4a33c63abd027367f] set TAG_NEW=0,DB DEBUG,fe_LotRecipeRowCheckCreateByRecipe,c05dcd762e4b4b5a99224c48445d7683,3
50387,05/05/2026 06:12:35,INSERT in LOT_RECIPE_ROW TAG: [GI4_RECIPE_Data_OP10_PTL_18_Description] value: [] (FROM RECIPE_ROW) recipeId: [8909c826316c4467978350acb28bd10f] tagID=[4515e7b7d1c6485fab728fa4a0d40a7c] set TAG_NEW=0,DB DEBUG,fe_LotRecipeRowCheckCreateByRecipe,c05dcd762e4b4b5a99224c48445d7683,3
50388,05/05/2026 06:12:35,INSERT in LOT_RECIPE_ROW TAG: [GI4_RECIPE_Data_OP10_PTL_28_Qta] value: [0] (FROM RECIPE_ROW) recipeId: [8909c826316c4467978350acb28bd10f] tagID=[45cc5e117ed44c818f34976704160f11] set TAG_NEW=0,DB DEBUG,fe_LotRecipeRowCheckCreateByRecipe,c05dcd762e4b4b5a99224c48445d7683,3
50389,05/05/2026 06:12:35,INSERT in LOT_RECIPE_ROW TAG: [GI4_RECIPE_Data_OP10_PTL_14_Qta] value: [0] (FROM RECIPE_ROW) recipeId: [8909c826316c4467978350acb28bd10f] tagID=[4623827bfdd14033b163c177d300643d] set TAG_NEW=0,DB DEBUG,fe_LotRecipeRowCheckCreateByRecipe,c05dcd762e4b4b5a99224c48445d7683,3
50390,05/05/2026 06:12:35,INSERT in LOT_RECIPE_ROW TAG: [GI4_RECIPE_Data_OP10_PTL_19_PartNumber] value: [] (FROM RECIPE_ROW) recipeId: [8909c826316c4467978350acb28bd10f] tagID=[46764792305a424895b35614266a4c04] set TAG_NEW=0,DB DEBUG,fe_LotRecipeRowCheckCreateByRecipe,c05dcd762e4b4b5a99224c48445d7683,3
50391,05/05/2026 06:12:35,INSERT in LOT_RECIPE_ROW TAG: [GI4_RECIPE_Data_OP10_PTL_5_PartNumber] value: [11282842] (FROM RECIPE_ROW) recipeId: [8909c826316c4467978350acb28bd10f] tagID=[4680db2a528748c2a56f1bfc1c19e36f] set TAG_NEW=0,DB DEBUG,fe_LotRecipeRowCheckCreateByRecipe,c05dcd762e4b4b5a99224c48445d7683,3
50392,05/05/2026 06:12:35,INSERT in LOT_RECIPE_ROW TAG: [GI4_RECIPE_Data_OP30_PTL_14_Description] value: [AN.ANTIESTR.PIASTRA SNP3] (FROM RECIPE_ROW) recipeId: [8909c826316c4467978350acb28bd10f] tagID=[4812e17c8ac14e9a9c0ef1b4b4696b0b] set TAG_NEW=0,DB DEBUG,fe_LotRecipeRowCheckCreateByRecipe,c05dcd762e4b4b5a99224c48445d7683,3
50393,05/05/2026 06:12:35,INSERT in LOT_RECIPE_ROW TAG: [GI4_RECIPE_Data_OP10_PTL_13_Description] value: [] (FROM RECIPE_ROW) recipeId: [8909c826316c4467978350acb28bd10f] tagID=[481f37fd3f434301a285d9eb50975753] set TAG_NEW=0,DB DEBUG,fe_LotRecipeRowCheckCreateByRecipe,c05dcd762e4b4b5a99224c48445d7683,3
50394,05/05/2026 06:12:35,INSERT in LOT_RECIPE_ROW TAG: [GI4_RECIPE_Data_OP10_PTL_14_CellUnion] value: [0] (FROM RECIPE_ROW) recipeId: [8909c826316c4467978350acb28bd10f] tagID=[482a148a641642c58bbdd9465d6b17be] set TAG_NEW=0,DB DEBUG,fe_LotRecipeRowCheckCreateByRecipe,c05dcd762e4b4b5a99224c48445d7683,3
50395,05/05/2026 06:12:35,INSERT in LOT_RECIPE_ROW TAG: [GI4_RECIPE_Data_OP30_PTL_11_PartNumber] value: [5725.20.3675] (FROM RECIPE_ROW) recipeId: [8909c826316c4467978350acb28bd10f] tagID=[48aacd5c08a34d18bbf3bb7419fa3ab4] set TAG_NEW=0,DB DEBUG,fe_LotRecipeRowCheckCreateByRecipe,c05dcd762e4b4b5a99224c48445d7683,3
50396,05/05/2026 06:12:35,INSERT in LOT_RECIPE_ROW TAG: [GI4_RECIPE_Data_OP30_PTL_10_Qta] value: [2] (FROM RECIPE_ROW) recipeId: [8909c826316c4467978350acb28bd10f] tagID=[48e969b5856d4c9d82336b1e072b1bba] set TAG_NEW=0,DB DEBUG,fe_LotRecipeRowCheckCreateByRecipe,c05dcd762e4b4b5a99224c48445d7683,3
50397,05/05/2026 06:12:35,INSERT in LOT_RECIPE_ROW TAG: [GI4_RECIPE_Data_OP10_PTL_4_Description] value: [MEZZO CORPO INSERIMENTO BOCCOLE] (FROM RECIPE_ROW) recipeId: [8909c826316c4467978350acb28bd10f] tagID=[490e6e11bbd44c5f92fcf23dcb7868d6] set TAG_NEW=0,DB DEBUG,fe_LotRecipeRowCheckCreateByRecipe,c05dcd762e4b4b5a99224c48445d7683,3
50398,05/05/2026 06:12:35,INSERT in LOT_RECIPE_ROW TAG: [GI4_RECIPE_Data_OP10_PTL_3_Cell] value: [29] (FROM RECIPE_ROW) recipeId: [8909c826316c4467978350acb28bd10f] tagID=[49b0dafee5f943f0a8d84312bad8611a] set TAG_NEW=0,DB DEBUG,fe_LotRecipeRowCheckCreateByRecipe,c05dcd762e4b4b5a99224c48445d7683,3
50399,05/05/2026 06:12:35,INSERT in LOT_RECIPE_ROW TAG: [GI4_RECIPE_Data_OP30_PTL_28_Description] value: [] (FROM RECIPE_ROW) recipeId: [8909c826316c4467978350acb28bd10f] tagID=[49f3d1cc98f8462c8a4ef61f780ddf08] set TAG_NEW=0,DB DEBUG,fe_LotRecipeRowCheckCreateByRecipe,c05dcd762e4b4b5a99224c48445d7683,3
50400,05/05/2026 06:12:35,INSERT in LOT_RECIPE_ROW TAG: [GI4_RECIPE_Data_OP10_PTL_27_CellUnion] value: [0] (FROM RECIPE_ROW) recipeId: [8909c826316c4467978350acb28bd10f] tagID=[4b1b0cb013494461badadf4283640f8a] set TAG_NEW=0,DB DEBUG,fe_LotRecipeRowCheckCreateByRecipe,c05dcd762e4b4b5a99224c48445d7683,3
50401,05/05/2026 06:12:35,INSERT in LOT_RECIPE_ROW TAG: [GI4_RECIPE_Data_OP10_PTL_25_Cell] value: [0] (FROM RECIPE_ROW) recipeId: [8909c826316c4467978350acb28bd10f] tagID=[4b2c313fdbbb4fc8b7fa68e6442dfb06] set TAG_NEW=0,DB DEBUG,fe_LotRecipeRowCheckCreateByRecipe,c05dcd762e4b4b5a99224c48445d7683,3
50402,05/05/2026 06:12:35,INSERT in LOT_RECIPE_ROW TAG: [GI4_RECIPE_Data_OP10_PTL_27_Qta] value: [0] (FROM RECIPE_ROW) recipeId: [8909c826316c4467978350acb28bd10f] tagID=[4b3bed976f0741a480651833cf858964] set TAG_NEW=0,DB DEBUG,fe_LotRecipeRowCheckCreateByRecipe,c05dcd762e4b4b5a99224c48445d7683,3
50403,05/05/2026 06:12:35,INSERT in LOT_RECIPE_ROW TAG: [GI4_RECIPE_Data_OP30_PTL_3_PartNumber] value: [11310055] (FROM RECIPE_ROW) recipeId: [8909c826316c4467978350acb28bd10f] tagID=[4ed4ea17a6e443da814e915f4e0eebca] set TAG_NEW=0,DB DEBUG,fe_LotRecipeRowCheckCreateByRecipe,c05dcd762e4b4b5a99224c48445d7683,3
50404,05/05/2026 06:12:35,INSERT in LOT_RECIPE_ROW TAG: [GI4_RECIPE_Data_OP30_PTL_29_Description] value: [] (FROM RECIPE_ROW) recipeId: [8909c826316c4467978350acb28bd10f] tagID=[4fe4256f09984cc79b53e11577aaa370] set TAG_NEW=0,DB DEBUG,fe_LotRecipeRowCheckCreateByRecipe,c05dcd762e4b4b5a99224c48445d7683,3
50405,05/05/2026 06:12:35,INSERT in LOT_RECIPE_ROW TAG: [GI4_RECIPE_Data_OP10_PTL_15_PartNumber] value: [] (FROM RECIPE_ROW) recipeId: [8909c826316c4467978350acb28bd10f] tagID=[502efda3303d433784fe5a00838bfb2e] set TAG_NEW=0,DB DEBUG,fe_LotRecipeRowCheckCreateByRecipe,c05dcd762e4b4b5a99224c48445d7683,3
50406,05/05/2026 06:12:35,INSERT in LOT_RECIPE_ROW TAG: [GI4_RECIPE_Data_OP30_PTL_17_CellUnion] value: [0] (FROM RECIPE_ROW) recipeId: [8909c826316c4467978350acb28bd10f] tagID=[50cb8a570948434c90b3f988ba71da55] set TAG_NEW=0,DB DEBUG,fe_LotRecipeRowCheckCreateByRecipe,c05dcd762e4b4b5a99224c48445d7683,3
50407,05/05/2026 06:12:35,INSERT in LOT_RECIPE_ROW TAG: [GI4_RECIPE_Data_OP30_PTL_9_Qta] value: [2] (FROM RECIPE_ROW) recipeId: [8909c826316c4467978350acb28bd10f] tagID=[520695cbf77546e5812b02406ba8f089] set TAG_NEW=0,DB DEBUG,fe_LotRecipeRowCheckCreateByRecipe,c05dcd762e4b4b5a99224c48445d7683,3
50408,05/05/2026 06:12:35,INSERT in LOT_RECIPE_ROW TAG: [GI4_RECIPE_Data_OP30_PTL_23_PartNumber] value: [] (FROM RECIPE_ROW) recipeId: [8909c826316c4467978350acb28bd10f] tagID=[5254844f547a4af8be22211789229c78] set TAG_NEW=0,DB DEBUG,fe_LotRecipeRowCheckCreateByRecipe,c05dcd762e4b4b5a99224c48445d7683,3
50409,05/05/2026 06:12:35,INSERT in LOT_RECIPE_ROW TAG: [GI4_RECIPE_Data_OP30_PTL_11_CellUnion] value: [0] (FROM RECIPE_ROW) recipeId: [8909c826316c4467978350acb28bd10f] tagID=[542a972a13dc494e86b9abf10c77596d] set TAG_NEW=0,DB DEBUG,fe_LotRecipeRowCheckCreateByRecipe,c05dcd762e4b4b5a99224c48445d7683,3
50410,05/05/2026 06:12:35,INSERT in LOT_RECIPE_ROW TAG: [GI4_RECIPE_Data_OP10_PTL_19_Description] value: [] (FROM RECIPE_ROW) recipeId: [8909c826316c4467978350acb28bd10f] tagID=[54addfcba5fc49df8855e0ac48785799] set TAG_NEW=0,DB DEBUG,fe_LotRecipeRowCheckCreateByRecipe,c05dcd762e4b4b5a99224c48445d7683,3
50411,05/05/2026 06:12:35,INSERT in LOT_RECIPE_ROW TAG: [GI4_RECIPE_Data_OP30_PTL_20_PartNumber] value: [] (FROM RECIPE_ROW) recipeId: [8909c826316c4467978350acb28bd10f] tagID=[553d95aef93147b396c58ea68c904bf0] set TAG_NEW=0,DB DEBUG,fe_LotRecipeRowCheckCreateByRecipe,c05dcd762e4b4b5a99224c48445d7683,3
50412,05/05/2026 06:12:35,INSERT in LOT_RECIPE_ROW TAG: [GI4_RECIPE_Data_OP10_PTL_10_PartNumber] value: [] (FROM RECIPE_ROW) recipeId: [8909c826316c4467978350acb28bd10f] tagID=[55f1b2a82f8c449ea86a7521a3bab004] set TAG_NEW=0,DB DEBUG,fe_LotRecipeRowCheckCreateByRecipe,c05dcd762e4b4b5a99224c48445d7683,3
50413,05/05/2026 06:12:35,INSERT in LOT_RECIPE_ROW TAG: [GI4_RECIPE_Data_OP30_PTL_7_CellUnion] value: [0] (FROM RECIPE_ROW) recipeId: [8909c826316c4467978350acb28bd10f] tagID=[560744a278fb4e73ae180887a8f8cc9d] set TAG_NEW=0,DB DEBUG,fe_LotRecipeRowCheckCreateByRecipe,c05dcd762e4b4b5a99224c48445d7683,3
50414,05/05/2026 06:12:35,INSERT in LOT_RECIPE_ROW TAG: [GI4_RECIPE_Data_OP10_PTL_16_Description] value: [] (FROM RECIPE_ROW) recipeId: [8909c826316c4467978350acb28bd10f] tagID=[56fb48c366044cf682ba058e3f634cc1] set TAG_NEW=0,DB DEBUG,fe_LotRecipeRowCheckCreateByRecipe,c05dcd762e4b4b5a99224c48445d7683,3
50415,05/05/2026 06:12:35,INSERT in LOT_RECIPE_ROW TAG: [GI4_RECIPE_Data_OP10_PTL_21_Qta] value: [0] (FROM RECIPE_ROW) recipeId: [8909c826316c4467978350acb28bd10f] tagID=[573fa656482b4258b584ba9f09152cfa] set TAG_NEW=0,DB DEBUG,fe_LotRecipeRowCheckCreateByRecipe,c05dcd762e4b4b5a99224c48445d7683,3
50416,05/05/2026 06:12:35,INSERT in LOT_RECIPE_ROW TAG: [GI4_RECIPE_Data_OP30_PTL_17_Cell] value: [29] (FROM RECIPE_ROW) recipeId: [8909c826316c4467978350acb28bd10f] tagID=[57ba57515e4241628360aeefc630048a] set TAG_NEW=0,DB DEBUG,fe_LotRecipeRowCheckCreateByRecipe,c05dcd762e4b4b5a99224c48445d7683,3
50417,05/05/2026 06:12:35,INSERT in LOT_RECIPE_ROW TAG: [GI4_RECIPE_Data_OP30_PTL_3_Cell] value: [0] (FROM RECIPE_ROW) recipeId: [8909c826316c4467978350acb28bd10f] tagID=[5901ae35c34d4e0087494953a1822086] set TAG_NEW=0,DB DEBUG,fe_LotRecipeRowCheckCreateByRecipe,c05dcd762e4b4b5a99224c48445d7683,3
50418,05/05/2026 06:12:35,INSERT in LOT_RECIPE_ROW TAG: [GI4_RECIPE_Data_OP10_PTL_1_Qta] value: [1] (FROM RECIPE_ROW) recipeId: [8909c826316c4467978350acb28bd10f] tagID=[5a21fa6644594e34bb4c27ec532841c5] set TAG_NEW=0,DB DEBUG,fe_LotRecipeRowCheckCreateByRecipe,c05dcd762e4b4b5a99224c48445d7683,3
50419,05/05/2026 06:12:35,"INSERT in LOT_RECIPE_ROW TAG: [GI4_RECIPE_Data_OP10_PTL_5_Description] value: [PRE-SHAPED  OR SEAL88,57 x 2,] (FROM RECIPE_ROW) recipeId: [8909c826316c4467978350acb28bd10f] tagID=[5a96b79ffc2047719c43e74778112047] set TAG_NEW=0",DB DEBUG,fe_LotRecipeRowCheckCreateByRecipe,c05dcd762e4b4b5a99224c48445d7683,3
50420,05/05/2026 06:12:35,INSERT in LOT_RECIPE_ROW TAG: [GI4_RECIPE_Data_OP30_PTL_22_Cell] value: [0] (FROM RECIPE_ROW) recipeId: [8909c826316c4467978350acb28bd10f] tagID=[5bd34a232f4c4e57b14726a0748965b9] set TAG_NEW=0,DB DEBUG,fe_LotRecipeRowCheckCreateByRecipe,c05dcd762e4b4b5a99224c48445d7683,3
50421,05/05/2026 06:12:35,INSERT in LOT_RECIPE_ROW TAG: [GI4_RECIPE_Data_OP30_PTL_16_CellUnion] value: [0] (FROM RECIPE_ROW) recipeId: [8909c826316c4467978350acb28bd10f] tagID=[5cb763a533c448babf26b35f98704600] set TAG_NEW=0,DB DEBUG,fe_LotRecipeRowCheckCreateByRecipe,c05dcd762e4b4b5a99224c48445d7683,3
50422,05/05/2026 06:12:35,INSERT in LOT_RECIPE_ROW TAG: [GI4_RECIPE_Data_OP10_PTL_22_PartNumber] value: [] (FROM RECIPE_ROW) recipeId: [8909c826316c4467978350acb28bd10f] tagID=[5d9cebc2f5ca4f498daecbef391367d2] set TAG_NEW=0,DB DEBUG,fe_LotRecipeRowCheckCreateByRecipe,c05dcd762e4b4b5a99224c48445d7683,3
50423,05/05/2026 06:12:35,INSERT in LOT_RECIPE_ROW TAG: [GI4_RECIPE_Data_OP10_PTL_8_PartNumber] value: [] (FROM RECIPE_ROW) recipeId: [8909c826316c4467978350acb28bd10f] tagID=[5f33852bfd5744eca3eceaec0b0887c0] set TAG_NEW=0,DB DEBUG,fe_LotRecipeRowCheckCreateByRecipe,c05dcd762e4b4b5a99224c48445d7683,3
50424,05/05/2026 06:12:35,INSERT in LOT_RECIPE_ROW TAG: [GI4_RECIPE_Data_OP30_PTL_32_CellUnion] value: [0] (FROM RECIPE_ROW) recipeId: [8909c826316c4467978350acb28bd10f] tagID=[5fec1252695f4962be3f39f20bddf3ad] set TAG_NEW=0,DB DEBUG,fe_LotRecipeRowCheckCreateByRecipe,c05dcd762e4b4b5a99224c48445d7683,3
50425,05/05/2026 06:12:35,INSERT in LOT_RECIPE_ROW TAG: [GI4_RECIPE_Data_OP30_PTL_12_Cell] value: [0] (FROM RECIPE_ROW) recipeId: [8909c826316c4467978350acb28bd10f] tagID=[60941a4aae8f4f1a9ce01295056d6dd6] set TAG_NEW=0,DB DEBUG,fe_LotRecipeRowCheckCreateByRecipe,c05dcd762e4b4b5a99224c48445d7683,3
50426,05/05/2026 06:12:35,INSERT in LOT_RECIPE_ROW TAG: [GI4_RECIPE_Data_OP30_PTL_21_Cell] value: [0] (FROM RECIPE_ROW) recipeId: [8909c826316c4467978350acb28bd10f] tagID=[623e6a6a11eb4b788d28ff5b3f4703dd] set TAG_NEW=0,DB DEBUG,fe_LotRecipeRowCheckCreateByRecipe,c05dcd762e4b4b5a99224c48445d7683,3
50427,05/05/2026 06:12:35,INSERT in LOT_RECIPE_ROW TAG: [GI4_RECIPE_Data_OP10_PTL_10_Cell] value: [0] (FROM RECIPE_ROW) recipeId: [8909c826316c4467978350acb28bd10f] tagID=[6334e6464e5a46cfae9d8eccef28324b] set TAG_NEW=0,DB DEBUG,fe_LotRecipeRowCheckCreateByRecipe,c05dcd762e4b4b5a99224c48445d7683,3
50428,05/05/2026 06:12:35,INSERT in LOT_RECIPE_ROW TAG: [GI4_RECIPE_Data_OP30_PTL_12_CellUnion] value: [0] (FROM RECIPE_ROW) recipeId: [8909c826316c4467978350acb28bd10f] tagID=[6475ee9189ba4a2ca7794bfaa97837d0] set TAG_NEW=0,DB DEBUG,fe_LotRecipeRowCheckCreateByRecipe,c05dcd762e4b4b5a99224c48445d7683,3
50429,05/05/2026 06:12:35,INSERT in LOT_RECIPE_ROW TAG: [GI4_RECIPE_Data_OP10_PTL_3_Qta] value: [1] (FROM RECIPE_ROW) recipeId: [8909c826316c4467978350acb28bd10f] tagID=[64b99ad7f39b4af1a1e9626de282e024] set TAG_NEW=0,DB DEBUG,fe_LotRecipeRowCheckCreateByRecipe,c05dcd762e4b4b5a99224c48445d7683,3
50430,05/05/2026 06:12:35,INSERT in LOT_RECIPE_ROW TAG: [GI4_RECIPE_Data_OP10_PTL_12_CellUnion] value: [0] (FROM RECIPE_ROW) recipeId: [8909c826316c4467978350acb28bd10f] tagID=[64fec27c79b74da9a1900ac61d2a61f4] set TAG_NEW=0,DB DEBUG,fe_LotRecipeRowCheckCreateByRecipe,c05dcd762e4b4b5a99224c48445d7683,3
50431,05/05/2026 06:12:35,INSERT in LOT_RECIPE_ROW TAG: [GI4_RECIPE_Data_QtaOrd] value: [2] (FROM RECIPE_ROW) recipeId: [8909c826316c4467978350acb28bd10f] tagID=[651c889b30e34366b6504e28badaf6ad] set TAG_NEW=0,DB DEBUG,fe_LotRecipeRowCheckCreateByRecipe,c05dcd762e4b4b5a99224c48445d7683,3
50432,05/05/2026 06:12:35,INSERT in LOT_RECIPE_ROW TAG: [GI4_RECIPE_Data_Orientation] value: [2] (FROM RECIPE_ROW) recipeId: [8909c826316c4467978350acb28bd10f] tagID=[659d2725213c419598cd5309a512dc6c] set TAG_NEW=0,DB DEBUG,fe_LotRecipeRowCheckCreateByRecipe,c05dcd762e4b4b5a99224c48445d7683,3
50433,05/05/2026 06:12:35,INSERT in LOT_RECIPE_ROW TAG: [GI4_RECIPE_Data_OP30_PTL_30_Qta] value: [0] (FROM RECIPE_ROW) recipeId: [8909c826316c4467978350acb28bd10f] tagID=[6674752a407546788d3d219607da6aa1] set TAG_NEW=0,DB DEBUG,fe_LotRecipeRowCheckCreateByRecipe,c05dcd762e4b4b5a99224c48445d7683,3
50434,05/05/2026 06:12:35,INSERT in LOT_RECIPE_ROW TAG: [GI4_RECIPE_Data_OP30_PTL_2_Cell] value: [0] (FROM RECIPE_ROW) recipeId: [8909c826316c4467978350acb28bd10f] tagID=[669174397a5c4cf98a45c3da54ddf173] set TAG_NEW=0,DB DEBUG,fe_LotRecipeRowCheckCreateByRecipe,c05dcd762e4b4b5a99224c48445d7683,3
50435,05/05/2026 06:12:35,INSERT in LOT_RECIPE_ROW TAG: [GI4_RECIPE_Data_OP10_PTL_28_Cell] value: [0] (FROM RECIPE_ROW) recipeId: [8909c826316c4467978350acb28bd10f] tagID=[67ab99c9dfdf4daab45861e0fb68c16c] set TAG_NEW=0,DB DEBUG,fe_LotRecipeRowCheckCreateByRecipe,c05dcd762e4b4b5a99224c48445d7683,3
50436,05/05/2026 06:12:35,INSERT in LOT_RECIPE_ROW TAG: [GI4_RECIPE_Data_OP10_PTL_17_Qta] value: [0] (FROM RECIPE_ROW) recipeId: [8909c826316c4467978350acb28bd10f] tagID=[68146a057ecc463e9520812f0779e7ce] set TAG_NEW=0,DB DEBUG,fe_LotRecipeRowCheckCreateByRecipe,c05dcd762e4b4b5a99224c48445d7683,3
50437,05/05/2026 06:12:35,INSERT in LOT_RECIPE_ROW TAG: [GI4_RECIPE_Data_OP10_PTL_23_Qta] value: [0] (FROM RECIPE_ROW) recipeId: [8909c826316c4467978350acb28bd10f] tagID=[68adfe273d014114afba6129ffc52b42] set TAG_NEW=0,DB DEBUG,fe_LotRecipeRowCheckCreateByRecipe,c05dcd762e4b4b5a99224c48445d7683,3
50438,05/05/2026 06:12:35,INSERT in LOT_RECIPE_ROW TAG: [GI4_RECIPE_Data_OP10_PTL_2_Description] value: [AN.ANTIESTR.PIASTRA SNP3] (FROM RECIPE_ROW) recipeId: [8909c826316c4467978350acb28bd10f] tagID=[692cff3bc5bb4dbcae04e9c68f313072] set TAG_NEW=0,DB DEBUG,fe_LotRecipeRowCheckCreateByRecipe,c05dcd762e4b4b5a99224c48445d7683,3
50439,05/05/2026 06:12:35,INSERT in LOT_RECIPE_ROW TAG: [GI4_RECIPE_Data_OP10_PTL_2_Qta] value: [1] (FROM RECIPE_ROW) recipeId: [8909c826316c4467978350acb28bd10f] tagID=[698b5b93bb8a41d5809063524e865c1b] set TAG_NEW=0,DB DEBUG,fe_LotRecipeRowCheckCreateByRecipe,c05dcd762e4b4b5a99224c48445d7683,3
50440,05/05/2026 06:12:35,INSERT in LOT_RECIPE_ROW TAG: [GI4_RECIPE_Data_OP30_PTL_22_Qta] value: [0] (FROM RECIPE_ROW) recipeId: [8909c826316c4467978350acb28bd10f] tagID=[6a47f9a505974f038e4c4f5cccbb8ef4] set TAG_NEW=0,DB DEBUG,fe_LotRecipeRowCheckCreateByRecipe,c05dcd762e4b4b5a99224c48445d7683,3
50441,05/05/2026 06:12:35,INSERT in LOT_RECIPE_ROW TAG: [GI4_RECIPE_Data_OP10_PTL_20_Cell] value: [0] (FROM RECIPE_ROW) recipeId: [8909c826316c4467978350acb28bd10f] tagID=[6ae4780b4c774be58929b261d175fda3] set TAG_NEW=0,DB DEBUG,fe_LotRecipeRowCheckCreateByRecipe,c05dcd762e4b4b5a99224c48445d7683,3
50442,05/05/2026 06:12:35,INSERT in LOT_RECIPE_ROW TAG: [GI4_RECIPE_Data_OP30_PTL_21_Qta] value: [0] (FROM RECIPE_ROW) recipeId: [8909c826316c4467978350acb28bd10f] tagID=[6af41353fa6f4a709fe70e57e460aa3b] set TAG_NEW=0,DB DEBUG,fe_LotRecipeRowCheckCreateByRecipe,c05dcd762e4b4b5a99224c48445d7683,3
50443,05/05/2026 06:12:35,INSERT in LOT_RECIPE_ROW TAG: [GI4_RECIPE_Data_OP30_PTL_3_Description] value: [BEARING+DU BUSSLE SNP3 (BOLIN] (FROM RECIPE_ROW) recipeId: [8909c826316c4467978350acb28bd10f] tagID=[6c0199243d38436b93a2b418272ded79] set TAG_NEW=0,DB DEBUG,fe_LotRecipeRowCheckCreateByRecipe,c05dcd762e4b4b5a99224c48445d7683,3
50444,05/05/2026 06:12:35,INSERT in LOT_RECIPE_ROW TAG: [GI4_RECIPE_Data_OP10_PTL_11_PartNumber] value: [] (FROM RECIPE_ROW) recipeId: [8909c826316c4467978350acb28bd10f] tagID=[6c1be1f68e494b569a353b101e5d9f63] set TAG_NEW=0,DB DEBUG,fe_LotRecipeRowCheckCreateByRecipe,c05dcd762e4b4b5a99224c48445d7683,3
50445,05/05/2026 06:12:35,INSERT in LOT_RECIPE_ROW TAG: [GI4_RECIPE_Data_OP30_PTL_16_PartNumber] value: [MEZZO CORPO] (FROM RECIPE_ROW) recipeId: [8909c826316c4467978350acb28bd10f] tagID=[6d357d24034d4d348eb664870a175ca5] set TAG_NEW=0,DB DEBUG,fe_LotRecipeRowCheckCreateByRecipe,c05dcd762e4b4b5a99224c48445d7683,3
50446,05/05/2026 06:12:35,INSERT in LOT_RECIPE_ROW TAG: [GI4_RECIPE_Data_OP30_PTL_32_Cell] value: [0] (FROM RECIPE_ROW) recipeId: [8909c826316c4467978350acb28bd10f] tagID=[6e6130a827ba424697b8f39f165457b2] set TAG_NEW=0,DB DEBUG,fe_LotRecipeRowCheckCreateByRecipe,c05dcd762e4b4b5a99224c48445d7683,3
50447,05/05/2026 06:12:35,"INSERT in LOT_RECIPE_ROW TAG: [GI4_RECIPE_Data_OP30_PTL_1_Description] value: [AN.TEN.AS-HP22x40x7/7,5 DIN 3] (FROM RECIPE_ROW) recipeId: [8909c826316c4467978350acb28bd10f] tagID=[6edf7c9599df40aaa064ea22db7144e7] set TAG_NEW=0",DB DEBUG,fe_LotRecipeRowCheckCreateByRecipe,c05dcd762e4b4b5a99224c48445d7683,3
50448,05/05/2026 06:12:35,INSERT in LOT_RECIPE_ROW TAG: [GI4_RECIPE_Data_OP30_PTL_18_CellUnion] value: [0] (FROM RECIPE_ROW) recipeId: [8909c826316c4467978350acb28bd10f] tagID=[711cd36608ac4e6297e2094b46e147db] set TAG_NEW=0,DB DEBUG,fe_LotRecipeRowCheckCreateByRecipe,c05dcd762e4b4b5a99224c48445d7683,3
50449,05/05/2026 06:12:35,INSERT in LOT_RECIPE_ROW TAG: [GI4_RECIPE_Data_OP10_PTL_30_CellUnion] value: [0] (FROM RECIPE_ROW) recipeId: [8909c826316c4467978350acb28bd10f] tagID=[727edafc5bf842fbad1e5714db1c596e] set TAG_NEW=0,DB DEBUG,fe_LotRecipeRowCheckCreateByRecipe,c05dcd762e4b4b5a99224c48445d7683,3
50450,05/05/2026 06:12:35,INSERT in LOT_RECIPE_ROW TAG: [GI4_RECIPE_Data_OP10_PTL_23_PartNumber] value: [] (FROM RECIPE_ROW) recipeId: [8909c826316c4467978350acb28bd10f] tagID=[733a562f476843158ae9f05e5d1555e9] set TAG_NEW=0,DB DEBUG,fe_LotRecipeRowCheckCreateByRecipe,c05dcd762e4b4b5a99224c48445d7683,3
50451,05/05/2026 06:12:35,INSERT in LOT_RECIPE_ROW TAG: [GI4_RECIPE_Data_OP30_PTL_11_Qta] value: [2] (FROM RECIPE_ROW) recipeId: [8909c826316c4467978350acb28bd10f] tagID=[7485e62704ef4a809acab6146f70165f] set TAG_NEW=0,DB DEBUG,fe_LotRecipeRowCheckCreateByRecipe,c05dcd762e4b4b5a99224c48445d7683,3
50452,05/05/2026 06:12:35,INSERT in LOT_RECIPE_ROW TAG: [GI4_RECIPE_Data_OP10_PTL_16_PartNumber] value: [] (FROM RECIPE_ROW) recipeId: [8909c826316c4467978350acb28bd10f] tagID=[74b93c0707694d76ac0ab9741e0dbf4d] set TAG_NEW=0,DB DEBUG,fe_LotRecipeRowCheckCreateByRecipe,c05dcd762e4b4b5a99224c48445d7683,3
50453,05/05/2026 06:12:35,INSERT in LOT_RECIPE_ROW TAG: [GI4_RECIPE_Data_OP10_PTL_16_Cell] value: [0] (FROM RECIPE_ROW) recipeId: [8909c826316c4467978350acb28bd10f] tagID=[750a2d67248342f3af0ccecec3a1152f] set TAG_NEW=0,DB DEBUG,fe_LotRecipeRowCheckCreateByRecipe,c05dcd762e4b4b5a99224c48445d7683,3
50454,05/05/2026 06:12:35,INSERT in LOT_RECIPE_ROW TAG: [GI4_RECIPE_Data_OP10_PTL_29_Cell] value: [0] (FROM RECIPE_ROW) recipeId: [8909c826316c4467978350acb28bd10f] tagID=[751c4493e3a142aa8a4677324fd9ecda] set TAG_NEW=0,DB DEBUG,fe_LotRecipeRowCheckCreateByRecipe,c05dcd762e4b4b5a99224c48445d7683,3
50455,05/05/2026 06:12:35,INSERT in LOT_RECIPE_ROW TAG: [GI4_RECIPE_Data_OP10_PTL_30_Qta] value: [0] (FROM RECIPE_ROW) recipeId: [8909c826316c4467978350acb28bd10f] tagID=[75d662153d94421ea2f11bc5802a8c51] set TAG_NEW=0,DB DEBUG,fe_LotRecipeRowCheckCreateByRecipe,c05dcd762e4b4b5a99224c48445d7683,3
50456,05/05/2026 06:12:35,INSERT in LOT_RECIPE_ROW TAG: [GI4_RECIPE_Data_OP10_PTL_20_Qta] value: [0] (FROM RECIPE_ROW) recipeId: [8909c826316c4467978350acb28bd10f] tagID=[760d7a53d15f41bb83c62de898f24014] set TAG_NEW=0,DB DEBUG,fe_LotRecipeRowCheckCreateByRecipe,c05dcd762e4b4b5a99224c48445d7683,3
50457,05/05/2026 06:12:35,INSERT in LOT_RECIPE_ROW TAG: [GI4_RECIPE_Data_OP30_PTL_16_Qta] value: [1] (FROM RECIPE_ROW) recipeId: [8909c826316c4467978350acb28bd10f] tagID=[772cdae9560e41fcbc21a49ff0310e5f] set TAG_NEW=0,DB DEBUG,fe_LotRecipeRowCheckCreateByRecipe,c05dcd762e4b4b5a99224c48445d7683,3
50458,05/05/2026 06:12:35,INSERT in LOT_RECIPE_ROW TAG: [GI4_RECIPE_Data_OP30_PTL_3_CellUnion] value: [0] (FROM RECIPE_ROW) recipeId: [8909c826316c4467978350acb28bd10f] tagID=[773664048fe84aa3af61957a9eaa68d9] set TAG_NEW=0,DB DEBUG,fe_LotRecipeRowCheckCreateByRecipe,c05dcd762e4b4b5a99224c48445d7683,3
50459,05/05/2026 06:12:35,INSERT in LOT_RECIPE_ROW TAG: [GI4_RECIPE_Data_OP10_PTL_27_Description] value: [] (FROM RECIPE_ROW) recipeId: [8909c826316c4467978350acb28bd10f] tagID=[774308447f00451a913ddb067ba935c3] set TAG_NEW=0,DB DEBUG,fe_LotRecipeRowCheckCreateByRecipe,c05dcd762e4b4b5a99224c48445d7683,3
50460,05/05/2026 06:12:35,INSERT in LOT_RECIPE_ROW TAG: [GI4_RECIPE_Data_OP10_PTL_13_PartNumber] value: [] (FROM RECIPE_ROW) recipeId: [8909c826316c4467978350acb28bd10f] tagID=[77990ba514464dbea40c4a1f5d262014] set TAG_NEW=0,DB DEBUG,fe_LotRecipeRowCheckCreateByRecipe,c05dcd762e4b4b5a99224c48445d7683,3
50461,05/05/2026 06:12:35,"INSERT in LOT_RECIPE_ROW TAG: [GI4_RECIPE_Data_OP30_PTL_17_Description] value: [PRE-SHAPED  OR SEAL88,57 x 2,] (FROM RECIPE_ROW) recipeId: [8909c826316c4467978350acb28bd10f] tagID=[77bad5e1ff0c458d8fff4dc1a9398e7e] set TAG_NEW=0",DB DEBUG,fe_LotRecipeRowCheckCreateByRecipe,c05dcd762e4b4b5a99224c48445d7683,3
50462,05/05/2026 06:12:35,INSERT in LOT_RECIPE_ROW TAG: [GI4_RECIPE_Data_OP30_PTL_8_PartNumber] value: [5009.05.0007] (FROM RECIPE_ROW) recipeId: [8909c826316c4467978350acb28bd10f] tagID=[7807e14906eb46aa9f1939eb0ad14cc8] set TAG_NEW=0,DB DEBUG,fe_LotRecipeRowCheckCreateByRecipe,c05dcd762e4b4b5a99224c48445d7683,3
50463,05/05/2026 06:12:35,INSERT in LOT_RECIPE_ROW TAG: [GI4_RECIPE_Data_OP10_PTL_22_Description] value: [] (FROM RECIPE_ROW) recipeId: [8909c826316c4467978350acb28bd10f] tagID=[78b0970ffcdb4c489eb6d1d9636d389b] set TAG_NEW=0,DB DEBUG,fe_LotRecipeRowCheckCreateByRecipe,c05dcd762e4b4b5a99224c48445d7683,3
50464,05/05/2026 06:12:35,INSERT in LOT_RECIPE_ROW TAG: [GI4_RECIPE_Data_OP10_PTL_10_Description] value: [] (FROM RECIPE_ROW) recipeId: [8909c826316c4467978350acb28bd10f] tagID=[79c101ec20b54abf9926753b220b0caf] set TAG_NEW=0,DB DEBUG,fe_LotRecipeRowCheckCreateByRecipe,c05dcd762e4b4b5a99224c48445d7683,3
50465,05/05/2026 06:12:35,INSERT in LOT_RECIPE_ROW TAG: [GI4_RECIPE_Data_OP30_PTL_10_Cell] value: [0] (FROM RECIPE_ROW) recipeId: [8909c826316c4467978350acb28bd10f] tagID=[7a725dc198044ac18b7412e722838ca5] set TAG_NEW=0,DB DEBUG,fe_LotRecipeRowCheckCreateByRecipe,c05dcd762e4b4b5a99224c48445d7683,3
50466,05/05/2026 06:12:35,INSERT in LOT_RECIPE_ROW TAG: [GI4_RECIPE_Data_OP30_PTL_32_PartNumber] value: [] (FROM RECIPE_ROW) recipeId: [8909c826316c4467978350acb28bd10f] tagID=[7aeef739d63544f497cc8606bc4a423a] set TAG_NEW=0,DB DEBUG,fe_LotRecipeRowCheckCreateByRecipe,c05dcd762e4b4b5a99224c48445d7683,3
50467,05/05/2026 06:12:35,INSERT in LOT_RECIPE_ROW TAG: [GI4_RECIPE_Data_OP10_PTL_15_CellUnion] value: [0] (FROM RECIPE_ROW) recipeId: [8909c826316c4467978350acb28bd10f] tagID=[7b33baae8b4546efa155794599a1a1cd] set TAG_NEW=0,DB DEBUG,fe_LotRecipeRowCheckCreateByRecipe,c05dcd762e4b4b5a99224c48445d7683,3
50468,05/05/2026 06:12:35,INSERT in LOT_RECIPE_ROW TAG: [GI4_RECIPE_Data_OP30_PTL_4_Qta] value: [2] (FROM RECIPE_ROW) recipeId: [8909c826316c4467978350acb28bd10f] tagID=[7ca06a06c6814e5482f933de89dca8a1] set TAG_NEW=0,DB DEBUG,fe_LotRecipeRowCheckCreateByRecipe,c05dcd762e4b4b5a99224c48445d7683,3
50469,05/05/2026 06:12:35,INSERT in LOT_RECIPE_ROW TAG: [GI4_RECIPE_Data_OP30_PTL_1_PartNumber] value: [11115858] (FROM RECIPE_ROW) recipeId: [8909c826316c4467978350acb28bd10f] tagID=[7ce37947270449218f875eea849a2044] set TAG_NEW=0,DB DEBUG,fe_LotRecipeRowCheckCreateByRecipe,c05dcd762e4b4b5a99224c48445d7683,3
50470,05/05/2026 06:12:35,INSERT in LOT_RECIPE_ROW TAG: [GI4_RECIPE_Data_OP10_PTL_17_CellUnion] value: [0] (FROM RECIPE_ROW) recipeId: [8909c826316c4467978350acb28bd10f] tagID=[7e99c778fe01429c8147fb61bf20fdbe] set TAG_NEW=0,DB DEBUG,fe_LotRecipeRowCheckCreateByRecipe,c05dcd762e4b4b5a99224c48445d7683,3
50471,05/05/2026 06:12:35,INSERT in LOT_RECIPE_ROW TAG: [GI4_RECIPE_Data_OP10_PTL_1_PartNumber] value: [314.0059.0.00] (FROM RECIPE_ROW) recipeId: [8909c826316c4467978350acb28bd10f] tagID=[7eee7b9b5d3f4f3385918cf9bb6b7875] set TAG_NEW=0,DB DEBUG,fe_LotRecipeRowCheckCreateByRecipe,c05dcd762e4b4b5a99224c48445d7683,3
50472,05/05/2026 06:12:35,INSERT in LOT_RECIPE_ROW TAG: [GI4_RECIPE_Data_OP30_PTL_20_Cell] value: [0] (FROM RECIPE_ROW) recipeId: [8909c826316c4467978350acb28bd10f] tagID=[7f0097e64d4e42568f87353f6886771e] set TAG_NEW=0,DB DEBUG,fe_LotRecipeRowCheckCreateByRecipe,c05dcd762e4b4b5a99224c48445d7683,3
50473,05/05/2026 06:12:35,INSERT in LOT_RECIPE_ROW TAG: [GI4_RECIPE_Data_OP30_PTL_5_Cell] value: [0] (FROM RECIPE_ROW) recipeId: [8909c826316c4467978350acb28bd10f] tagID=[7f00999f806f469994cc8e2c2ef27728] set TAG_NEW=0,DB DEBUG,fe_LotRecipeRowCheckCreateByRecipe,c05dcd762e4b4b5a99224c48445d7683,3
50474,05/05/2026 06:12:35,INSERT in LOT_RECIPE_ROW TAG: [GI4_RECIPE_Data_OP10_PTL_17_PartNumber] value: [] (FROM RECIPE_ROW) recipeId: [8909c826316c4467978350acb28bd10f] tagID=[7f7739bc347f45608ba21aa04342c2dc] set TAG_NEW=0,DB DEBUG,fe_LotRecipeRowCheckCreateByRecipe,c05dcd762e4b4b5a99224c48445d7683,3
50475,05/05/2026 06:12:35,INSERT in LOT_RECIPE_ROW TAG: [GI4_RECIPE_Data_OP30_PTL_28_Qta] value: [0] (FROM RECIPE_ROW) recipeId: [8909c826316c4467978350acb28bd10f] tagID=[8016fe4df75b47bdad750766152a7bf9] set TAG_NEW=0,DB DEBUG,fe_LotRecipeRowCheckCreateByRecipe,c05dcd762e4b4b5a99224c48445d7683,3
50476,05/05/2026 06:12:35,INSERT in LOT_RECIPE_ROW TAG: [GI4_RECIPE_Data_OP30_PTL_27_Cell] value: [0] (FROM RECIPE_ROW) recipeId: [8909c826316c4467978350acb28bd10f] tagID=[819d3ffd99bb4d46afeea3540ec7844c] set TAG_NEW=0,DB DEBUG,fe_LotRecipeRowCheckCreateByRecipe,c05dcd762e4b4b5a99224c48445d7683,3
50477,05/05/2026 06:12:35,INSERT in LOT_RECIPE_ROW TAG: [GI4_RECIPE_Data_OP10_PTL_7_PartNumber] value: [] (FROM RECIPE_ROW) recipeId: [8909c826316c4467978350acb28bd10f] tagID=[81ede46cf2a0429eb773b4da4e5f1846] set TAG_NEW=0,DB DEBUG,fe_LotRecipeRowCheckCreateByRecipe,c05dcd762e4b4b5a99224c48445d7683,3
50478,05/05/2026 06:12:35,INSERT in LOT_RECIPE_ROW TAG: [GI4_RECIPE_Data_OP30_PTL_11_Description] value: [SEEGER 40 UNI 7437] (FROM RECIPE_ROW) recipeId: [8909c826316c4467978350acb28bd10f] tagID=[8221d86a3f8d40afa93cc9f830cee8ce] set TAG_NEW=0,DB DEBUG,fe_LotRecipeRowCheckCreateByRecipe,c05dcd762e4b4b5a99224c48445d7683,3
50479,05/05/2026 06:12:35,INSERT in LOT_RECIPE_ROW TAG: [GI4_RECIPE_Data_OP10_PTL_20_CellUnion] value: [0] (FROM RECIPE_ROW) recipeId: [8909c826316c4467978350acb28bd10f] tagID=[85556a15889e4c90b875e2fa81df305e] set TAG_NEW=0,DB DEBUG,fe_LotRecipeRowCheckCreateByRecipe,c05dcd762e4b4b5a99224c48445d7683,3
50480,05/05/2026 06:12:35,INSERT in LOT_RECIPE_ROW TAG: [GI4_RECIPE_Data_OP30_PTL_4_Description] value: [RE SNP3/63      CO01 ....] (FROM RECIPE_ROW) recipeId: [8909c826316c4467978350acb28bd10f] tagID=[85dd705906f34a43a06a48e2fa5562d0] set TAG_NEW=0,DB DEBUG,fe_LotRecipeRowCheckCreateByRecipe,c05dcd762e4b4b5a99224c48445d7683,3
50481,05/05/2026 06:12:35,INSERT in LOT_RECIPE_ROW TAG: [GI4_RECIPE_Data_OP30_PTL_8_Qta] value: [2] (FROM RECIPE_ROW) recipeId: [8909c826316c4467978350acb28bd10f] tagID=[85fb34eba80d4fb38ad706d6bc51c136] set TAG_NEW=0,DB DEBUG,fe_LotRecipeRowCheckCreateByRecipe,c05dcd762e4b4b5a99224c48445d7683,3
50482,05/05/2026 06:12:35,INSERT in LOT_RECIPE_ROW TAG: [GI4_RECIPE_Data_OP10_PTL_6_Description] value: [TCCE M10x35 UNI5931-12K-br.] (FROM RECIPE_ROW) recipeId: [8909c826316c4467978350acb28bd10f] tagID=[8888b6c2b336454ea1dde3d0e777e26c] set TAG_NEW=0,DB DEBUG,fe_LotRecipeRowCheckCreateByRecipe,c05dcd762e4b4b5a99224c48445d7683,3
50483,05/05/2026 06:12:35,INSERT in LOT_RECIPE_ROW TAG: [GI4_RECIPE_Data_OP10_PTL_12_Description] value: [] (FROM RECIPE_ROW) recipeId: [8909c826316c4467978350acb28bd10f] tagID=[8917fa3d84b94453897c15f5eb6a1bc7] set TAG_NEW=0,DB DEBUG,fe_LotRecipeRowCheckCreateByRecipe,c05dcd762e4b4b5a99224c48445d7683,3
50484,05/05/2026 06:12:35,INSERT in LOT_RECIPE_ROW TAG: [GI4_RECIPE_Data_OP30_PTL_23_Qta] value: [0] (FROM RECIPE_ROW) recipeId: [8909c826316c4467978350acb28bd10f] tagID=[8bcb146e530c4d34ac0f620c1d076067] set TAG_NEW=0,DB DEBUG,fe_LotRecipeRowCheckCreateByRecipe,c05dcd762e4b4b5a99224c48445d7683,3
50485,05/05/2026 06:12:35,INSERT in LOT_RECIPE_ROW TAG: [GI4_RECIPE_Data_OP30_PTL_21_Description] value: [] (FROM RECIPE_ROW) recipeId: [8909c826316c4467978350acb28bd10f] tagID=[8c2620cd63eb4df79760a38874c39e8b] set TAG_NEW=0,DB DEBUG,fe_LotRecipeRowCheckCreateByRecipe,c05dcd762e4b4b5a99224c48445d7683,3
50486,05/05/2026 06:12:35,INSERT in LOT_RECIPE_ROW TAG: [GI4_RECIPE_Data_OP10_PTL_6_CellUnion] value: [0] (FROM RECIPE_ROW) recipeId: [8909c826316c4467978350acb28bd10f] tagID=[8d2e3fe01eeb446292888b44f818a1f9] set TAG_NEW=0,DB DEBUG,fe_LotRecipeRowCheckCreateByRecipe,c05dcd762e4b4b5a99224c48445d7683,3
50487,05/05/2026 06:12:35,INSERT in LOT_RECIPE_ROW TAG: [GI4_RECIPE_Data_OP30_PTL_7_Cell] value: [0] (FROM RECIPE_ROW) recipeId: [8909c826316c4467978350acb28bd10f] tagID=[8da5355aad07486dafba036bfff05750] set TAG_NEW=0,DB DEBUG,fe_LotRecipeRowCheckCreateByRecipe,c05dcd762e4b4b5a99224c48445d7683,3
50488,05/05/2026 06:12:35,INSERT in LOT_RECIPE_ROW TAG: [GI4_RECIPE_Data_OP10_PTL_27_Cell] value: [0] (FROM RECIPE_ROW) recipeId: [8909c826316c4467978350acb28bd10f] tagID=[8f2745f0a12842afaa70318e3cd1f7a8] set TAG_NEW=0,DB DEBUG,fe_LotRecipeRowCheckCreateByRecipe,c05dcd762e4b4b5a99224c48445d7683,3
50489,05/05/2026 06:12:35,INSERT in LOT_RECIPE_ROW TAG: [GI4_RECIPE_Data_OP10_PTL_24_Description] value: [] (FROM RECIPE_ROW) recipeId: [8909c826316c4467978350acb28bd10f] tagID=[9087a3791a4b4f6793a64e1cee3db501] set TAG_NEW=0,DB DEBUG,fe_LotRecipeRowCheckCreateByRecipe,c05dcd762e4b4b5a99224c48445d7683,3
50490,05/05/2026 06:12:35,INSERT in LOT_RECIPE_ROW TAG: [GI4_RECIPE_Data_OP30_PTL_27_Description] value: [] (FROM RECIPE_ROW) recipeId: [8909c826316c4467978350acb28bd10f] tagID=[9268db9795f2473ba4a24cac807882a1] set TAG_NEW=0,DB DEBUG,fe_LotRecipeRowCheckCreateByRecipe,c05dcd762e4b4b5a99224c48445d7683,3
50491,05/05/2026 06:12:35,INSERT in LOT_RECIPE_ROW TAG: [GI4_RECIPE_Data_OP10_PTL_29_Qta] value: [0] (FROM RECIPE_ROW) recipeId: [8909c826316c4467978350acb28bd10f] tagID=[92b271e48ed641e6ad129bac0809f533] set TAG_NEW=0,DB DEBUG,fe_LotRecipeRowCheckCreateByRecipe,c05dcd762e4b4b5a99224c48445d7683,3
50492,05/05/2026 06:12:35,INSERT in LOT_RECIPE_ROW TAG: [GI4_RECIPE_Data_OP30_PTL_24_Cell] value: [0] (FROM RECIPE_ROW) recipeId: [8909c826316c4467978350acb28bd10f] tagID=[93740c4ee2724d1b94687ed48e1e00e4] set TAG_NEW=0,DB DEBUG,fe_LotRecipeRowCheckCreateByRecipe,c05dcd762e4b4b5a99224c48445d7683,3
50493,05/05/2026 06:12:35,INSERT in LOT_RECIPE_ROW TAG: [GI4_RECIPE_Data_OP30_PTL_7_Description] value: [PROT.LINGUETTA SNP3/..] (FROM RECIPE_ROW) recipeId: [8909c826316c4467978350acb28bd10f] tagID=[94025c26c59641fa8ca85675332ce390] set TAG_NEW=0,DB DEBUG,fe_LotRecipeRowCheckCreateByRecipe,c05dcd762e4b4b5a99224c48445d7683,3
50494,05/05/2026 06:12:35,INSERT in LOT_RECIPE_ROW TAG: [GI4_RECIPE_Data_OP30_PTL_19_Description] value: [TCCE M10x30 UNI5931-12K- br.] (FROM RECIPE_ROW) recipeId: [8909c826316c4467978350acb28bd10f] tagID=[94c2f74c34bb4d6cb2166ebd7712ff25] set TAG_NEW=0,DB DEBUG,fe_LotRecipeRowCheckCreateByRecipe,c05dcd762e4b4b5a99224c48445d7683,3
50495,05/05/2026 06:12:35,INSERT in LOT_RECIPE_ROW TAG: [GI4_RECIPE_Data_OP30_PTL_29_PartNumber] value: [] (FROM RECIPE_ROW) recipeId: [8909c826316c4467978350acb28bd10f] tagID=[94dd4cd7263e45239951c5b10677bf6c] set TAG_NEW=0,DB DEBUG,fe_LotRecipeRowCheckCreateByRecipe,c05dcd762e4b4b5a99224c48445d7683,3
50496,05/05/2026 06:12:35,INSERT in LOT_RECIPE_ROW TAG: [GI4_RECIPE_Data_OP30_PTL_15_Qta] value: [1] (FROM RECIPE_ROW) recipeId: [8909c826316c4467978350acb28bd10f] tagID=[968856ca602e46fea96e5ad25133b385] set TAG_NEW=0,DB DEBUG,fe_LotRecipeRowCheckCreateByRecipe,c05dcd762e4b4b5a99224c48445d7683,3
50497,05/05/2026 06:12:35,INSERT in LOT_RECIPE_ROW TAG: [GI4_RECIPE_Data_OP10_PTL_30_Cell] value: [0] (FROM RECIPE_ROW) recipeId: [8909c826316c4467978350acb28bd10f] tagID=[96e62cf2a766464aa0d7953351080569] set TAG_NEW=0,DB DEBUG,fe_LotRecipeRowCheckCreateByRecipe,c05dcd762e4b4b5a99224c48445d7683,3
50498,05/05/2026 06:12:35,INSERT in LOT_RECIPE_ROW TAG: [GI4_RECIPE_Data_OP10_PTL_2_PartNumber] value: [313.0039.1.00] (FROM RECIPE_ROW) recipeId: [8909c826316c4467978350acb28bd10f] tagID=[97725c7e1be64b50af0a8ea3be69c4ab] set TAG_NEW=0,DB DEBUG,fe_LotRecipeRowCheckCreateByRecipe,c05dcd762e4b4b5a99224c48445d7683,3
50499,05/05/2026 06:12:35,INSERT in LOT_RECIPE_ROW TAG: [GI4_RECIPE_Data_OP30_PTL_15_Description] value: [GUAR.DI CONT. BOCC.SNP3] (FROM RECIPE_ROW) recipeId: [8909c826316c4467978350acb28bd10f] tagID=[980dc20e83254cfa8b43b2e84a4dc2f3] set TAG_NEW=0,DB DEBUG,fe_LotRecipeRowCheckCreateByRecipe,c05dcd762e4b4b5a99224c48445d7683,3
50500,05/05/2026 06:12:35,"INSERT in LOT_RECIPE_ROW TAG: [GI4_RECIPE_Data_OP30_PTL_12_Description] value: [LING.A DISCO 4 x 7,5 UNI 6606] (FROM RECIPE_ROW) recipeId: [8909c826316c4467978350acb28bd10f] tagID=[9968ccfe92584960b1373e007a2970ca] set TAG_NEW=0",DB DEBUG,fe_LotRecipeRowCheckCreateByRecipe,c05dcd762e4b4b5a99224c48445d7683,3
50501,05/05/2026 06:12:35,INSERT in LOT_RECIPE_ROW TAG: [GI4_RECIPE_Data_OP10_PTL_6_Cell] value: [11] (FROM RECIPE_ROW) recipeId: [8909c826316c4467978350acb28bd10f] tagID=[9ca743ce62c64ec19306f9a7f58ee4b2] set TAG_NEW=0,DB DEBUG,fe_LotRecipeRowCheckCreateByRecipe,c05dcd762e4b4b5a99224c48445d7683,3
50502,05/05/2026 06:12:35,INSERT in LOT_RECIPE_ROW TAG: [GI4_RECIPE_Data_OP30_PTL_18_Description] value: [SPINA COLL. D.8x15 sim. UNI E] (FROM RECIPE_ROW) recipeId: [8909c826316c4467978350acb28bd10f] tagID=[9d6181a89a3b42b089cdea11cde8d5aa] set TAG_NEW=0,DB DEBUG,fe_LotRecipeRowCheckCreateByRecipe,c05dcd762e4b4b5a99224c48445d7683,3
50503,05/05/2026 06:12:35,INSERT in LOT_RECIPE_ROW TAG: [GI4_RECIPE_Data_OP30_PTL_29_Cell] value: [0] (FROM RECIPE_ROW) recipeId: [8909c826316c4467978350acb28bd10f] tagID=[9d894fc434dd4e128348f7295f11a416] set TAG_NEW=0,DB DEBUG,fe_LotRecipeRowCheckCreateByRecipe,c05dcd762e4b4b5a99224c48445d7683,3
50504,05/05/2026 06:12:35,INSERT in LOT_RECIPE_ROW TAG: [GI4_RECIPE_Data_OP30_PTL_26_Qta] value: [0] (FROM RECIPE_ROW) recipeId: [8909c826316c4467978350acb28bd10f] tagID=[9da728b46768497c82e8ee97dab5c77f] set TAG_NEW=0,DB DEBUG,fe_LotRecipeRowCheckCreateByRecipe,c05dcd762e4b4b5a99224c48445d7683,3
50505,05/05/2026 06:12:35,INSERT in LOT_RECIPE_ROW TAG: [GI4_RECIPE_Data_OP10_PTL_31_CellUnion] value: [0] (FROM RECIPE_ROW) recipeId: [8909c826316c4467978350acb28bd10f] tagID=[9e841f7f5b044a1693ad08752fc3583d] set TAG_NEW=0,DB DEBUG,fe_LotRecipeRowCheckCreateByRecipe,c05dcd762e4b4b5a99224c48445d7683,3
50506,05/05/2026 06:12:35,INSERT in LOT_RECIPE_ROW TAG: [GI4_RECIPE_Data_OP30_PTL_23_CellUnion] value: [0] (FROM RECIPE_ROW) recipeId: [8909c826316c4467978350acb28bd10f] tagID=[9f3ce9c5657c4081a44076684abed128] set TAG_NEW=0,DB DEBUG,fe_LotRecipeRowCheckCreateByRecipe,c05dcd762e4b4b5a99224c48445d7683,3
50507,05/05/2026 06:12:35,INSERT in LOT_RECIPE_ROW TAG: [GI4_RECIPE_Data_OP10_PTL_3_CellUnion] value: [0] (FROM RECIPE_ROW) recipeId: [8909c826316c4467978350acb28bd10f] tagID=[9f494ab1a6b240f0a92431fa148ecacd] set TAG_NEW=0,DB DEBUG,fe_LotRecipeRowCheckCreateByRecipe,c05dcd762e4b4b5a99224c48445d7683,3
50508,05/05/2026 06:12:35,INSERT in LOT_RECIPE_ROW TAG: [GI4_RECIPE_Data_OP30_PTL_30_Description] value: [] (FROM RECIPE_ROW) recipeId: [8909c826316c4467978350acb28bd10f] tagID=[9f49aa7d8fe74c4ebe0822c76b1d6809] set TAG_NEW=0,DB DEBUG,fe_LotRecipeRowCheckCreateByRecipe,c05dcd762e4b4b5a99224c48445d7683,3
50509,05/05/2026 06:12:35,INSERT in LOT_RECIPE_ROW TAG: [GI4_RECIPE_Data_OP10_PTL_8_CellUnion] value: [0] (FROM RECIPE_ROW) recipeId: [8909c826316c4467978350acb28bd10f] tagID=[9f675bf8a3fc4baf9600424a6e6e7dfc] set TAG_NEW=0,DB DEBUG,fe_LotRecipeRowCheckCreateByRecipe,c05dcd762e4b4b5a99224c48445d7683,3
50510,05/05/2026 06:12:35,INSERT in LOT_RECIPE_ROW TAG: [GI4_RECIPE_Data_OP10_PTL_22_Cell] value: [0] (FROM RECIPE_ROW) recipeId: [8909c826316c4467978350acb28bd10f] tagID=[a06dc51fecd4478cab7219b5a81f561e] set TAG_NEW=0,DB DEBUG,fe_LotRecipeRowCheckCreateByRecipe,c05dcd762e4b4b5a99224c48445d7683,3
50511,05/05/2026 06:12:35,INSERT in LOT_RECIPE_ROW TAG: [GI4_RECIPE_Data_OP10_PTL_12_Cell] value: [0] (FROM RECIPE_ROW) recipeId: [8909c826316c4467978350acb28bd10f] tagID=[a536e08c7e0646a1a3bf8cbf76ff4d06] set TAG_NEW=0,DB DEBUG,fe_LotRecipeRowCheckCreateByRecipe,c05dcd762e4b4b5a99224c48445d7683,3
50512,05/05/2026 06:12:35,INSERT in LOT_RECIPE_ROW TAG: [GI4_RECIPE_Data_OP10_PTL_15_Qta] value: [0] (FROM RECIPE_ROW) recipeId: [8909c826316c4467978350acb28bd10f] tagID=[a62c40231ea046c392bd93ca69a7eb93] set TAG_NEW=0,DB DEBUG,fe_LotRecipeRowCheckCreateByRecipe,c05dcd762e4b4b5a99224c48445d7683,3
50513,05/05/2026 06:12:35,INSERT in LOT_RECIPE_ROW TAG: [GI4_RECIPE_Data_OP10_PTL_19_Qta] value: [0] (FROM RECIPE_ROW) recipeId: [8909c826316c4467978350acb28bd10f] tagID=[a854b6342fee41a6a95bf7a66f91f2f2] set TAG_NEW=0,DB DEBUG,fe_LotRecipeRowCheckCreateByRecipe,c05dcd762e4b4b5a99224c48445d7683,3
50514,05/05/2026 06:12:35,INSERT in LOT_RECIPE_ROW TAG: [GI4_RECIPE_Data_OP10_PTL_24_Qta] value: [0] (FROM RECIPE_ROW) recipeId: [8909c826316c4467978350acb28bd10f] tagID=[ac05b3ef6b984070964f44c6a386b03e] set TAG_NEW=0,DB DEBUG,fe_LotRecipeRowCheckCreateByRecipe,c05dcd762e4b4b5a99224c48445d7683,3
50515,05/05/2026 06:12:35,INSERT in LOT_RECIPE_ROW TAG: [GI4_RECIPE_Data_OP10_PTL_7_Description] value: [] (FROM RECIPE_ROW) recipeId: [8909c826316c4467978350acb28bd10f] tagID=[ac7747aadd5a48bc8af7192c4715ad52] set TAG_NEW=0,DB DEBUG,fe_LotRecipeRowCheckCreateByRecipe,c05dcd762e4b4b5a99224c48445d7683,3
50516,05/05/2026 06:12:35,INSERT in LOT_RECIPE_ROW TAG: [GI4_RECIPE_Data_OP30_PTL_11_Cell] value: [0] (FROM RECIPE_ROW) recipeId: [8909c826316c4467978350acb28bd10f] tagID=[ad7f7fe44f0a4a5cbd5acbab5052351e] set TAG_NEW=0,DB DEBUG,fe_LotRecipeRowCheckCreateByRecipe,c05dcd762e4b4b5a99224c48445d7683,3
50517,05/05/2026 06:12:35,INSERT in LOT_RECIPE_ROW TAG: [GI4_RECIPE_Data_OP30_PTL_30_CellUnion] value: [0] (FROM RECIPE_ROW) recipeId: [8909c826316c4467978350acb28bd10f] tagID=[adc5415e252f479f81b9a6c599dbb9d0] set TAG_NEW=0,DB DEBUG,fe_LotRecipeRowCheckCreateByRecipe,c05dcd762e4b4b5a99224c48445d7683,3
50518,05/05/2026 06:12:35,INSERT in LOT_RECIPE_ROW TAG: [GI4_RECIPE_Data_OP30_PTL_14_PartNumber] value: [313.0039.1.00] (FROM RECIPE_ROW) recipeId: [8909c826316c4467978350acb28bd10f] tagID=[adc6dee299e94b74a6c5d5d7fc477174] set TAG_NEW=0,DB DEBUG,fe_LotRecipeRowCheckCreateByRecipe,c05dcd762e4b4b5a99224c48445d7683,3
50519,05/05/2026 06:12:35,INSERT in LOT_RECIPE_ROW TAG: [GI4_RECIPE_Data_OP10_PTL_10_Qta] value: [0] (FROM RECIPE_ROW) recipeId: [8909c826316c4467978350acb28bd10f] tagID=[affad80389084da3899b526e402ed673] set TAG_NEW=0,DB DEBUG,fe_LotRecipeRowCheckCreateByRecipe,c05dcd762e4b4b5a99224c48445d7683,3
50520,05/05/2026 06:12:35,INSERT in LOT_RECIPE_ROW TAG: [GI4_RECIPE_Data_OP10_PTL_25_Qta] value: [0] (FROM RECIPE_ROW) recipeId: [8909c826316c4467978350acb28bd10f] tagID=[b5cbc5b84b64466789f2b58cc5e5bbb4] set TAG_NEW=0,DB DEBUG,fe_LotRecipeRowCheckCreateByRecipe,c05dcd762e4b4b5a99224c48445d7683,3
50521,05/05/2026 06:12:35,INSERT in LOT_RECIPE_ROW TAG: [GI4_RECIPE_Data_OP30_PTL_5_CellUnion] value: [0] (FROM RECIPE_ROW) recipeId: [8909c826316c4467978350acb28bd10f] tagID=[b63c4febbeee4ebeaba4b956239c4c4e] set TAG_NEW=0,DB DEBUG,fe_LotRecipeRowCheckCreateByRecipe,c05dcd762e4b4b5a99224c48445d7683,3
50522,05/05/2026 06:12:35,INSERT in LOT_RECIPE_ROW TAG: [GI4_RECIPE_Data_OP10_PTL_22_Qta] value: [0] (FROM RECIPE_ROW) recipeId: [8909c826316c4467978350acb28bd10f] tagID=[b7d668115615414499c34d74a9b620e5] set TAG_NEW=0,DB DEBUG,fe_LotRecipeRowCheckCreateByRecipe,c05dcd762e4b4b5a99224c48445d7683,3
50523,05/05/2026 06:12:35,INSERT in LOT_RECIPE_ROW TAG: [GI4_RECIPE_Data_OP30_PTL_6_PartNumber] value: [326.0049.0.00] (FROM RECIPE_ROW) recipeId: [8909c826316c4467978350acb28bd10f] tagID=[b8b9fa36e33a4e14a2374c935ab0585d] set TAG_NEW=0,DB DEBUG,fe_LotRecipeRowCheckCreateByRecipe,c05dcd762e4b4b5a99224c48445d7683,3
50524,05/05/2026 06:12:35,INSERT in LOT_RECIPE_ROW TAG: [GI4_RECIPE_Data_OP10_PTL_8_Cell] value: [0] (FROM RECIPE_ROW) recipeId: [8909c826316c4467978350acb28bd10f] tagID=[b97671bc53ef430da0c80fcd2c7e6b05] set TAG_NEW=0,DB DEBUG,fe_LotRecipeRowCheckCreateByRecipe,c05dcd762e4b4b5a99224c48445d7683,3
50525,05/05/2026 06:12:35,INSERT in LOT_RECIPE_ROW TAG: [GI4_RECIPE_Data_OP30_PTL_8_Cell] value: [0] (FROM RECIPE_ROW) recipeId: [8909c826316c4467978350acb28bd10f] tagID=[bb92791e866e4d888fd699bdab2462a3] set TAG_NEW=0,DB DEBUG,fe_LotRecipeRowCheckCreateByRecipe,c05dcd762e4b4b5a99224c48445d7683,3
50526,05/05/2026 06:12:35,INSERT in LOT_RECIPE_ROW TAG: [GI4_RECIPE_Data_OP10_PTL_27_PartNumber] value: [] (FROM RECIPE_ROW) recipeId: [8909c826316c4467978350acb28bd10f] tagID=[bbd55296f3d9459c9cbced2ba6f0a77d] set TAG_NEW=0,DB DEBUG,fe_LotRecipeRowCheckCreateByRecipe,c05dcd762e4b4b5a99224c48445d7683,3
50527,05/05/2026 06:12:35,INSERT in LOT_RECIPE_ROW TAG: [GI4_RECIPE_Data_OP30_PTL_26_PartNumber] value: [] (FROM RECIPE_ROW) recipeId: [8909c826316c4467978350acb28bd10f] tagID=[bc25f7ecf75e421c97fb25804c34fb13] set TAG_NEW=0,DB DEBUG,fe_LotRecipeRowCheckCreateByRecipe,c05dcd762e4b4b5a99224c48445d7683,3
50528,05/05/2026 06:12:35,INSERT in LOT_RECIPE_ROW TAG: [GI4_RECIPE_Data_OP30_PTL_29_Qta] value: [0] (FROM RECIPE_ROW) recipeId: [8909c826316c4467978350acb28bd10f] tagID=[bc3fc782f88f41ee9ca37dbbf13c9a30] set TAG_NEW=0,DB DEBUG,fe_LotRecipeRowCheckCreateByRecipe,c05dcd762e4b4b5a99224c48445d7683,3
50529,05/05/2026 06:12:35,INSERT in LOT_RECIPE_ROW TAG: [GI4_RECIPE_Data_OP10_PTL_24_CellUnion] value: [0] (FROM RECIPE_ROW) recipeId: [8909c826316c4467978350acb28bd10f] tagID=[be073a12937c458d84834dace368a187] set TAG_NEW=0,DB DEBUG,fe_LotRecipeRowCheckCreateByRecipe,c05dcd762e4b4b5a99224c48445d7683,3
50530,05/05/2026 06:12:35,INSERT in LOT_RECIPE_ROW TAG: [GI4_RECIPE_Data_OP30_PTL_31_PartNumber] value: [] (FROM RECIPE_ROW) recipeId: [8909c826316c4467978350acb28bd10f] tagID=[be5401d776254fb491ba083fe0c2c746] set TAG_NEW=0,DB DEBUG,fe_LotRecipeRowCheckCreateByRecipe,c05dcd762e4b4b5a99224c48445d7683,3
50531,05/05/2026 06:12:35,INSERT in LOT_RECIPE_ROW TAG: [GI4_RECIPE_Data_OP10_PTL_2_Cell] value: [22] (FROM RECIPE_ROW) recipeId: [8909c826316c4467978350acb28bd10f] tagID=[bf8911c5ef4d46cca50bc6607b301bcb] set TAG_NEW=0,DB DEBUG,fe_LotRecipeRowCheckCreateByRecipe,c05dcd762e4b4b5a99224c48445d7683,3
50532,05/05/2026 06:12:35,INSERT in LOT_RECIPE_ROW TAG: [GI4_RECIPE_Data_OP10_PTL_17_Description] value: [] (FROM RECIPE_ROW) recipeId: [8909c826316c4467978350acb28bd10f] tagID=[c070a6bd45634e6cb48e3f33257074a4] set TAG_NEW=0,DB DEBUG,fe_LotRecipeRowCheckCreateByRecipe,c05dcd762e4b4b5a99224c48445d7683,3
50533,05/05/2026 06:12:35,"INSERT in LOT_RECIPE_ROW TAG: [GI4_RECIPE_Data_OP30_PTL_10_Description] value: [DADO M14x1,5  6S BR  UNI 5589] (FROM RECIPE_ROW) recipeId: [8909c826316c4467978350acb28bd10f] tagID=[c106b0472bc946af8adb552982d35391] set TAG_NEW=0",DB DEBUG,fe_LotRecipeRowCheckCreateByRecipe,c05dcd762e4b4b5a99224c48445d7683,3
50534,05/05/2026 06:12:35,INSERT in LOT_RECIPE_ROW TAG: [GI4_RECIPE_Data_OP10_PTL_20_PartNumber] value: [] (FROM RECIPE_ROW) recipeId: [8909c826316c4467978350acb28bd10f] tagID=[c12fb192e4684af1a0076e569693b60a] set TAG_NEW=0,DB DEBUG,fe_LotRecipeRowCheckCreateByRecipe,c05dcd762e4b4b5a99224c48445d7683,3
50535,05/05/2026 06:12:35,INSERT in LOT_RECIPE_ROW TAG: [GI4_RECIPE_Data_OP10_PTL_29_Description] value: [] (FROM RECIPE_ROW) recipeId: [8909c826316c4467978350acb28bd10f] tagID=[c1af14d7f1ab4b289e63457352547ec8] set TAG_NEW=0,DB DEBUG,fe_LotRecipeRowCheckCreateByRecipe,c05dcd762e4b4b5a99224c48445d7683,3
50536,05/05/2026 06:12:35,INSERT in LOT_RECIPE_ROW TAG: [GI4_RECIPE_Data_OP30_PTL_18_PartNumber] value: [5011.31.2215] (FROM RECIPE_ROW) recipeId: [8909c826316c4467978350acb28bd10f] tagID=[c26f43793c1d47c59d1e85e4b3346a7d] set TAG_NEW=0,DB DEBUG,fe_LotRecipeRowCheckCreateByRecipe,c05dcd762e4b4b5a99224c48445d7683,3
50537,05/05/2026 06:12:35,INSERT in LOT_RECIPE_ROW TAG: [GI4_RECIPE_Data_OP30_PTL_32_Description] value: [] (FROM RECIPE_ROW) recipeId: [8909c826316c4467978350acb28bd10f] tagID=[c2b389e7b0dd4fa2bddfb6faa78caa2b] set TAG_NEW=0,DB DEBUG,fe_LotRecipeRowCheckCreateByRecipe,c05dcd762e4b4b5a99224c48445d7683,3
50538,05/05/2026 06:12:35,INSERT in LOT_RECIPE_ROW TAG: [GI4_RECIPE_Data_OP10_PTL_4_CellUnion] value: [0] (FROM RECIPE_ROW) recipeId: [8909c826316c4467978350acb28bd10f] tagID=[c3baf9c71d13472fa6cdaaca86f9002f] set TAG_NEW=0,DB DEBUG,fe_LotRecipeRowCheckCreateByRecipe,c05dcd762e4b4b5a99224c48445d7683,3
50539,05/05/2026 06:12:35,INSERT in LOT_RECIPE_ROW TAG: [GI4_RECIPE_Data_OP10_PTL_16_Qta] value: [0] (FROM RECIPE_ROW) recipeId: [8909c826316c4467978350acb28bd10f] tagID=[c4e63e6a207546dd9a0d7a51fd7a8467] set TAG_NEW=0,DB DEBUG,fe_LotRecipeRowCheckCreateByRecipe,c05dcd762e4b4b5a99224c48445d7683,3
50540,05/05/2026 06:12:35,INSERT in LOT_RECIPE_ROW TAG: [GI4_RECIPE_Data_OP10_PTL_30_Description] value: [] (FROM RECIPE_ROW) recipeId: [8909c826316c4467978350acb28bd10f] tagID=[c56e92e2122a41b89779605bc0cf4fe5] set TAG_NEW=0,DB DEBUG,fe_LotRecipeRowCheckCreateByRecipe,c05dcd762e4b4b5a99224c48445d7683,3
50541,05/05/2026 06:12:35,INSERT in LOT_RECIPE_ROW TAG: [GI4_RECIPE_Data_OP10_PTL_4_PartNumber] value: [MEZZO CORPO] (FROM RECIPE_ROW) recipeId: [8909c826316c4467978350acb28bd10f] tagID=[c72ce596a083481fba045f168c9a6b39] set TAG_NEW=0,DB DEBUG,fe_LotRecipeRowCheckCreateByRecipe,c05dcd762e4b4b5a99224c48445d7683,3
50542,05/05/2026 06:12:35,INSERT in LOT_RECIPE_ROW TAG: [GI4_RECIPE_Data_OP30_PTL_22_PartNumber] value: [] (FROM RECIPE_ROW) recipeId: [8909c826316c4467978350acb28bd10f] tagID=[c76153368d324d41a1253e0e03e0e7d8] set TAG_NEW=0,DB DEBUG,fe_LotRecipeRowCheckCreateByRecipe,c05dcd762e4b4b5a99224c48445d7683,3
50543,05/05/2026 06:12:35,INSERT in LOT_RECIPE_ROW TAG: [GI4_RECIPE_Data_PartNumber] value: [111.25.072.0C] (FROM RECIPE_ROW) recipeId: [8909c826316c4467978350acb28bd10f] tagID=[c83d6a238f06459f8a8779a32bb67758] set TAG_NEW=0,DB DEBUG,fe_LotRecipeRowCheckCreateByRecipe,c05dcd762e4b4b5a99224c48445d7683,3
50544,05/05/2026 06:12:35,INSERT in LOT_RECIPE_ROW TAG: [GI4_RECIPE_Data_OP30_PTL_27_Qta] value: [0] (FROM RECIPE_ROW) recipeId: [8909c826316c4467978350acb28bd10f] tagID=[c942d48f7ee4443ba82f2c656dd30ec2] set TAG_NEW=0,DB DEBUG,fe_LotRecipeRowCheckCreateByRecipe,c05dcd762e4b4b5a99224c48445d7683,3
50545,05/05/2026 06:12:35,INSERT in LOT_RECIPE_ROW TAG: [GI4_RECIPE_Data_OP10_PTL_26_Cell] value: [0] (FROM RECIPE_ROW) recipeId: [8909c826316c4467978350acb28bd10f] tagID=[cac61cb92d4b40bc984efe67651d8e4e] set TAG_NEW=0,DB DEBUG,fe_LotRecipeRowCheckCreateByRecipe,c05dcd762e4b4b5a99224c48445d7683,3
50546,05/05/2026 06:12:35,INSERT in LOT_RECIPE_ROW TAG: [GI4_RECIPE_Data_OP10_PTL_9_PartNumber] value: [] (FROM RECIPE_ROW) recipeId: [8909c826316c4467978350acb28bd10f] tagID=[cbb7678eb3b54ba8a956d341db4ff661] set TAG_NEW=0,DB DEBUG,fe_LotRecipeRowCheckCreateByRecipe,c05dcd762e4b4b5a99224c48445d7683,3
50547,05/05/2026 06:12:35,INSERT in LOT_RECIPE_ROW TAG: [GI4_RECIPE_Data_OP30_PTL_22_Description] value: [] (FROM RECIPE_ROW) recipeId: [8909c826316c4467978350acb28bd10f] tagID=[cc597808527b4b459e0846ffb02480e1] set TAG_NEW=0,DB DEBUG,fe_LotRecipeRowCheckCreateByRecipe,c05dcd762e4b4b5a99224c48445d7683,3
50548,05/05/2026 06:12:35,INSERT in LOT_RECIPE_ROW TAG: [GI4_RECIPE_Data_OP10_PTL_11_Qta] value: [0] (FROM RECIPE_ROW) recipeId: [8909c826316c4467978350acb28bd10f] tagID=[cc8c0e89be2048d186990555b1a44840] set TAG_NEW=0,DB DEBUG,fe_LotRecipeRowCheckCreateByRecipe,c05dcd762e4b4b5a99224c48445d7683,3
50549,05/05/2026 06:12:35,INSERT in LOT_RECIPE_ROW TAG: [GI4_RECIPE_Data_OP10_PTL_11_Description] value: [] (FROM RECIPE_ROW) recipeId: [8909c826316c4467978350acb28bd10f] tagID=[cf808fdffd77430f9cf3082bfd2699df] set TAG_NEW=0,DB DEBUG,fe_LotRecipeRowCheckCreateByRecipe,c05dcd762e4b4b5a99224c48445d7683,3
50550,05/05/2026 06:12:35,INSERT in LOT_RECIPE_ROW TAG: [GI4_RECIPE_Data_OP30_PTL_16_Cell] value: [32] (FROM RECIPE_ROW) recipeId: [8909c826316c4467978350acb28bd10f] tagID=[d123070cd4a345bc89bf30fe22794bc1] set TAG_NEW=0,DB DEBUG,fe_LotRecipeRowCheckCreateByRecipe,c05dcd762e4b4b5a99224c48445d7683,3
50551,05/05/2026 06:12:35,INSERT in LOT_RECIPE_ROW TAG: [GI4_RECIPE_Data_OP30_PTL_18_Cell] value: [30] (FROM RECIPE_ROW) recipeId: [8909c826316c4467978350acb28bd10f] tagID=[d1fb08f8dfe8459ca943cb806aafa3d7] set TAG_NEW=0,DB DEBUG,fe_LotRecipeRowCheckCreateByRecipe,c05dcd762e4b4b5a99224c48445d7683,3
50552,05/05/2026 06:12:35,INSERT in LOT_RECIPE_ROW TAG: [GI4_RECIPE_Data_OP30_PTL_19_Qta] value: [2] (FROM RECIPE_ROW) recipeId: [8909c826316c4467978350acb28bd10f] tagID=[d20b05552f07497ebda26ccb177f2dbc] set TAG_NEW=0,DB DEBUG,fe_LotRecipeRowCheckCreateByRecipe,c05dcd762e4b4b5a99224c48445d7683,3
50553,05/05/2026 06:12:35,INSERT in LOT_RECIPE_ROW TAG: [GI4_RECIPE_Data_OP10_PTL_7_Qta] value: [0] (FROM RECIPE_ROW) recipeId: [8909c826316c4467978350acb28bd10f] tagID=[d25c3d47b2b94538ba9fac551fd3af4b] set TAG_NEW=0,DB DEBUG,fe_LotRecipeRowCheckCreateByRecipe,c05dcd762e4b4b5a99224c48445d7683,3
50554,05/05/2026 06:12:35,INSERT in LOT_RECIPE_ROW TAG: [GI4_RECIPE_Data_OP30_PTL_5_PartNumber] value: [315.0017.0.00] (FROM RECIPE_ROW) recipeId: [8909c826316c4467978350acb28bd10f] tagID=[d3ef201d06a94d69bb216c88bf4a33ea] set TAG_NEW=0,DB DEBUG,fe_LotRecipeRowCheckCreateByRecipe,c05dcd762e4b4b5a99224c48445d7683,3
50555,05/05/2026 06:12:35,INSERT in LOT_RECIPE_ROW TAG: [GI4_RECIPE_Data_OP30_PTL_23_Cell] value: [0] (FROM RECIPE_ROW) recipeId: [8909c826316c4467978350acb28bd10f] tagID=[d400b964d19e4cce8117ab1651d779af] set TAG_NEW=0,DB DEBUG,fe_LotRecipeRowCheckCreateByRecipe,c05dcd762e4b4b5a99224c48445d7683,3
50556,05/05/2026 06:12:35,INSERT in LOT_RECIPE_ROW TAG: [GI4_RECIPE_Data_OP30_PTL_27_CellUnion] value: [0] (FROM RECIPE_ROW) recipeId: [8909c826316c4467978350acb28bd10f] tagID=[d4777004cf6048599c737b7fe2ffa0ef] set TAG_NEW=0,DB DEBUG,fe_LotRecipeRowCheckCreateByRecipe,c05dcd762e4b4b5a99224c48445d7683,3
50557,05/05/2026 06:12:35,INSERT in LOT_RECIPE_ROW TAG: [GI4_RECIPE_Data_OP30_PTL_16_Description] value: [MEZZO CORPO INSERIMENTO BOCCOLE] (FROM RECIPE_ROW) recipeId: [8909c826316c4467978350acb28bd10f] tagID=[d4dd1b0e36854cb0b97ca5a2083a5e97] set TAG_NEW=0,DB DEBUG,fe_LotRecipeRowCheckCreateByRecipe,c05dcd762e4b4b5a99224c48445d7683,3
50558,05/05/2026 06:12:35,INSERT in LOT_RECIPE_ROW TAG: [GI4_RECIPE_Data_OP30_PTL_22_CellUnion] value: [0] (FROM RECIPE_ROW) recipeId: [8909c826316c4467978350acb28bd10f] tagID=[d4e0ceda11944ed7b53cc2a99755b63e] set TAG_NEW=0,DB DEBUG,fe_LotRecipeRowCheckCreateByRecipe,c05dcd762e4b4b5a99224c48445d7683,3
50559,05/05/2026 06:12:35,INSERT in LOT_RECIPE_ROW TAG: [GI4_RECIPE_Data_ScrewProgram] value: [1] (FROM RECIPE_ROW) recipeId: [8909c826316c4467978350acb28bd10f] tagID=[d512b9acdfc144c5a79d23a266dcbe3d] set TAG_NEW=0,DB DEBUG,fe_LotRecipeRowCheckCreateByRecipe,c05dcd762e4b4b5a99224c48445d7683,3
50560,05/05/2026 06:12:35,INSERT in LOT_RECIPE_ROW TAG: [GI4_RECIPE_Data_OP10_PTL_1_Description] value: [GUAR.BILANC.PIASTRA SNP3] (FROM RECIPE_ROW) recipeId: [8909c826316c4467978350acb28bd10f] tagID=[d6291a14f33944dfa23f56376299e43c] set TAG_NEW=0,DB DEBUG,fe_LotRecipeRowCheckCreateByRecipe,c05dcd762e4b4b5a99224c48445d7683,3
50561,05/05/2026 06:12:35,INSERT in LOT_RECIPE_ROW TAG: [GI4_RECIPE_Data_OP30_PTL_1_Qta] value: [2] (FROM RECIPE_ROW) recipeId: [8909c826316c4467978350acb28bd10f] tagID=[d65957a68f104b35b957c4a45caf82c7] set TAG_NEW=0,DB DEBUG,fe_LotRecipeRowCheckCreateByRecipe,c05dcd762e4b4b5a99224c48445d7683,3
50562,05/05/2026 06:12:35,INSERT in LOT_RECIPE_ROW TAG: [GI4_RECIPE_Data_OP10_PTL_5_Cell] value: [27] (FROM RECIPE_ROW) recipeId: [8909c826316c4467978350acb28bd10f] tagID=[d666969d2ef44fd2ae1aba775b049a59] set TAG_NEW=0,DB DEBUG,fe_LotRecipeRowCheckCreateByRecipe,c05dcd762e4b4b5a99224c48445d7683,3
50563,05/05/2026 06:12:35,INSERT in LOT_RECIPE_ROW TAG: [GI4_RECIPE_Data_OP30_PTL_4_Cell] value: [0] (FROM RECIPE_ROW) recipeId: [8909c826316c4467978350acb28bd10f] tagID=[d82e322e3913451fbedf33e5d18a7ec3] set TAG_NEW=0,DB DEBUG,fe_LotRecipeRowCheckCreateByRecipe,c05dcd762e4b4b5a99224c48445d7683,3
50564,05/05/2026 06:12:35,INSERT in LOT_RECIPE_ROW TAG: [GI4_RECIPE_Data_OP30_PTL_6_Qta] value: [2] (FROM RECIPE_ROW) recipeId: [8909c826316c4467978350acb28bd10f] tagID=[d8586c93e6cf42cf8b806d67a901041c] set TAG_NEW=0,DB DEBUG,fe_LotRecipeRowCheckCreateByRecipe,c05dcd762e4b4b5a99224c48445d7683,3
50565,05/05/2026 06:12:35,INSERT in LOT_RECIPE_ROW TAG: [GI4_RECIPE_Data_OP10_PTL_9_Description] value: [] (FROM RECIPE_ROW) recipeId: [8909c826316c4467978350acb28bd10f] tagID=[d8a1593280024ca8bcb63d18648172c0] set TAG_NEW=0,DB DEBUG,fe_LotRecipeRowCheckCreateByRecipe,c05dcd762e4b4b5a99224c48445d7683,3
50566,05/05/2026 06:12:35,INSERT in LOT_RECIPE_ROW TAG: [GI4_RECIPE_Data_OP30_PTL_26_Cell] value: [0] (FROM RECIPE_ROW) recipeId: [8909c826316c4467978350acb28bd10f] tagID=[d8cbe6e09d32402d928fc658dc0fd7af] set TAG_NEW=0,DB DEBUG,fe_LotRecipeRowCheckCreateByRecipe,c05dcd762e4b4b5a99224c48445d7683,3
50567,05/05/2026 06:12:35,INSERT in LOT_RECIPE_ROW TAG: [GI4_RECIPE_Data_OP30_PTL_21_PartNumber] value: [] (FROM RECIPE_ROW) recipeId: [8909c826316c4467978350acb28bd10f] tagID=[d9503fc762da49519d6310f41e4542a7] set TAG_NEW=0,DB DEBUG,fe_LotRecipeRowCheckCreateByRecipe,c05dcd762e4b4b5a99224c48445d7683,3
50568,05/05/2026 06:12:35,INSERT in LOT_RECIPE_ROW TAG: [GI4_RECIPE_Data_OP10_PTL_18_Qta] value: [0] (FROM RECIPE_ROW) recipeId: [8909c826316c4467978350acb28bd10f] tagID=[da9bdbf7d2d8445dbc0074564ae9e5d2] set TAG_NEW=0,DB DEBUG,fe_LotRecipeRowCheckCreateByRecipe,c05dcd762e4b4b5a99224c48445d7683,3
50569,05/05/2026 06:12:35,INSERT in LOT_RECIPE_ROW TAG: [GI4_RECIPE_Data_OP30_PTL_4_PartNumber] value: [311.1909.0.00] (FROM RECIPE_ROW) recipeId: [8909c826316c4467978350acb28bd10f] tagID=[db25e4537dce4403bb74d9bd31294088] set TAG_NEW=0,DB DEBUG,fe_LotRecipeRowCheckCreateByRecipe,c05dcd762e4b4b5a99224c48445d7683,3
50570,05/05/2026 06:12:35,INSERT in LOT_RECIPE_ROW TAG: [GI4_RECIPE_Data_OP10_PTL_32_Description] value: [] (FROM RECIPE_ROW) recipeId: [8909c826316c4467978350acb28bd10f] tagID=[db26141f0c364bf58cbb64cb2ffbb1b7] set TAG_NEW=0,DB DEBUG,fe_LotRecipeRowCheckCreateByRecipe,c05dcd762e4b4b5a99224c48445d7683,3
50571,05/05/2026 06:12:35,INSERT in LOT_RECIPE_ROW TAG: [GI4_RECIPE_Data_OP10_PTL_7_Cell] value: [0] (FROM RECIPE_ROW) recipeId: [8909c826316c4467978350acb28bd10f] tagID=[db50e99aa2c24f838f434a2528b515a5] set TAG_NEW=0,DB DEBUG,fe_LotRecipeRowCheckCreateByRecipe,c05dcd762e4b4b5a99224c48445d7683,3
50572,05/05/2026 06:12:35,INSERT in LOT_RECIPE_ROW TAG: [GI4_RECIPE_Data_OP30_PTL_31_Qta] value: [0] (FROM RECIPE_ROW) recipeId: [8909c826316c4467978350acb28bd10f] tagID=[db61411464a54b4d95d9485a139665b8] set TAG_NEW=0,DB DEBUG,fe_LotRecipeRowCheckCreateByRecipe,c05dcd762e4b4b5a99224c48445d7683,3
50573,05/05/2026 06:12:35,INSERT in LOT_RECIPE_ROW TAG: [GI4_RECIPE_Data_OP30_PTL_17_PartNumber] value: [11282842] (FROM RECIPE_ROW) recipeId: [8909c826316c4467978350acb28bd10f] tagID=[dc6d34d72e764dc39923d42256ea925e] set TAG_NEW=0,DB DEBUG,fe_LotRecipeRowCheckCreateByRecipe,c05dcd762e4b4b5a99224c48445d7683,3
50574,05/05/2026 06:12:35,INSERT in LOT_RECIPE_ROW TAG: [GI4_RECIPE_Data_OP30_PTL_25_PartNumber] value: [] (FROM RECIPE_ROW) recipeId: [8909c826316c4467978350acb28bd10f] tagID=[dd870214849b4005b0ff08e88a4f2cdb] set TAG_NEW=0,DB DEBUG,fe_LotRecipeRowCheckCreateByRecipe,c05dcd762e4b4b5a99224c48445d7683,3
50575,05/05/2026 06:12:35,INSERT in LOT_RECIPE_ROW TAG: [GI4_RECIPE_Data_OP10_PTL_21_PartNumber] value: [] (FROM RECIPE_ROW) recipeId: [8909c826316c4467978350acb28bd10f] tagID=[ddde32e8bc294db885e8931257aace8c] set TAG_NEW=0,DB DEBUG,fe_LotRecipeRowCheckCreateByRecipe,c05dcd762e4b4b5a99224c48445d7683,3
50576,05/05/2026 06:12:35,INSERT in LOT_RECIPE_ROW TAG: [GI4_RECIPE_Data_OP30_PTL_7_PartNumber] value: [330.0083.0.00] (FROM RECIPE_ROW) recipeId: [8909c826316c4467978350acb28bd10f] tagID=[dfbda0b35a5c49b8819953f342e53512] set TAG_NEW=0,DB DEBUG,fe_LotRecipeRowCheckCreateByRecipe,c05dcd762e4b4b5a99224c48445d7683,3
50577,05/05/2026 06:12:35,INSERT in LOT_RECIPE_ROW TAG: [GI4_RECIPE_Data_OP10_PTL_19_Cell] value: [0] (FROM RECIPE_ROW) recipeId: [8909c826316c4467978350acb28bd10f] tagID=[e02f1c7cc4bf4a7aa41fde139a74426e] set TAG_NEW=0,DB DEBUG,fe_LotRecipeRowCheckCreateByRecipe,c05dcd762e4b4b5a99224c48445d7683,3
50578,05/05/2026 06:12:35,INSERT in LOT_RECIPE_ROW TAG: [GI4_RECIPE_Data_OP30_PTL_15_CellUnion] value: [0] (FROM RECIPE_ROW) recipeId: [8909c826316c4467978350acb28bd10f] tagID=[e13820d1064248a4b2b45a7155a439a0] set TAG_NEW=0,DB DEBUG,fe_LotRecipeRowCheckCreateByRecipe,c05dcd762e4b4b5a99224c48445d7683,3
50579,05/05/2026 06:12:35,INSERT in LOT_RECIPE_ROW TAG: [GI4_RECIPE_Data_OP10_PTL_1_CellUnion] value: [0] (FROM RECIPE_ROW) recipeId: [8909c826316c4467978350acb28bd10f] tagID=[e1dd704bed0c4c08ad13ea939bcc6975] set TAG_NEW=0,DB DEBUG,fe_LotRecipeRowCheckCreateByRecipe,c05dcd762e4b4b5a99224c48445d7683,3
50580,05/05/2026 06:12:35,INSERT in LOT_RECIPE_ROW TAG: [GI4_RECIPE_Data_OP30_PTL_12_Qta] value: [2] (FROM RECIPE_ROW) recipeId: [8909c826316c4467978350acb28bd10f] tagID=[e272e191e59948aeb7ea87968fe68743] set TAG_NEW=0,DB DEBUG,fe_LotRecipeRowCheckCreateByRecipe,c05dcd762e4b4b5a99224c48445d7683,3
50581,05/05/2026 06:12:35,INSERT in LOT_RECIPE_ROW TAG: [GI4_RECIPE_Data_OP30_PTL_26_Description] value: [] (FROM RECIPE_ROW) recipeId: [8909c826316c4467978350acb28bd10f] tagID=[e2c718d710ce489dbf803fba340ebaab] set TAG_NEW=0,DB DEBUG,fe_LotRecipeRowCheckCreateByRecipe,c05dcd762e4b4b5a99224c48445d7683,3
50582,05/05/2026 06:12:35,INSERT in LOT_RECIPE_ROW TAG: [GI4_RECIPE_Data_OP10_PTL_21_Cell] value: [0] (FROM RECIPE_ROW) recipeId: [8909c826316c4467978350acb28bd10f] tagID=[e306e5db0b134cbfbb4d284cc8112e52] set TAG_NEW=0,DB DEBUG,fe_LotRecipeRowCheckCreateByRecipe,c05dcd762e4b4b5a99224c48445d7683,3
50583,05/05/2026 06:12:35,INSERT in LOT_RECIPE_ROW TAG: [GI4_RECIPE_Data_OP10_PTL_5_CellUnion] value: [0] (FROM RECIPE_ROW) recipeId: [8909c826316c4467978350acb28bd10f] tagID=[e36cb249a51144fcab3b255cd363eb04] set TAG_NEW=0,DB DEBUG,fe_LotRecipeRowCheckCreateByRecipe,c05dcd762e4b4b5a99224c48445d7683,3
50584,05/05/2026 06:12:35,INSERT in LOT_RECIPE_ROW TAG: [GI4_RECIPE_Data_OP30_PTL_5_Description] value: [PIASTRA DI BILANC. SNP3] (FROM RECIPE_ROW) recipeId: [8909c826316c4467978350acb28bd10f] tagID=[e53c254a4d5645ba96ad637a909db04d] set TAG_NEW=0,DB DEBUG,fe_LotRecipeRowCheckCreateByRecipe,c05dcd762e4b4b5a99224c48445d7683,3
50585,05/05/2026 06:12:35,INSERT in LOT_RECIPE_ROW TAG: [GI4_RECIPE_Data_OP10_PTL_23_Cell] value: [0] (FROM RECIPE_ROW) recipeId: [8909c826316c4467978350acb28bd10f] tagID=[e8258d79246e48ee99ea01457b4c60ff] set TAG_NEW=0,DB DEBUG,fe_LotRecipeRowCheckCreateByRecipe,c05dcd762e4b4b5a99224c48445d7683,3
50586,05/05/2026 06:12:35,INSERT in LOT_RECIPE_ROW TAG: [GI4_RECIPE_Data_OP30_PTL_25_Qta] value: [0] (FROM RECIPE_ROW) recipeId: [8909c826316c4467978350acb28bd10f] tagID=[ea0cd52f94d0490b8c3a6dd3b39af23d] set TAG_NEW=0,DB DEBUG,fe_LotRecipeRowCheckCreateByRecipe,c05dcd762e4b4b5a99224c48445d7683,3
50587,05/05/2026 06:12:35,INSERT in LOT_RECIPE_ROW TAG: [GI4_RECIPE_Data_OP10_PTL_24_PartNumber] value: [] (FROM RECIPE_ROW) recipeId: [8909c826316c4467978350acb28bd10f] tagID=[ea551020792c43dfa88a235f4fe51bcf] set TAG_NEW=0,DB DEBUG,fe_LotRecipeRowCheckCreateByRecipe,c05dcd762e4b4b5a99224c48445d7683,3
50588,05/05/2026 06:12:35,INSERT in LOT_RECIPE_ROW TAG: [GI4_RECIPE_Data_OP10_PTL_17_Cell] value: [0] (FROM RECIPE_ROW) recipeId: [8909c826316c4467978350acb28bd10f] tagID=[eae39ac2a01746088c87bc2efe8043ce] set TAG_NEW=0,DB DEBUG,fe_LotRecipeRowCheckCreateByRecipe,c05dcd762e4b4b5a99224c48445d7683,3
50589,05/05/2026 06:12:35,INSERT in LOT_RECIPE_ROW TAG: [GI4_RECIPE_Data_OP10_PTL_25_Description] value: [] (FROM RECIPE_ROW) recipeId: [8909c826316c4467978350acb28bd10f] tagID=[eb1be58597a84e53bec0e1de8479f201] set TAG_NEW=0,DB DEBUG,fe_LotRecipeRowCheckCreateByRecipe,c05dcd762e4b4b5a99224c48445d7683,3
50590,05/05/2026 06:12:35,INSERT in LOT_RECIPE_ROW TAG: [GI4_RECIPE_Data_OP30_PTL_29_CellUnion] value: [0] (FROM RECIPE_ROW) recipeId: [8909c826316c4467978350acb28bd10f] tagID=[eb3f3c74f10049cb84bd30a9ebfe909f] set TAG_NEW=0,DB DEBUG,fe_LotRecipeRowCheckCreateByRecipe,c05dcd762e4b4b5a99224c48445d7683,3
50591,05/05/2026 06:12:35,INSERT in LOT_RECIPE_ROW TAG: [GI4_RECIPE_Data_OP30_PTL_17_Qta] value: [1] (FROM RECIPE_ROW) recipeId: [8909c826316c4467978350acb28bd10f] tagID=[ed0f4ff5e80b483abd0c4e253163a0d0] set TAG_NEW=0,DB DEBUG,fe_LotRecipeRowCheckCreateByRecipe,c05dcd762e4b4b5a99224c48445d7683,3
50592,05/05/2026 06:12:35,INSERT in LOT_RECIPE_ROW TAG: [GI4_RECIPE_Data_OP10_PTL_23_Description] value: [] (FROM RECIPE_ROW) recipeId: [8909c826316c4467978350acb28bd10f] tagID=[ed37b1d14e694e758a7f79cafc355cf4] set TAG_NEW=0,DB DEBUG,fe_LotRecipeRowCheckCreateByRecipe,c05dcd762e4b4b5a99224c48445d7683,3
50593,05/05/2026 06:12:35,INSERT in LOT_RECIPE_ROW TAG: [GI4_RECIPE_Data_OP10_PTL_3_Description] value: [GUAR.DI CONT. BOCC.SNP3] (FROM RECIPE_ROW) recipeId: [8909c826316c4467978350acb28bd10f] tagID=[ed4ebb4df0674166b847678c553a27d8] set TAG_NEW=0,DB DEBUG,fe_LotRecipeRowCheckCreateByRecipe,c05dcd762e4b4b5a99224c48445d7683,3
50594,05/05/2026 06:12:35,INSERT in LOT_RECIPE_ROW TAG: [GI4_RECIPE_Data_OP30_PTL_28_CellUnion] value: [0] (FROM RECIPE_ROW) recipeId: [8909c826316c4467978350acb28bd10f] tagID=[edad4e2a28f54d41ad667d29dcbad1cc] set TAG_NEW=0,DB DEBUG,fe_LotRecipeRowCheckCreateByRecipe,c05dcd762e4b4b5a99224c48445d7683,3
50595,05/05/2026 06:12:35,INSERT in LOT_RECIPE_ROW TAG: [GI4_RECIPE_Data_OP10_PTL_14_Cell] value: [0] (FROM RECIPE_ROW) recipeId: [8909c826316c4467978350acb28bd10f] tagID=[ef973a2153a9457f819f04821531200a] set TAG_NEW=0,DB DEBUG,fe_LotRecipeRowCheckCreateByRecipe,c05dcd762e4b4b5a99224c48445d7683,3
50596,05/05/2026 06:12:35,INSERT in LOT_RECIPE_ROW TAG: [GI4_RECIPE_Data_OP30_PTL_23_Description] value: [] (FROM RECIPE_ROW) recipeId: [8909c826316c4467978350acb28bd10f] tagID=[f05cf5b190ad44a4aa74be67b4f47a4e] set TAG_NEW=0,DB DEBUG,fe_LotRecipeRowCheckCreateByRecipe,c05dcd762e4b4b5a99224c48445d7683,3
50597,05/05/2026 06:12:35,INSERT in LOT_RECIPE_ROW TAG: [GI4_RECIPE_Data_QtaDone] value: [0] (FROM RECIPE_ROW) recipeId: [8909c826316c4467978350acb28bd10f] tagID=[f190a4c4537840aea6df363fd513026a] set TAG_NEW=0,DB DEBUG,fe_LotRecipeRowCheckCreateByRecipe,c05dcd762e4b4b5a99224c48445d7683,3
50598,05/05/2026 06:12:35,INSERT in LOT_RECIPE_ROW TAG: [GI4_RECIPE_Data_OP30_PTL_21_CellUnion] value: [0] (FROM RECIPE_ROW) recipeId: [8909c826316c4467978350acb28bd10f] tagID=[f217397b0b5d4df680453eaa9e1e66c2] set TAG_NEW=0,DB DEBUG,fe_LotRecipeRowCheckCreateByRecipe,c05dcd762e4b4b5a99224c48445d7683,3
50599,05/05/2026 06:12:35,INSERT in LOT_RECIPE_ROW TAG: [GI4_RECIPE_Data_OP10_PTL_28_CellUnion] value: [0] (FROM RECIPE_ROW) recipeId: [8909c826316c4467978350acb28bd10f] tagID=[f2416656c6b64e1a8857ca7db5455647] set TAG_NEW=0,DB DEBUG,fe_LotRecipeRowCheckCreateByRecipe,c05dcd762e4b4b5a99224c48445d7683,3
50600,05/05/2026 06:12:35,INSERT in LOT_RECIPE_ROW TAG: [GI4_RECIPE_Data_OP10_PTL_8_Description] value: [] (FROM RECIPE_ROW) recipeId: [8909c826316c4467978350acb28bd10f] tagID=[f30a2cf393c54c92ad6ec87a9e19aaf9] set TAG_NEW=0,DB DEBUG,fe_LotRecipeRowCheckCreateByRecipe,c05dcd762e4b4b5a99224c48445d7683,3
50601,05/05/2026 06:12:35,INSERT in LOT_RECIPE_ROW TAG: [GI4_RECIPE_Data_OP10_PTL_32_PartNumber] value: [] (FROM RECIPE_ROW) recipeId: [8909c826316c4467978350acb28bd10f] tagID=[f3b7aa068e2046828472c6595f30f660] set TAG_NEW=0,DB DEBUG,fe_LotRecipeRowCheckCreateByRecipe,c05dcd762e4b4b5a99224c48445d7683,3
50602,05/05/2026 06:12:35,INSERT in LOT_RECIPE_ROW TAG: [GI4_RECIPE_Data_OP10_PTL_13_CellUnion] value: [0] (FROM RECIPE_ROW) recipeId: [8909c826316c4467978350acb28bd10f] tagID=[f3e3235d2d9a43498727f0d3bb6d5813] set TAG_NEW=0,DB DEBUG,fe_LotRecipeRowCheckCreateByRecipe,c05dcd762e4b4b5a99224c48445d7683,3
50603,05/05/2026 06:12:35,INSERT in LOT_RECIPE_ROW TAG: [GI4_RECIPE_Data_OP10_PTL_26_CellUnion] value: [0] (FROM RECIPE_ROW) recipeId: [8909c826316c4467978350acb28bd10f] tagID=[f4f9c7bc80fd4159a647f1e0df6999c4] set TAG_NEW=0,DB DEBUG,fe_LotRecipeRowCheckCreateByRecipe,c05dcd762e4b4b5a99224c48445d7683,3
50604,05/05/2026 06:12:35,INSERT in LOT_RECIPE_ROW TAG: [GI4_RECIPE_Data_OP30_PTL_3_Qta] value: [2] (FROM RECIPE_ROW) recipeId: [8909c826316c4467978350acb28bd10f] tagID=[f5092d456a0f4d6ba72d15f5021c30ef] set TAG_NEW=0,DB DEBUG,fe_LotRecipeRowCheckCreateByRecipe,c05dcd762e4b4b5a99224c48445d7683,3
50605,05/05/2026 06:12:35,INSERT in LOT_RECIPE_ROW TAG: [GI4_RECIPE_Data_OP10_PTL_32_CellUnion] value: [0] (FROM RECIPE_ROW) recipeId: [8909c826316c4467978350acb28bd10f] tagID=[f63566928b984caca3d9e3cd128949aa] set TAG_NEW=0,DB DEBUG,fe_LotRecipeRowCheckCreateByRecipe,c05dcd762e4b4b5a99224c48445d7683,3
50606,05/05/2026 06:12:35,INSERT in LOT_RECIPE_ROW TAG: [GI4_RECIPE_Data_OP10_PTL_26_Description] value: [] (FROM RECIPE_ROW) recipeId: [8909c826316c4467978350acb28bd10f] tagID=[f69107804d514517aedb88aed8771094] set TAG_NEW=0,DB DEBUG,fe_LotRecipeRowCheckCreateByRecipe,c05dcd762e4b4b5a99224c48445d7683,3
50607,05/05/2026 06:12:35,INSERT in LOT_RECIPE_ROW TAG: [GI4_RECIPE_Data_OP10_PTL_26_Qta] value: [0] (FROM RECIPE_ROW) recipeId: [8909c826316c4467978350acb28bd10f] tagID=[f75b5630895645378efe2bc6b6c0414b] set TAG_NEW=0,DB DEBUG,fe_LotRecipeRowCheckCreateByRecipe,c05dcd762e4b4b5a99224c48445d7683,3
50608,05/05/2026 06:12:35,INSERT in LOT_RECIPE_ROW TAG: [GI4_RECIPE_Data_OP10_PTL_26_PartNumber] value: [] (FROM RECIPE_ROW) recipeId: [8909c826316c4467978350acb28bd10f] tagID=[f776a20b0ffa4196ac72dd0cd1592556] set TAG_NEW=0,DB DEBUG,fe_LotRecipeRowCheckCreateByRecipe,c05dcd762e4b4b5a99224c48445d7683,3
50609,05/05/2026 06:12:35,INSERT in LOT_RECIPE_ROW TAG: [GI4_RECIPE_Data_OP10_PTL_6_PartNumber] value: [5713.54.2587] (FROM RECIPE_ROW) recipeId: [8909c826316c4467978350acb28bd10f] tagID=[f7ab839aa8ad49d8a42784dccb4de06a] set TAG_NEW=0,DB DEBUG,fe_LotRecipeRowCheckCreateByRecipe,c05dcd762e4b4b5a99224c48445d7683,3
50610,05/05/2026 06:12:35,INSERT in LOT_RECIPE_ROW TAG: [GI4_RECIPE_Data_OP30_PTL_1_Cell] value: [0] (FROM RECIPE_ROW) recipeId: [8909c826316c4467978350acb28bd10f] tagID=[f7bf91d82ec84d33a1063238fb891ff0] set TAG_NEW=0,DB DEBUG,fe_LotRecipeRowCheckCreateByRecipe,c05dcd762e4b4b5a99224c48445d7683,3
50611,05/05/2026 06:12:35,INSERT in LOT_RECIPE_ROW TAG: [GI4_RECIPE_Data_OP10_PTL_29_PartNumber] value: [] (FROM RECIPE_ROW) recipeId: [8909c826316c4467978350acb28bd10f] tagID=[f862b30adadf4701af27264d8f168a33] set TAG_NEW=0,DB DEBUG,fe_LotRecipeRowCheckCreateByRecipe,c05dcd762e4b4b5a99224c48445d7683,3
50612,05/05/2026 06:12:35,INSERT in LOT_RECIPE_ROW TAG: [GI4_RECIPE_Data_OP10_PTL_20_Description] value: [] (FROM RECIPE_ROW) recipeId: [8909c826316c4467978350acb28bd10f] tagID=[fa48aff35e18435bad4be161c3272962] set TAG_NEW=0,DB DEBUG,fe_LotRecipeRowCheckCreateByRecipe,c05dcd762e4b4b5a99224c48445d7683,3
50613,05/05/2026 06:12:35,INSERT in LOT_RECIPE_ROW TAG: [GI4_RECIPE_Data_OP10_PTL_31_Cell] value: [0] (FROM RECIPE_ROW) recipeId: [8909c826316c4467978350acb28bd10f] tagID=[fb8d0c02ebab45d2bc0d2c8de4d6a79c] set TAG_NEW=0,DB DEBUG,fe_LotRecipeRowCheckCreateByRecipe,c05dcd762e4b4b5a99224c48445d7683,3
50614,05/05/2026 06:12:35,INSERT in LOT_RECIPE_ROW TAG: [GI4_RECIPE_Data_OP30_PTL_18_Qta] value: [2] (FROM RECIPE_ROW) recipeId: [8909c826316c4467978350acb28bd10f] tagID=[fbaa718a6f79489791c6078feeef72b7] set TAG_NEW=0,DB DEBUG,fe_LotRecipeRowCheckCreateByRecipe,c05dcd762e4b4b5a99224c48445d7683,3
50615,05/05/2026 06:12:35,INSERT in LOT_RECIPE_ROW TAG: [GI4_RECIPE_Data_OP30_PTL_9_PartNumber] value: [5009.05.0008] (FROM RECIPE_ROW) recipeId: [8909c826316c4467978350acb28bd10f] tagID=[fc2257a112b54dc2a793c18e6f620bae] set TAG_NEW=0,DB DEBUG,fe_LotRecipeRowCheckCreateByRecipe,c05dcd762e4b4b5a99224c48445d7683,3
50616,05/05/2026 06:12:35,INSERT in LOT_RECIPE_ROW TAG: [GI4_RECIPE_Data_OP30_PTL_13_Description] value: [GUAR.BILANC.PIASTRA SNP3] (FROM RECIPE_ROW) recipeId: [8909c826316c4467978350acb28bd10f] tagID=[fc7c0d2bb0404817a3b5522808550b35] set TAG_NEW=0,DB DEBUG,fe_LotRecipeRowCheckCreateByRecipe,c05dcd762e4b4b5a99224c48445d7683,3
50617,05/05/2026 06:12:35,INSERT in LOT_RECIPE_ROW TAG: [GI4_RECIPE_Data_OP30_PTL_20_CellUnion] value: [0] (FROM RECIPE_ROW) recipeId: [8909c826316c4467978350acb28bd10f] tagID=[fce237bc68594e2eabdc6cb046c16942] set TAG_NEW=0,DB DEBUG,fe_LotRecipeRowCheckCreateByRecipe,c05dcd762e4b4b5a99224c48445d7683,3
50618,05/05/2026 06:12:35,INSERT in LOT_RECIPE_ROW TAG: [GI4_RECIPE_Data_OP10_PTL_14_Description] value: [] (FROM RECIPE_ROW) recipeId: [8909c826316c4467978350acb28bd10f] tagID=[ff5f86aa8935495ebafe9cc8a04f010d] set TAG_NEW=0,DB DEBUG,fe_LotRecipeRowCheckCreateByRecipe,c05dcd762e4b4b5a99224c48445d7683,3
50619,05/05/2026 06:12:35,ROWS CREATED/UPDATED 328; LOT: 628b22dd832d413e8915786d5b73d5f9; RECIPE: 8909c826316c4467978350acb28bd10f,DB,fe_LotRecipeRowCheckCreateByRecipe,c05dcd762e4b4b5a99224c48445d7683,0
50620,05/05/2026 06:12:36,Elaboro lotti in coda per linea=fc0ef60c8da844d5a531b293ac0b857b,DB DEBUG,fe_LineSetNextLot,fc0ef60c8da844d5a531b293ac0b857b,3
50621,05/05/2026 06:12:36,Cambiato Lotto/ricetta in coda - LotNew=[628b22dd832d413e8915786d5b73d5f9] era [NULL]; RecipeNew=[8909c826316c4467978350acb28bd10f].[NULL era [1].[(NULL),DB DEBUG,fid_MachineFindSetNextLot,c05dcd762e4b4b5a99224c48445d7683,3
50622,05/05/2026 06:12:36,Lotto [59975853}] ricetta [111.25.072.0C-59975853] ver [1] wasLotPresent=0 wasRecipePresent=0 insertedRows=328 updatedRows=0,NODE-RED,CheckCreateLotDone,c05dcd762e4b4b5a99224c48445d7683,0
50623,05/05/2026 06:16:01,Azzera lotto attivo in macchina - ACTIVE_LOT_ID = NULL,DB DEBUG,sp_LotEndOnPlc,c05dcd762e4b4b5a99224c48445d7683,3
50624,05/05/2026 06:16:01,CHIUDO LOT_MACHINE(lot:54a9f1a72eb340b286236b738452da8a;machine:c05dcd762e4b4b5a99224c48445d7683) stsLot:4; stsStart:20,DB DEBUG,sp_LotMachineCloseOther,c05dcd762e4b4b5a99224c48445d7683,3
50625,05/05/2026 06:16:01,Elaboro lotti in coda per linea=fc0ef60c8da844d5a531b293ac0b857b,DB DEBUG,fe_LineSetNextLot,fc0ef60c8da844d5a531b293ac0b857b,3
50626,05/05/2026 06:16:05,i_machine_id=[c05dcd762e4b4b5a99224c48445d7683]v_next_lot_id=[628b22dd832d413e8915786d5b73d5f9]v_recipe_id=[8909c826316c4467978350acb28bd10f]v_recipe_version=[1]v_recipe_not_to_send=[0]v_update_to_last_recipe=[1]v_count_forced=[0],DB DEBUG,fid_MachineNextLotStart,null,3
50627,05/05/2026 06:16:05,RECIPE HAS NO CHANGES; LOT: 628b22dd832d413e8915786d5b73d5f9; RECIPE: 8909c826316c4467978350acb28bd10f,DB,fe_LotRecipeRowCheckCreateByRecipe,c05dcd762e4b4b5a99224c48445d7683,0
50628,05/05/2026 06:16:05,set TAG = [GI4_RECIPE_Data_MasterModelCode].value_text=[SNP3NN/063RN01BAP1F7F6NNNN/NNNNN] era [] tagID=[2295f1d9dbe3459691489299eb02429f],DB DEBUG,fid_MachineNextLotStart,null,3
50629,05/05/2026 06:16:05,set TAG = [GI4_RECIPE_Data_Orientation].value_tag=[2] era [0] tagID=[659d2725213c419598cd5309a512dc6c],DB DEBUG,fid_MachineNextLotStart,null,3
50630,05/05/2026 06:16:05,set TAG = [GI4_RECIPE_Data_PartNumber].value_text=[111.25.072.0C] era [] tagID=[c83d6a238f06459f8a8779a32bb67758],DB DEBUG,fid_MachineNextLotStart,null,3
50631,05/05/2026 06:16:05,set TAG = [GI4_RECIPE_Data_PrintType].value_tag=[1] era [0] tagID=[319e60a433a54b1986e7af6ab5b36d6e],DB DEBUG,fid_MachineNextLotStart,null,3
50632,05/05/2026 06:16:05,set TAG = [GI4_RECIPE_Data_ScrewProgram].value_tag=[1] era [0] tagID=[d512b9acdfc144c5a79d23a266dcbe3d],DB DEBUG,fid_MachineNextLotStart,null,3
50633,05/05/2026 06:16:05,set TAG = [GI4_RECIPE_Data_QtaOrd].value_tag=[2] era [0] tagID=[651c889b30e34366b6504e28badaf6ad],DB DEBUG,fid_MachineNextLotStart,null,3
50634,05/05/2026 06:16:05,set TAG = [GI4_RECIPE_Data_OP10_PTL_1_Cell].value_tag=[21] era [0] tagID=[445a0a3d4bb74ef4a33c63abd027367f],DB DEBUG,fid_MachineNextLotStart,null,3
50635,05/05/2026 06:16:05,set TAG = [GI4_RECIPE_Data_OP10_PTL_1_Description].value_text=[GUAR.BILANC.PIASTRA SNP3] era [] tagID=[d6291a14f33944dfa23f56376299e43c],DB DEBUG,fid_MachineNextLotStart,null,3
50636,05/05/2026 06:16:05,set TAG = [GI4_RECIPE_Data_OP10_PTL_1_PartNumber].value_text=[314.0059.0.00] era [] tagID=[7eee7b9b5d3f4f3385918cf9bb6b7875],DB DEBUG,fid_MachineNextLotStart,null,3
50637,05/05/2026 06:16:05,set TAG = [GI4_RECIPE_Data_OP10_PTL_1_Qta].value_tag=[1] era [0] tagID=[5a21fa6644594e34bb4c27ec532841c5],DB DEBUG,fid_MachineNextLotStart,null,3
50638,05/05/2026 06:16:05,set TAG = [GI4_RECIPE_Data_OP10_PTL_2_Cell].value_tag=[22] era [0] tagID=[bf8911c5ef4d46cca50bc6607b301bcb],DB DEBUG,fid_MachineNextLotStart,null,3
50639,05/05/2026 06:16:05,set TAG = [GI4_RECIPE_Data_OP10_PTL_2_Description].value_text=[AN.ANTIESTR.PIASTRA SNP3] era [] tagID=[692cff3bc5bb4dbcae04e9c68f313072],DB DEBUG,fid_MachineNextLotStart,null,3
50640,05/05/2026 06:16:05,set TAG = [GI4_RECIPE_Data_OP10_PTL_2_PartNumber].value_text=[313.0039.1.00] era [] tagID=[97725c7e1be64b50af0a8ea3be69c4ab],DB DEBUG,fid_MachineNextLotStart,null,3
50641,05/05/2026 06:16:05,set TAG = [GI4_RECIPE_Data_OP10_PTL_2_Qta].value_tag=[1] era [0] tagID=[698b5b93bb8a41d5809063524e865c1b],DB DEBUG,fid_MachineNextLotStart,null,3
50642,05/05/2026 06:16:05,set TAG = [GI4_RECIPE_Data_OP10_PTL_3_Cell].value_tag=[29] era [0] tagID=[49b0dafee5f943f0a8d84312bad8611a],DB DEBUG,fid_MachineNextLotStart,null,3
50643,05/05/2026 06:16:05,set TAG = [GI4_RECIPE_Data_OP10_PTL_3_Description].value_text=[GUAR.DI CONT. BOCC.SNP3] era [] tagID=[ed4ebb4df0674166b847678c553a27d8],DB DEBUG,fid_MachineNextLotStart,null,3
50644,05/05/2026 06:16:05,set TAG = [GI4_RECIPE_Data_OP10_PTL_3_PartNumber].value_text=[314.0060.0.00] era [] tagID=[0ecb09489ff542bdbdd43d40a6c9512f],DB DEBUG,fid_MachineNextLotStart,null,3
50645,05/05/2026 06:16:05,set TAG = [GI4_RECIPE_Data_OP10_PTL_3_Qta].value_tag=[1] era [0] tagID=[64b99ad7f39b4af1a1e9626de282e024],DB DEBUG,fid_MachineNextLotStart,null,3
50646,05/05/2026 06:16:05,set TAG = [GI4_RECIPE_Data_OP10_PTL_4_Cell].value_tag=[32] era [0] tagID=[336e0993097945d5b1a95047881dcb0d],DB DEBUG,fid_MachineNextLotStart,null,3
50647,05/05/2026 06:16:05,set TAG = [GI4_RECIPE_Data_OP10_PTL_4_Description].value_text=[MEZZO CORPO INSERIMENTO BOCCOLE] era [] tagID=[490e6e11bbd44c5f92fcf23dcb7868d6],DB DEBUG,fid_MachineNextLotStart,null,3
50648,05/05/2026 06:16:05,set TAG = [GI4_RECIPE_Data_OP10_PTL_4_PartNumber].value_text=[MEZZO CORPO] era [] tagID=[c72ce596a083481fba045f168c9a6b39],DB DEBUG,fid_MachineNextLotStart,null,3
50649,05/05/2026 06:16:05,set TAG = [GI4_RECIPE_Data_OP10_PTL_4_Qta].value_tag=[1] era [0] tagID=[142c9d2d9d404cae81c1f59ae4da360d],DB DEBUG,fid_MachineNextLotStart,null,3
50650,05/05/2026 06:16:05,set TAG = [GI4_RECIPE_Data_OP10_PTL_5_Cell].value_tag=[27] era [0] tagID=[d666969d2ef44fd2ae1aba775b049a59],DB DEBUG,fid_MachineNextLotStart,null,3
50651,05/05/2026 06:16:05,"set TAG = [GI4_RECIPE_Data_OP10_PTL_5_Description].value_text=[PRE-SHAPED  OR SEAL88,57 x 2,] era [] tagID=[5a96b79ffc2047719c43e74778112047]",DB DEBUG,fid_MachineNextLotStart,null,3
50652,05/05/2026 06:16:05,set TAG = [GI4_RECIPE_Data_OP10_PTL_5_PartNumber].value_text=[11282842] era [] tagID=[4680db2a528748c2a56f1bfc1c19e36f],DB DEBUG,fid_MachineNextLotStart,null,3
50653,05/05/2026 06:16:05,set TAG = [GI4_RECIPE_Data_OP10_PTL_5_Qta].value_tag=[1] era [0] tagID=[2b5decc799564bc88555d022c4ea85a3],DB DEBUG,fid_MachineNextLotStart,null,3
50654,05/05/2026 06:16:05,set TAG = [GI4_RECIPE_Data_OP10_PTL_6_Cell].value_tag=[11] era [0] tagID=[9ca743ce62c64ec19306f9a7f58ee4b2],DB DEBUG,fid_MachineNextLotStart,null,3
50655,05/05/2026 06:16:05,set TAG = [GI4_RECIPE_Data_OP10_PTL_6_Description].value_text=[TCCE M10x35 UNI5931-12K-br.] era [] tagID=[8888b6c2b336454ea1dde3d0e777e26c],DB DEBUG,fid_MachineNextLotStart,null,3
50656,05/05/2026 06:16:05,set TAG = [GI4_RECIPE_Data_OP10_PTL_6_PartNumber].value_text=[5713.54.2587] era [] tagID=[f7ab839aa8ad49d8a42784dccb4de06a],DB DEBUG,fid_MachineNextLotStart,null,3
50657,05/05/2026 06:16:05,set TAG = [GI4_RECIPE_Data_OP10_PTL_6_Qta].value_tag=[2] era [0] tagID=[149871b6a096497a9ec64f62ca13eb4b],DB DEBUG,fid_MachineNextLotStart,null,3
50658,05/05/2026 06:16:05,"set TAG = [GI4_RECIPE_Data_OP30_PTL_1_Description].value_text=[AN.TEN.AS-HP22x40x7/7,5 DIN 3] era [] tagID=[6edf7c9599df40aaa064ea22db7144e7]",DB DEBUG,fid_MachineNextLotStart,null,3
50659,05/05/2026 06:16:05,set TAG = [GI4_RECIPE_Data_OP30_PTL_1_PartNumber].value_text=[11115858] era [] tagID=[7ce37947270449218f875eea849a2044],DB DEBUG,fid_MachineNextLotStart,null,3
50660,05/05/2026 06:16:05,set TAG = [GI4_RECIPE_Data_OP30_PTL_1_Qta].value_tag=[2] era [0] tagID=[d65957a68f104b35b957c4a45caf82c7],DB DEBUG,fid_MachineNextLotStart,null,3
50661,05/05/2026 06:16:05,set TAG = [GI4_RECIPE_Data_OP30_PTL_2_Description].value_text=[TARGHETTA ADESIVA GRIGIA 44x2] era [] tagID=[00b1fda64a62469b8e3742551e16ce95],DB DEBUG,fid_MachineNextLotStart,null,3
50662,05/05/2026 06:16:05,set TAG = [GI4_RECIPE_Data_OP30_PTL_2_PartNumber].value_text=[11180057] era [] tagID=[02b85a6445fd4f509ff0590d881cbfd7],DB DEBUG,fid_MachineNextLotStart,null,3
50663,05/05/2026 06:16:05,set TAG = [GI4_RECIPE_Data_OP30_PTL_2_Qta].value_tag=[2] era [0] tagID=[0595c7172ef94685bfe9c025f6ad73b0],DB DEBUG,fid_MachineNextLotStart,null,3
50664,05/05/2026 06:16:05,set TAG = [GI4_RECIPE_Data_OP30_PTL_3_Description].value_text=[BEARING+DU BUSSLE SNP3 (BOLIN] era [] tagID=[6c0199243d38436b93a2b418272ded79],DB DEBUG,fid_MachineNextLotStart,null,3
50665,05/05/2026 06:16:05,set TAG = [GI4_RECIPE_Data_OP30_PTL_3_PartNumber].value_text=[11310055] era [] tagID=[4ed4ea17a6e443da814e915f4e0eebca],DB DEBUG,fid_MachineNextLotStart,null,3
50666,05/05/2026 06:16:05,set TAG = [GI4_RECIPE_Data_OP30_PTL_3_Qta].value_tag=[2] era [0] tagID=[f5092d456a0f4d6ba72d15f5021c30ef],DB DEBUG,fid_MachineNextLotStart,null,3
50667,05/05/2026 06:16:05,set TAG = [GI4_RECIPE_Data_OP30_PTL_4_Description].value_text=[RE SNP3/63      CO01 ....] era [] tagID=[85dd705906f34a43a06a48e2fa5562d0],DB DEBUG,fid_MachineNextLotStart,null,3
50668,05/05/2026 06:16:05,set TAG = [GI4_RECIPE_Data_OP30_PTL_4_PartNumber].value_text=[311.1909.0.00] era [] tagID=[db25e4537dce4403bb74d9bd31294088],DB DEBUG,fid_MachineNextLotStart,null,3
50669,05/05/2026 06:16:05,set TAG = [GI4_RECIPE_Data_OP30_PTL_4_Qta].value_tag=[2] era [0] tagID=[7ca06a06c6814e5482f933de89dca8a1],DB DEBUG,fid_MachineNextLotStart,null,3
50670,05/05/2026 06:16:05,set TAG = [GI4_RECIPE_Data_OP30_PTL_5_Description].value_text=[PIASTRA DI BILANC. SNP3] era [] tagID=[e53c254a4d5645ba96ad637a909db04d],DB DEBUG,fid_MachineNextLotStart,null,3
50671,05/05/2026 06:16:05,set TAG = [GI4_RECIPE_Data_OP30_PTL_5_PartNumber].value_text=[315.0017.0.00] era [] tagID=[d3ef201d06a94d69bb216c88bf4a33ea],DB DEBUG,fid_MachineNextLotStart,null,3
50672,05/05/2026 06:16:05,set TAG = [GI4_RECIPE_Data_OP30_PTL_5_Qta].value_tag=[2] era [0] tagID=[17e58e802fdb4886a00ee2df555cccc2],DB DEBUG,fid_MachineNextLotStart,null,3
50673,05/05/2026 06:16:05,set TAG = [GI4_RECIPE_Data_OP30_PTL_6_Description].value_text=[ROND.DI SICUREZZA SNP3/ CO01-] era [] tagID=[3fbdcfa4cbe54f72b48bbfa700784f6d],DB DEBUG,fid_MachineNextLotStart,null,3
50674,05/05/2026 06:16:05,set TAG = [GI4_RECIPE_Data_OP30_PTL_6_PartNumber].value_text=[326.0049.0.00] era [] tagID=[b8b9fa36e33a4e14a2374c935ab0585d],DB DEBUG,fid_MachineNextLotStart,null,3
50675,05/05/2026 06:16:05,set TAG = [GI4_RECIPE_Data_OP30_PTL_6_Qta].value_tag=[2] era [0] tagID=[d8586c93e6cf42cf8b806d67a901041c],DB DEBUG,fid_MachineNextLotStart,null,3
50676,05/05/2026 06:16:05,set TAG = [GI4_RECIPE_Data_OP30_PTL_7_Description].value_text=[PROT.LINGUETTA SNP3/..] era [] tagID=[94025c26c59641fa8ca85675332ce390],DB DEBUG,fid_MachineNextLotStart,null,3
50677,05/05/2026 06:16:05,set TAG = [GI4_RECIPE_Data_OP30_PTL_7_PartNumber].value_text=[330.0083.0.00] era [] tagID=[dfbda0b35a5c49b8819953f342e53512],DB DEBUG,fid_MachineNextLotStart,null,3
50678,05/05/2026 06:16:05,set TAG = [GI4_RECIPE_Data_OP30_PTL_7_Qta].value_tag=[2] era [0] tagID=[3640890fbc5649c38727f3cec1b1e5f2],DB DEBUG,fid_MachineNextLotStart,null,3
50679,05/05/2026 06:16:05,set TAG = [GI4_RECIPE_Data_OP30_PTL_8_Description].value_text=[TAPPO FILETTATO- 1-  GAS] era [] tagID=[0c50c86c64814102b8bf9d50bea4121c],DB DEBUG,fid_MachineNextLotStart,null,3
50680,05/05/2026 06:16:05,set TAG = [GI4_RECIPE_Data_OP30_PTL_8_PartNumber].value_text=[5009.05.0007] era [] tagID=[7807e14906eb46aa9f1939eb0ad14cc8],DB DEBUG,fid_MachineNextLotStart,null,3
50681,05/05/2026 06:16:05,set TAG = [GI4_RECIPE_Data_OP30_PTL_8_Qta].value_tag=[2] era [0] tagID=[85fb34eba80d4fb38ad706d6bc51c136],DB DEBUG,fid_MachineNextLotStart,null,3
50682,05/05/2026 06:16:05,set TAG = [GI4_RECIPE_Data_OP30_PTL_9_Description].value_text=[TAPPO FILETTATO- 1- 1/4 GAS] era [] tagID=[1b395e351c7a424faee5b72d6916e004],DB DEBUG,fid_MachineNextLotStart,null,3
50683,05/05/2026 06:16:05,set TAG = [GI4_RECIPE_Data_OP30_PTL_9_PartNumber].value_text=[5009.05.0008] era [] tagID=[fc2257a112b54dc2a793c18e6f620bae],DB DEBUG,fid_MachineNextLotStart,null,3
50684,05/05/2026 06:16:05,set TAG = [GI4_RECIPE_Data_OP30_PTL_9_Qta].value_tag=[2] era [0] tagID=[520695cbf77546e5812b02406ba8f089],DB DEBUG,fid_MachineNextLotStart,null,3
50685,05/05/2026 06:16:05,"set TAG = [GI4_RECIPE_Data_OP30_PTL_10_Description].value_text=[DADO M14x1,5  6S BR  UNI 5589] era [] tagID=[c106b0472bc946af8adb552982d35391]",DB DEBUG,fid_MachineNextLotStart,null,3
50686,05/05/2026 06:16:05,set TAG = [GI4_RECIPE_Data_OP30_PTL_10_PartNumber].value_text=[5719.56.3194] era [] tagID=[3a58c2366cbe4e0a840abbf4b877bace],DB DEBUG,fid_MachineNextLotStart,null,3
50687,05/05/2026 06:16:05,set TAG = [GI4_RECIPE_Data_OP30_PTL_10_Qta].value_tag=[2] era [0] tagID=[48e969b5856d4c9d82336b1e072b1bba],DB DEBUG,fid_MachineNextLotStart,null,3
50688,05/05/2026 06:16:05,set TAG = [GI4_RECIPE_Data_OP30_PTL_11_Description].value_text=[SEEGER 40 UNI 7437] era [] tagID=[8221d86a3f8d40afa93cc9f830cee8ce],DB DEBUG,fid_MachineNextLotStart,null,3
50689,05/05/2026 06:16:05,set TAG = [GI4_RECIPE_Data_OP30_PTL_11_PartNumber].value_text=[5725.20.3675] era [] tagID=[48aacd5c08a34d18bbf3bb7419fa3ab4],DB DEBUG,fid_MachineNextLotStart,null,3
50690,05/05/2026 06:16:05,set TAG = [GI4_RECIPE_Data_OP30_PTL_11_Qta].value_tag=[2] era [0] tagID=[7485e62704ef4a809acab6146f70165f],DB DEBUG,fid_MachineNextLotStart,null,3
50691,05/05/2026 06:16:05,"set TAG = [GI4_RECIPE_Data_OP30_PTL_12_Description].value_text=[LING.A DISCO 4 x 7,5 UNI 6606] era [] tagID=[9968ccfe92584960b1373e007a2970ca]",DB DEBUG,fid_MachineNextLotStart,null,3
50692,05/05/2026 06:16:05,set TAG = [GI4_RECIPE_Data_OP30_PTL_12_PartNumber].value_text=[5730.03.1006] era [] tagID=[1897909b17784365ae9be36b71a37912],DB DEBUG,fid_MachineNextLotStart,null,3
50693,05/05/2026 06:16:05,set TAG = [GI4_RECIPE_Data_OP30_PTL_12_Qta].value_tag=[2] era [0] tagID=[e272e191e59948aeb7ea87968fe68743],DB DEBUG,fid_MachineNextLotStart,null,3
50694,05/05/2026 06:16:05,set TAG = [GI4_RECIPE_Data_OP30_PTL_13_Cell].value_tag=[22] era [0] tagID=[322607fdab0d48e482f702551a084233],DB DEBUG,fid_MachineNextLotStart,null,3
50695,05/05/2026 06:16:05,set TAG = [GI4_RECIPE_Data_OP30_PTL_13_Description].value_text=[GUAR.BILANC.PIASTRA SNP3] era [] tagID=[fc7c0d2bb0404817a3b5522808550b35],DB DEBUG,fid_MachineNextLotStart,null,3
50696,05/05/2026 06:16:05,set TAG = [GI4_RECIPE_Data_OP30_PTL_13_PartNumber].value_text=[314.0059.0.00] era [] tagID=[4419482991d445749bca6c4b6b6b4edc],DB DEBUG,fid_MachineNextLotStart,null,3
50697,05/05/2026 06:16:05,set TAG = [GI4_RECIPE_Data_OP30_PTL_13_Qta].value_tag=[1] era [0] tagID=[374dd1ca558346c198cd868b38086280],DB DEBUG,fid_MachineNextLotStart,null,3
50698,05/05/2026 06:16:05,set TAG = [GI4_RECIPE_Data_OP30_PTL_14_Cell].value_tag=[23] era [0] tagID=[0cf9f78a5123498ab6e2b33cc7e7cdb5],DB DEBUG,fid_MachineNextLotStart,null,3
50699,05/05/2026 06:16:05,set TAG = [GI4_RECIPE_Data_OP30_PTL_14_Description].value_text=[AN.ANTIESTR.PIASTRA SNP3] era [] tagID=[4812e17c8ac14e9a9c0ef1b4b4696b0b],DB DEBUG,fid_MachineNextLotStart,null,3
50700,05/05/2026 06:16:05,set TAG = [GI4_RECIPE_Data_OP30_PTL_14_PartNumber].value_text=[313.0039.1.00] era [] tagID=[adc6dee299e94b74a6c5d5d7fc477174],DB DEBUG,fid_MachineNextLotStart,null,3
50701,05/05/2026 06:16:05,set TAG = [GI4_RECIPE_Data_OP30_PTL_14_Qta].value_tag=[1] era [0] tagID=[1e1a67aab00c40568e55d6a9cb7e929c],DB DEBUG,fid_MachineNextLotStart,null,3
50702,05/05/2026 06:16:05,set TAG = [GI4_RECIPE_Data_OP30_PTL_15_Cell].value_tag=[21] era [0] tagID=[43ca04a60779487a9bad4b18e6857c08],DB DEBUG,fid_MachineNextLotStart,null,3
50703,05/05/2026 06:16:05,set TAG = [GI4_RECIPE_Data_OP30_PTL_15_Description].value_text=[GUAR.DI CONT. BOCC.SNP3] era [] tagID=[980dc20e83254cfa8b43b2e84a4dc2f3],DB DEBUG,fid_MachineNextLotStart,null,3
50704,05/05/2026 06:16:05,set TAG = [GI4_RECIPE_Data_OP30_PTL_15_PartNumber].value_text=[314.0060.0.00] era [] tagID=[0f861d9887f547c4a700d24785651f0c],DB DEBUG,fid_MachineNextLotStart,null,3
50705,05/05/2026 06:16:05,set TAG = [GI4_RECIPE_Data_OP30_PTL_15_Qta].value_tag=[1] era [0] tagID=[968856ca602e46fea96e5ad25133b385],DB DEBUG,fid_MachineNextLotStart,null,3
50706,05/05/2026 06:16:05,set TAG = [GI4_RECIPE_Data_OP30_PTL_16_Cell].value_tag=[32] era [0] tagID=[d123070cd4a345bc89bf30fe22794bc1],DB DEBUG,fid_MachineNextLotStart,null,3
50707,05/05/2026 06:16:05,set TAG = [GI4_RECIPE_Data_OP30_PTL_16_Description].value_text=[MEZZO CORPO INSERIMENTO BOCCOLE] era [] tagID=[d4dd1b0e36854cb0b97ca5a2083a5e97],DB DEBUG,fid_MachineNextLotStart,null,3
50708,05/05/2026 06:16:05,set TAG = [GI4_RECIPE_Data_OP30_PTL_16_PartNumber].value_text=[MEZZO CORPO] era [] tagID=[6d357d24034d4d348eb664870a175ca5],DB DEBUG,fid_MachineNextLotStart,null,3
50709,05/05/2026 06:16:05,set TAG = [GI4_RECIPE_Data_OP30_PTL_16_Qta].value_tag=[1] era [0] tagID=[772cdae9560e41fcbc21a49ff0310e5f],DB DEBUG,fid_MachineNextLotStart,null,3
50710,05/05/2026 06:16:05,set TAG = [GI4_RECIPE_Data_OP30_PTL_17_Cell].value_tag=[29] era [0] tagID=[57ba57515e4241628360aeefc630048a],DB DEBUG,fid_MachineNextLotStart,null,3
50711,05/05/2026 06:16:05,"set TAG = [GI4_RECIPE_Data_OP30_PTL_17_Description].value_text=[PRE-SHAPED  OR SEAL88,57 x 2,] era [] tagID=[77bad5e1ff0c458d8fff4dc1a9398e7e]",DB DEBUG,fid_MachineNextLotStart,null,3
50712,05/05/2026 06:16:05,set TAG = [GI4_RECIPE_Data_OP30_PTL_17_PartNumber].value_text=[11282842] era [] tagID=[dc6d34d72e764dc39923d42256ea925e],DB DEBUG,fid_MachineNextLotStart,null,3
50713,05/05/2026 06:16:05,set TAG = [GI4_RECIPE_Data_OP30_PTL_17_Qta].value_tag=[1] era [0] tagID=[ed0f4ff5e80b483abd0c4e253163a0d0],DB DEBUG,fid_MachineNextLotStart,null,3
50714,05/05/2026 06:16:05,set TAG = [GI4_RECIPE_Data_OP30_PTL_18_Cell].value_tag=[30] era [0] tagID=[d1fb08f8dfe8459ca943cb806aafa3d7],DB DEBUG,fid_MachineNextLotStart,null,3
50715,05/05/2026 06:16:05,set TAG = [GI4_RECIPE_Data_OP30_PTL_18_Description].value_text=[SPINA COLL. D.8x15 sim. UNI E] era [] tagID=[9d6181a89a3b42b089cdea11cde8d5aa],DB DEBUG,fid_MachineNextLotStart,null,3
50716,05/05/2026 06:16:05,set TAG = [GI4_RECIPE_Data_OP30_PTL_18_PartNumber].value_text=[5011.31.2215] era [] tagID=[c26f43793c1d47c59d1e85e4b3346a7d],DB DEBUG,fid_MachineNextLotStart,null,3
50717,05/05/2026 06:16:05,set TAG = [GI4_RECIPE_Data_OP30_PTL_18_Qta].value_tag=[2] era [0] tagID=[fbaa718a6f79489791c6078feeef72b7],DB DEBUG,fid_MachineNextLotStart,null,3
50718,05/05/2026 06:16:05,set TAG = [GI4_RECIPE_Data_OP30_PTL_19_Cell].value_tag=[12] era [0] tagID=[02b3ddb59fc142e19bc8f2344bfb4f72],DB DEBUG,fid_MachineNextLotStart,null,3
50719,05/05/2026 06:16:05,set TAG = [GI4_RECIPE_Data_OP30_PTL_19_Description].value_text=[TCCE M10x30 UNI5931-12K- br.] era [] tagID=[94c2f74c34bb4d6cb2166ebd7712ff25],DB DEBUG,fid_MachineNextLotStart,null,3
50720,05/05/2026 06:16:05,set TAG = [GI4_RECIPE_Data_OP30_PTL_19_PartNumber].value_text=[5713.54.2579] era [] tagID=[117d55a6eec74686af0d4085044334ff],DB DEBUG,fid_MachineNextLotStart,null,3
50721,05/05/2026 06:16:05,set TAG = [GI4_RECIPE_Data_OP30_PTL_19_Qta].value_tag=[2] era [0] tagID=[d20b05552f07497ebda26ccb177f2dbc],DB DEBUG,fid_MachineNextLotStart,null,3
50722,05/05/2026 06:16:11,Elaboro lotti in coda per linea=fc0ef60c8da844d5a531b293ac0b857b,DB DEBUG,fe_LineSetNextLot,fc0ef60c8da844d5a531b293ac0b857b,3
50723,05/05/2026 06:16:11,Cambiato Lotto/ricetta in coda - LotNew=[NULL] era [628b22dd832d413e8915786d5b73d5f9]; RecipeNew=[NULL].[8909c826316c4467978350acb28bd10f era [(NULL)].[1,DB DEBUG,fid_MachineFindSetNextLot,c05dcd762e4b4b5a99224c48445d7683,3
50724,05/05/2026 06:16:11,Cambio Lotto avvenuto con successo - macchina:c05dcd762e4b4b5a99224c48445d7683 lotto:,NODE-RED,NextLotStartDone,c05dcd762e4b4b5a99224c48445d7683,0
50725,05/05/2026 06:23:59,Lotto [59975853}] ricetta [111.25.072.0C-59975853] ver [1] wasLotPresent=1 wasRecipePresent=1 insertedRows=0 updatedRows=0,NODE-RED,CheckCreateLotDone,c05dcd762e4b4b5a99224c48445d7683,0
50726,05/05/2026 06:24:39,INSERT in LOT_RECIPE_ROW TAG: [GI4_RECIPE_Data_OP30_PTL_2_Description] value: [TARGHETTA ADESIVA GRIGIA 44x2] (FROM RECIPE_ROW) recipeId: [29116642ea5d4013895cee5488b3c7f3] tagID=[00b1fda64a62469b8e3742551e16ce95] set TAG_NEW=0,DB DEBUG,fe_LotRecipeRowCheckCreateByRecipe,c05dcd762e4b4b5a99224c48445d7683,3
50727,05/05/2026 06:24:39,INSERT in LOT_RECIPE_ROW TAG: [GI4_RECIPE_Data_OP10_PTL_9_Cell] value: [0] (FROM RECIPE_ROW) recipeId: [29116642ea5d4013895cee5488b3c7f3] tagID=[00bf0c48f06d421fa49b67d755982f66] set TAG_NEW=0,DB DEBUG,fe_LotRecipeRowCheckCreateByRecipe,c05dcd762e4b4b5a99224c48445d7683,3
50728,05/05/2026 06:24:39,INSERT in LOT_RECIPE_ROW TAG: [GI4_RECIPE_Data_OP10_PTL_19_CellUnion] value: [0] (FROM RECIPE_ROW) recipeId: [29116642ea5d4013895cee5488b3c7f3] tagID=[010d32c109574379bfeff5dd778e4596] set TAG_NEW=0,DB DEBUG,fe_LotRecipeRowCheckCreateByRecipe,c05dcd762e4b4b5a99224c48445d7683,3
50729,05/05/2026 06:24:39,INSERT in LOT_RECIPE_ROW TAG: [GI4_RECIPE_Data_OP10_PTL_9_Qta] value: [0] (FROM RECIPE_ROW) recipeId: [29116642ea5d4013895cee5488b3c7f3] tagID=[01b54df8c5c8431fbdfa8884310acd28] set TAG_NEW=0,DB DEBUG,fe_LotRecipeRowCheckCreateByRecipe,c05dcd762e4b4b5a99224c48445d7683,3
50730,05/05/2026 06:24:39,INSERT in LOT_RECIPE_ROW TAG: [GI4_RECIPE_Data_OP10_PTL_11_Cell] value: [0] (FROM RECIPE_ROW) recipeId: [29116642ea5d4013895cee5488b3c7f3] tagID=[01f796dc632e41b4ab097c1ecabb4b0f] set TAG_NEW=0,DB DEBUG,fe_LotRecipeRowCheckCreateByRecipe,c05dcd762e4b4b5a99224c48445d7683,3
50731,05/05/2026 06:24:39,INSERT in LOT_RECIPE_ROW TAG: [GI4_RECIPE_Data_OP30_PTL_19_Cell] value: [0] (FROM RECIPE_ROW) recipeId: [29116642ea5d4013895cee5488b3c7f3] tagID=[02b3ddb59fc142e19bc8f2344bfb4f72] set TAG_NEW=0,DB DEBUG,fe_LotRecipeRowCheckCreateByRecipe,c05dcd762e4b4b5a99224c48445d7683,3
50732,05/05/2026 06:24:39,INSERT in LOT_RECIPE_ROW TAG: [GI4_RECIPE_Data_OP30_PTL_2_PartNumber] value: [11180057] (FROM RECIPE_ROW) recipeId: [29116642ea5d4013895cee5488b3c7f3] tagID=[02b85a6445fd4f509ff0590d881cbfd7] set TAG_NEW=0,DB DEBUG,fe_LotRecipeRowCheckCreateByRecipe,c05dcd762e4b4b5a99224c48445d7683,3
50733,05/05/2026 06:24:39,INSERT in LOT_RECIPE_ROW TAG: [GI4_RECIPE_Data_OP30_PTL_26_CellUnion] value: [0] (FROM RECIPE_ROW) recipeId: [29116642ea5d4013895cee5488b3c7f3] tagID=[03eff61cd6c4460ab6aa437ee0a2cc4f] set TAG_NEW=0,DB DEBUG,fe_LotRecipeRowCheckCreateByRecipe,c05dcd762e4b4b5a99224c48445d7683,3
50734,05/05/2026 06:24:39,INSERT in LOT_RECIPE_ROW TAG: [GI4_RECIPE_Data_OP30_PTL_14_CellUnion] value: [0] (FROM RECIPE_ROW) recipeId: [29116642ea5d4013895cee5488b3c7f3] tagID=[03fe10dfb8324b348a02ff128543273e] set TAG_NEW=0,DB DEBUG,fe_LotRecipeRowCheckCreateByRecipe,c05dcd762e4b4b5a99224c48445d7683,3
50735,05/05/2026 06:24:39,INSERT in LOT_RECIPE_ROW TAG: [GI4_RECIPE_Data_OP30_PTL_24_PartNumber] value: [] (FROM RECIPE_ROW) recipeId: [29116642ea5d4013895cee5488b3c7f3] tagID=[04e5d1459c974a708aa383b3539f6b54] set TAG_NEW=0,DB DEBUG,fe_LotRecipeRowCheckCreateByRecipe,c05dcd762e4b4b5a99224c48445d7683,3
50736,05/05/2026 06:24:39,INSERT in LOT_RECIPE_ROW TAG: [GI4_RECIPE_Data_OP30_PTL_2_Qta] value: [1] (FROM RECIPE_ROW) recipeId: [29116642ea5d4013895cee5488b3c7f3] tagID=[0595c7172ef94685bfe9c025f6ad73b0] set TAG_NEW=0,DB DEBUG,fe_LotRecipeRowCheckCreateByRecipe,c05dcd762e4b4b5a99224c48445d7683,3
50737,05/05/2026 06:24:39,INSERT in LOT_RECIPE_ROW TAG: [GI4_RECIPE_Data_OP30_PTL_25_Cell] value: [0] (FROM RECIPE_ROW) recipeId: [29116642ea5d4013895cee5488b3c7f3] tagID=[0825757efe7a4a17ad0a2f68fc354c13] set TAG_NEW=0,DB DEBUG,fe_LotRecipeRowCheckCreateByRecipe,c05dcd762e4b4b5a99224c48445d7683,3
50738,05/05/2026 06:24:39,INSERT in LOT_RECIPE_ROW TAG: [GI4_RECIPE_Data_OP10_PTL_23_CellUnion] value: [0] (FROM RECIPE_ROW) recipeId: [29116642ea5d4013895cee5488b3c7f3] tagID=[08a1b948dc2b43adb6f3a5f05a6e7c10] set TAG_NEW=0,DB DEBUG,fe_LotRecipeRowCheckCreateByRecipe,c05dcd762e4b4b5a99224c48445d7683,3
50739,05/05/2026 06:24:39,INSERT in LOT_RECIPE_ROW TAG: [GI4_RECIPE_Data_OP10_PTL_25_PartNumber] value: [] (FROM RECIPE_ROW) recipeId: [29116642ea5d4013895cee5488b3c7f3] tagID=[08c052c80fc44199978244ded6f644a8] set TAG_NEW=0,DB DEBUG,fe_LotRecipeRowCheckCreateByRecipe,c05dcd762e4b4b5a99224c48445d7683,3
50740,05/05/2026 06:24:39,INSERT in LOT_RECIPE_ROW TAG: [GI4_RECIPE_Data_OP30_PTL_24_Description] value: [] (FROM RECIPE_ROW) recipeId: [29116642ea5d4013895cee5488b3c7f3] tagID=[08e01c362a124f688baffd9b72b42d55] set TAG_NEW=0,DB DEBUG,fe_LotRecipeRowCheckCreateByRecipe,c05dcd762e4b4b5a99224c48445d7683,3
50741,05/05/2026 06:24:39,INSERT in LOT_RECIPE_ROW TAG: [GI4_RECIPE_Data_OP30_PTL_8_Description] value: [TAPPO FILETTATO- 1-  GAS] (FROM RECIPE_ROW) recipeId: [29116642ea5d4013895cee5488b3c7f3] tagID=[0c50c86c64814102b8bf9d50bea4121c] set TAG_NEW=0,DB DEBUG,fe_LotRecipeRowCheckCreateByRecipe,c05dcd762e4b4b5a99224c48445d7683,3
50742,05/05/2026 06:24:39,INSERT in LOT_RECIPE_ROW TAG: [GI4_RECIPE_Data_OP10_PTL_31_Qta] value: [0] (FROM RECIPE_ROW) recipeId: [29116642ea5d4013895cee5488b3c7f3] tagID=[0cae3beb3c844e07b0495201a61d0a6b] set TAG_NEW=0,DB DEBUG,fe_LotRecipeRowCheckCreateByRecipe,c05dcd762e4b4b5a99224c48445d7683,3
50743,05/05/2026 06:24:39,INSERT in LOT_RECIPE_ROW TAG: [GI4_RECIPE_Data_OP30_PTL_14_Cell] value: [21] (FROM RECIPE_ROW) recipeId: [29116642ea5d4013895cee5488b3c7f3] tagID=[0cf9f78a5123498ab6e2b33cc7e7cdb5] set TAG_NEW=0,DB DEBUG,fe_LotRecipeRowCheckCreateByRecipe,c05dcd762e4b4b5a99224c48445d7683,3
50744,05/05/2026 06:24:39,INSERT in LOT_RECIPE_ROW TAG: [GI4_RECIPE_Data_OP10_PTL_3_PartNumber] value: [314.0060.0.00] (FROM RECIPE_ROW) recipeId: [29116642ea5d4013895cee5488b3c7f3] tagID=[0ecb09489ff542bdbdd43d40a6c9512f] set TAG_NEW=0,DB DEBUG,fe_LotRecipeRowCheckCreateByRecipe,c05dcd762e4b4b5a99224c48445d7683,3
50745,05/05/2026 06:24:39,INSERT in LOT_RECIPE_ROW TAG: [GI4_RECIPE_Data_OP30_PTL_15_PartNumber] value: [MEZZO CORPO] (FROM RECIPE_ROW) recipeId: [29116642ea5d4013895cee5488b3c7f3] tagID=[0f861d9887f547c4a700d24785651f0c] set TAG_NEW=0,DB DEBUG,fe_LotRecipeRowCheckCreateByRecipe,c05dcd762e4b4b5a99224c48445d7683,3
50746,05/05/2026 06:24:39,INSERT in LOT_RECIPE_ROW TAG: [GI4_RECIPE_Data_OP30_PTL_28_Cell] value: [0] (FROM RECIPE_ROW) recipeId: [29116642ea5d4013895cee5488b3c7f3] tagID=[1064907859704583a8bb1acb185d83ab] set TAG_NEW=0,DB DEBUG,fe_LotRecipeRowCheckCreateByRecipe,c05dcd762e4b4b5a99224c48445d7683,3
50747,05/05/2026 06:24:39,INSERT in LOT_RECIPE_ROW TAG: [GI4_RECIPE_Data_OP30_PTL_28_PartNumber] value: [] (FROM RECIPE_ROW) recipeId: [29116642ea5d4013895cee5488b3c7f3] tagID=[108fa0aa4e9b422cb0c37060f5f8251a] set TAG_NEW=0,DB DEBUG,fe_LotRecipeRowCheckCreateByRecipe,c05dcd762e4b4b5a99224c48445d7683,3
50748,05/05/2026 06:24:39,INSERT in LOT_RECIPE_ROW TAG: [GI4_RECIPE_Data_OP30_PTL_19_PartNumber] value: [] (FROM RECIPE_ROW) recipeId: [29116642ea5d4013895cee5488b3c7f3] tagID=[117d55a6eec74686af0d4085044334ff] set TAG_NEW=0,DB DEBUG,fe_LotRecipeRowCheckCreateByRecipe,c05dcd762e4b4b5a99224c48445d7683,3
50749,05/05/2026 06:24:39,INSERT in LOT_RECIPE_ROW TAG: [GI4_RECIPE_Data_OP30_PTL_24_CellUnion] value: [0] (FROM RECIPE_ROW) recipeId: [29116642ea5d4013895cee5488b3c7f3] tagID=[11fead26f2374b1895abe418c9d7bf56] set TAG_NEW=0,DB DEBUG,fe_LotRecipeRowCheckCreateByRecipe,c05dcd762e4b4b5a99224c48445d7683,3
50750,05/05/2026 06:24:39,INSERT in LOT_RECIPE_ROW TAG: [GI4_RECIPE_Data_OP10_PTL_28_Description] value: [] (FROM RECIPE_ROW) recipeId: [29116642ea5d4013895cee5488b3c7f3] tagID=[12a6a0eb336a45538a178cbcfbba8b13] set TAG_NEW=0,DB DEBUG,fe_LotRecipeRowCheckCreateByRecipe,c05dcd762e4b4b5a99224c48445d7683,3
50751,05/05/2026 06:24:39,INSERT in LOT_RECIPE_ROW TAG: [GI4_RECIPE_Data_OP30_PTL_31_Cell] value: [0] (FROM RECIPE_ROW) recipeId: [29116642ea5d4013895cee5488b3c7f3] tagID=[138d7ec4d945404cb05a6c2acc6e26c9] set TAG_NEW=0,DB DEBUG,fe_LotRecipeRowCheckCreateByRecipe,c05dcd762e4b4b5a99224c48445d7683,3
50752,05/05/2026 06:24:39,INSERT in LOT_RECIPE_ROW TAG: [GI4_RECIPE_Data_OP10_PTL_4_Qta] value: [1] (FROM RECIPE_ROW) recipeId: [29116642ea5d4013895cee5488b3c7f3] tagID=[142c9d2d9d404cae81c1f59ae4da360d] set TAG_NEW=0,DB DEBUG,fe_LotRecipeRowCheckCreateByRecipe,c05dcd762e4b4b5a99224c48445d7683,3
50753,05/05/2026 06:24:39,INSERT in LOT_RECIPE_ROW TAG: [GI4_RECIPE_Data_OP10_PTL_6_Qta] value: [1] (FROM RECIPE_ROW) recipeId: [29116642ea5d4013895cee5488b3c7f3] tagID=[149871b6a096497a9ec64f62ca13eb4b] set TAG_NEW=0,DB DEBUG,fe_LotRecipeRowCheckCreateByRecipe,c05dcd762e4b4b5a99224c48445d7683,3
50754,05/05/2026 06:24:39,INSERT in LOT_RECIPE_ROW TAG: [GI4_RECIPE_Data_OP30_PTL_27_PartNumber] value: [] (FROM RECIPE_ROW) recipeId: [29116642ea5d4013895cee5488b3c7f3] tagID=[152ff83f6425493d8ee154c7474edc49] set TAG_NEW=0,DB DEBUG,fe_LotRecipeRowCheckCreateByRecipe,c05dcd762e4b4b5a99224c48445d7683,3
50755,05/05/2026 06:24:39,INSERT in LOT_RECIPE_ROW TAG: [GI4_RECIPE_Data_OP30_PTL_8_CellUnion] value: [0] (FROM RECIPE_ROW) recipeId: [29116642ea5d4013895cee5488b3c7f3] tagID=[16825f04574b4c16b4ab3c9fc79ebec3] set TAG_NEW=0,DB DEBUG,fe_LotRecipeRowCheckCreateByRecipe,c05dcd762e4b4b5a99224c48445d7683,3
50756,05/05/2026 06:24:39,INSERT in LOT_RECIPE_ROW TAG: [GI4_RECIPE_Data_OP30_PTL_13_CellUnion] value: [0] (FROM RECIPE_ROW) recipeId: [29116642ea5d4013895cee5488b3c7f3] tagID=[171ef8f151874a64b2aa6d76fa9e011e] set TAG_NEW=0,DB DEBUG,fe_LotRecipeRowCheckCreateByRecipe,c05dcd762e4b4b5a99224c48445d7683,3
50757,05/05/2026 06:24:39,INSERT in LOT_RECIPE_ROW TAG: [GI4_RECIPE_Data_OP30_PTL_32_Qta] value: [0] (FROM RECIPE_ROW) recipeId: [29116642ea5d4013895cee5488b3c7f3] tagID=[17bfebdd36ed4d268e65b73ad2683657] set TAG_NEW=0,DB DEBUG,fe_LotRecipeRowCheckCreateByRecipe,c05dcd762e4b4b5a99224c48445d7683,3
50758,05/05/2026 06:24:39,INSERT in LOT_RECIPE_ROW TAG: [GI4_RECIPE_Data_OP30_PTL_5_Qta] value: [1] (FROM RECIPE_ROW) recipeId: [29116642ea5d4013895cee5488b3c7f3] tagID=[17e58e802fdb4886a00ee2df555cccc2] set TAG_NEW=0,DB DEBUG,fe_LotRecipeRowCheckCreateByRecipe,c05dcd762e4b4b5a99224c48445d7683,3
50759,05/05/2026 06:24:39,INSERT in LOT_RECIPE_ROW TAG: [GI4_RECIPE_Data_OP30_PTL_12_PartNumber] value: [314.0059.0.00] (FROM RECIPE_ROW) recipeId: [29116642ea5d4013895cee5488b3c7f3] tagID=[1897909b17784365ae9be36b71a37912] set TAG_NEW=0,DB DEBUG,fe_LotRecipeRowCheckCreateByRecipe,c05dcd762e4b4b5a99224c48445d7683,3
50760,05/05/2026 06:24:39,INSERT in LOT_RECIPE_ROW TAG: [GI4_RECIPE_Data_OP10_PTL_9_CellUnion] value: [0] (FROM RECIPE_ROW) recipeId: [29116642ea5d4013895cee5488b3c7f3] tagID=[1a1c23ee431f4728b01677039593bc81] set TAG_NEW=0,DB DEBUG,fe_LotRecipeRowCheckCreateByRecipe,c05dcd762e4b4b5a99224c48445d7683,3
50761,05/05/2026 06:24:39,INSERT in LOT_RECIPE_ROW TAG: [GI4_RECIPE_Data_OP10_PTL_31_PartNumber] value: [] (FROM RECIPE_ROW) recipeId: [29116642ea5d4013895cee5488b3c7f3] tagID=[1adcf7bd1d72448bb87b3b30dd715166] set TAG_NEW=0,DB DEBUG,fe_LotRecipeRowCheckCreateByRecipe,c05dcd762e4b4b5a99224c48445d7683,3
50762,05/05/2026 06:24:39,INSERT in LOT_RECIPE_ROW TAG: [GI4_RECIPE_Data_OP30_PTL_20_Qta] value: [0] (FROM RECIPE_ROW) recipeId: [29116642ea5d4013895cee5488b3c7f3] tagID=[1ae24f3c9bd843b5bdae323af5e44833] set TAG_NEW=0,DB DEBUG,fe_LotRecipeRowCheckCreateByRecipe,c05dcd762e4b4b5a99224c48445d7683,3
50763,05/05/2026 06:24:39,"INSERT in LOT_RECIPE_ROW TAG: [GI4_RECIPE_Data_OP30_PTL_9_Description] value: [DADO M14x1,5  6S BR  UNI 5589] (FROM RECIPE_ROW) recipeId: [29116642ea5d4013895cee5488b3c7f3] tagID=[1b395e351c7a424faee5b72d6916e004] set TAG_NEW=0",DB DEBUG,fe_LotRecipeRowCheckCreateByRecipe,c05dcd762e4b4b5a99224c48445d7683,3
50764,05/05/2026 06:24:39,INSERT in LOT_RECIPE_ROW TAG: [GI4_RECIPE_Data_OP30_PTL_30_Cell] value: [0] (FROM RECIPE_ROW) recipeId: [29116642ea5d4013895cee5488b3c7f3] tagID=[1c292609bff545948b1b50178f98734a] set TAG_NEW=0,DB DEBUG,fe_LotRecipeRowCheckCreateByRecipe,c05dcd762e4b4b5a99224c48445d7683,3
50765,05/05/2026 06:24:39,INSERT in LOT_RECIPE_ROW TAG: [GI4_RECIPE_Data_OP10_PTL_12_PartNumber] value: [] (FROM RECIPE_ROW) recipeId: [29116642ea5d4013895cee5488b3c7f3] tagID=[1c6bdf1e83a74aaca4e2c6a37d60fdd3] set TAG_NEW=0,DB DEBUG,fe_LotRecipeRowCheckCreateByRecipe,c05dcd762e4b4b5a99224c48445d7683,3
50766,05/05/2026 06:24:39,INSERT in LOT_RECIPE_ROW TAG: [GI4_RECIPE_Data_OP10_PTL_2_CellUnion] value: [0] (FROM RECIPE_ROW) recipeId: [29116642ea5d4013895cee5488b3c7f3] tagID=[1da4b4e89476455ba061456cde4d84bc] set TAG_NEW=0,DB DEBUG,fe_LotRecipeRowCheckCreateByRecipe,c05dcd762e4b4b5a99224c48445d7683,3
50767,05/05/2026 06:24:39,INSERT in LOT_RECIPE_ROW TAG: [GI4_RECIPE_Data_OP30_PTL_14_Qta] value: [0] (FROM RECIPE_ROW) recipeId: [29116642ea5d4013895cee5488b3c7f3] tagID=[1e1a67aab00c40568e55d6a9cb7e929c] set TAG_NEW=0,DB DEBUG,fe_LotRecipeRowCheckCreateByRecipe,c05dcd762e4b4b5a99224c48445d7683,3
50768,05/05/2026 06:24:39,INSERT in LOT_RECIPE_ROW TAG: [GI4_RECIPE_Data_OP30_PTL_9_Cell] value: [0] (FROM RECIPE_ROW) recipeId: [29116642ea5d4013895cee5488b3c7f3] tagID=[1e41bea737484150b9810803137db848] set TAG_NEW=0,DB DEBUG,fe_LotRecipeRowCheckCreateByRecipe,c05dcd762e4b4b5a99224c48445d7683,3
50769,05/05/2026 06:24:39,INSERT in LOT_RECIPE_ROW TAG: [GI4_RECIPE_Data_OP10_PTL_28_PartNumber] value: [] (FROM RECIPE_ROW) recipeId: [29116642ea5d4013895cee5488b3c7f3] tagID=[1e6514dd3aa241ddaf46cfba71deda8d] set TAG_NEW=0,DB DEBUG,fe_LotRecipeRowCheckCreateByRecipe,c05dcd762e4b4b5a99224c48445d7683,3
50770,05/05/2026 06:24:39,INSERT in LOT_RECIPE_ROW TAG: [GI4_RECIPE_Data_OP10_PTL_11_CellUnion] value: [0] (FROM RECIPE_ROW) recipeId: [29116642ea5d4013895cee5488b3c7f3] tagID=[1e73099add0d4761b3fb96855bcce8ba] set TAG_NEW=0,DB DEBUG,fe_LotRecipeRowCheckCreateByRecipe,c05dcd762e4b4b5a99224c48445d7683,3
50771,05/05/2026 06:24:39,INSERT in LOT_RECIPE_ROW TAG: [GI4_RECIPE_Data_OP30_PTL_30_PartNumber] value: [] (FROM RECIPE_ROW) recipeId: [29116642ea5d4013895cee5488b3c7f3] tagID=[1ec5b337bccb4f388faef9b1b78fe39d] set TAG_NEW=0,DB DEBUG,fe_LotRecipeRowCheckCreateByRecipe,c05dcd762e4b4b5a99224c48445d7683,3
50772,05/05/2026 06:24:39,INSERT in LOT_RECIPE_ROW TAG: [GI4_RECIPE_Data_OP10_PTL_18_PartNumber] value: [] (FROM RECIPE_ROW) recipeId: [29116642ea5d4013895cee5488b3c7f3] tagID=[1fd38a7c7dd64cfbb9a03b2acf6d6f9e] set TAG_NEW=0,DB DEBUG,fe_LotRecipeRowCheckCreateByRecipe,c05dcd762e4b4b5a99224c48445d7683,3
50773,05/05/2026 06:24:39,INSERT in LOT_RECIPE_ROW TAG: [GI4_RECIPE_Data_OP10_PTL_18_Cell] value: [0] (FROM RECIPE_ROW) recipeId: [29116642ea5d4013895cee5488b3c7f3] tagID=[200054d0678e43aab0d9f82753270661] set TAG_NEW=0,DB DEBUG,fe_LotRecipeRowCheckCreateByRecipe,c05dcd762e4b4b5a99224c48445d7683,3
50774,05/05/2026 06:24:39,INSERT in LOT_RECIPE_ROW TAG: [GI4_RECIPE_Data_OP30_PTL_9_CellUnion] value: [0] (FROM RECIPE_ROW) recipeId: [29116642ea5d4013895cee5488b3c7f3] tagID=[2117c8a6f98640dea219faa2b6243584] set TAG_NEW=0,DB DEBUG,fe_LotRecipeRowCheckCreateByRecipe,c05dcd762e4b4b5a99224c48445d7683,3
50775,05/05/2026 06:24:39,INSERT in LOT_RECIPE_ROW TAG: [GI4_RECIPE_Data_MasterModelCode] value: [SNP3NN/033RN01BAP1F6F5NNNN/NNNNN] (FROM RECIPE_ROW) recipeId: [29116642ea5d4013895cee5488b3c7f3] tagID=[2295f1d9dbe3459691489299eb02429f] set TAG_NEW=0,DB DEBUG,fe_LotRecipeRowCheckCreateByRecipe,c05dcd762e4b4b5a99224c48445d7683,3
50776,05/05/2026 06:24:39,INSERT in LOT_RECIPE_ROW TAG: [GI4_RECIPE_Data_OP10_PTL_22_CellUnion] value: [0] (FROM RECIPE_ROW) recipeId: [29116642ea5d4013895cee5488b3c7f3] tagID=[22d2c12d88084e9491c910a201e38e0d] set TAG_NEW=0,DB DEBUG,fe_LotRecipeRowCheckCreateByRecipe,c05dcd762e4b4b5a99224c48445d7683,3
50777,05/05/2026 06:24:39,INSERT in LOT_RECIPE_ROW TAG: [GI4_RECIPE_Data_OP30_PTL_25_CellUnion] value: [0] (FROM RECIPE_ROW) recipeId: [29116642ea5d4013895cee5488b3c7f3] tagID=[23490577e94b461fad46e23ebd9cdb89] set TAG_NEW=0,DB DEBUG,fe_LotRecipeRowCheckCreateByRecipe,c05dcd762e4b4b5a99224c48445d7683,3
50778,05/05/2026 06:24:39,INSERT in LOT_RECIPE_ROW TAG: [GI4_RECIPE_Data_OP10_PTL_16_CellUnion] value: [0] (FROM RECIPE_ROW) recipeId: [29116642ea5d4013895cee5488b3c7f3] tagID=[23526c0d4cc14b0b8445d664756087d9] set TAG_NEW=0,DB DEBUG,fe_LotRecipeRowCheckCreateByRecipe,c05dcd762e4b4b5a99224c48445d7683,3
50779,05/05/2026 06:24:39,INSERT in LOT_RECIPE_ROW TAG: [GI4_RECIPE_Data_OP30_PTL_10_CellUnion] value: [0] (FROM RECIPE_ROW) recipeId: [29116642ea5d4013895cee5488b3c7f3] tagID=[236ecfef4bc94a9ebfb403c825ec2cb8] set TAG_NEW=0,DB DEBUG,fe_LotRecipeRowCheckCreateByRecipe,c05dcd762e4b4b5a99224c48445d7683,3
50780,05/05/2026 06:24:39,INSERT in LOT_RECIPE_ROW TAG: [GI4_RECIPE_Data_OP30_PTL_6_Cell] value: [0] (FROM RECIPE_ROW) recipeId: [29116642ea5d4013895cee5488b3c7f3] tagID=[239ff647bb7c4b78b16fb964e8ea5c65] set TAG_NEW=0,DB DEBUG,fe_LotRecipeRowCheckCreateByRecipe,c05dcd762e4b4b5a99224c48445d7683,3
50781,05/05/2026 06:24:39,INSERT in LOT_RECIPE_ROW TAG: [GI4_RECIPE_Data_OP10_PTL_18_CellUnion] value: [0] (FROM RECIPE_ROW) recipeId: [29116642ea5d4013895cee5488b3c7f3] tagID=[24788739016145d2a6de1e84726b4509] set TAG_NEW=0,DB DEBUG,fe_LotRecipeRowCheckCreateByRecipe,c05dcd762e4b4b5a99224c48445d7683,3
50782,05/05/2026 06:24:39,INSERT in LOT_RECIPE_ROW TAG: [GI4_RECIPE_Data_OP10_PTL_29_CellUnion] value: [0] (FROM RECIPE_ROW) recipeId: [29116642ea5d4013895cee5488b3c7f3] tagID=[2547ffd6de24486f86b1235208d06d8b] set TAG_NEW=0,DB DEBUG,fe_LotRecipeRowCheckCreateByRecipe,c05dcd762e4b4b5a99224c48445d7683,3
50783,05/05/2026 06:24:39,INSERT in LOT_RECIPE_ROW TAG: [GI4_RECIPE_Data_OP10_PTL_21_CellUnion] value: [0] (FROM RECIPE_ROW) recipeId: [29116642ea5d4013895cee5488b3c7f3] tagID=[2768d9617f784288aada7d9eef63d70c] set TAG_NEW=0,DB DEBUG,fe_LotRecipeRowCheckCreateByRecipe,c05dcd762e4b4b5a99224c48445d7683,3
50784,05/05/2026 06:24:39,INSERT in LOT_RECIPE_ROW TAG: [GI4_RECIPE_Data_OP30_PTL_25_Description] value: [] (FROM RECIPE_ROW) recipeId: [29116642ea5d4013895cee5488b3c7f3] tagID=[27b140c810ec405994079df3f60de1e2] set TAG_NEW=0,DB DEBUG,fe_LotRecipeRowCheckCreateByRecipe,c05dcd762e4b4b5a99224c48445d7683,3
50785,05/05/2026 06:24:39,INSERT in LOT_RECIPE_ROW TAG: [GI4_RECIPE_Data_OP30_PTL_4_CellUnion] value: [0] (FROM RECIPE_ROW) recipeId: [29116642ea5d4013895cee5488b3c7f3] tagID=[29c462d549fb42e1b052a86a35b11f12] set TAG_NEW=0,DB DEBUG,fe_LotRecipeRowCheckCreateByRecipe,c05dcd762e4b4b5a99224c48445d7683,3
50786,05/05/2026 06:24:39,INSERT in LOT_RECIPE_ROW TAG: [GI4_RECIPE_Data_OP10_PTL_10_CellUnion] value: [0] (FROM RECIPE_ROW) recipeId: [29116642ea5d4013895cee5488b3c7f3] tagID=[2b0617f17e5f46729f228a527a408fdc] set TAG_NEW=0,DB DEBUG,fe_LotRecipeRowCheckCreateByRecipe,c05dcd762e4b4b5a99224c48445d7683,3
50787,05/05/2026 06:24:39,INSERT in LOT_RECIPE_ROW TAG: [GI4_RECIPE_Data_OP10_PTL_5_Qta] value: [0] (FROM RECIPE_ROW) recipeId: [29116642ea5d4013895cee5488b3c7f3] tagID=[2b5decc799564bc88555d022c4ea85a3] set TAG_NEW=0,DB DEBUG,fe_LotRecipeRowCheckCreateByRecipe,c05dcd762e4b4b5a99224c48445d7683,3
50788,05/05/2026 06:24:39,INSERT in LOT_RECIPE_ROW TAG: [GI4_RECIPE_Data_OP10_PTL_24_Cell] value: [0] (FROM RECIPE_ROW) recipeId: [29116642ea5d4013895cee5488b3c7f3] tagID=[2efc21b5f4fd41a6b3b388597dc3adb3] set TAG_NEW=0,DB DEBUG,fe_LotRecipeRowCheckCreateByRecipe,c05dcd762e4b4b5a99224c48445d7683,3
50789,05/05/2026 06:24:39,INSERT in LOT_RECIPE_ROW TAG: [GI4_RECIPE_Data_OP10_PTL_13_Cell] value: [0] (FROM RECIPE_ROW) recipeId: [29116642ea5d4013895cee5488b3c7f3] tagID=[2efd39cf088b44fa9e8c5d457d66450b] set TAG_NEW=0,DB DEBUG,fe_LotRecipeRowCheckCreateByRecipe,c05dcd762e4b4b5a99224c48445d7683,3
50790,05/05/2026 06:24:39,INSERT in LOT_RECIPE_ROW TAG: [GI4_RECIPE_Data_OP10_PTL_21_Description] value: [] (FROM RECIPE_ROW) recipeId: [29116642ea5d4013895cee5488b3c7f3] tagID=[2f012265fcf54daaa75a2db2cb2ccaad] set TAG_NEW=0,DB DEBUG,fe_LotRecipeRowCheckCreateByRecipe,c05dcd762e4b4b5a99224c48445d7683,3
50791,05/05/2026 06:24:39,INSERT in LOT_RECIPE_ROW TAG: [GI4_RECIPE_Data_DustCover] value: [0] (FROM RECIPE_ROW) recipeId: [29116642ea5d4013895cee5488b3c7f3] tagID=[2f62647d508c427c9d0593d21d9f9a96] set TAG_NEW=0,DB DEBUG,fe_LotRecipeRowCheckCreateByRecipe,c05dcd762e4b4b5a99224c48445d7683,3
50792,05/05/2026 06:24:39,INSERT in LOT_RECIPE_ROW TAG: [GI4_RECIPE_Data_OP10_PTL_32_Cell] value: [0] (FROM RECIPE_ROW) recipeId: [29116642ea5d4013895cee5488b3c7f3] tagID=[30cf96ca4b834ee2b9a7eb56df1b6aea] set TAG_NEW=0,DB DEBUG,fe_LotRecipeRowCheckCreateByRecipe,c05dcd762e4b4b5a99224c48445d7683,3
50793,05/05/2026 06:24:39,INSERT in LOT_RECIPE_ROW TAG: [GI4_RECIPE_Data_OP30_PTL_6_CellUnion] value: [0] (FROM RECIPE_ROW) recipeId: [29116642ea5d4013895cee5488b3c7f3] tagID=[3165fec2bb354085abd7e63466d042a6] set TAG_NEW=0,DB DEBUG,fe_LotRecipeRowCheckCreateByRecipe,c05dcd762e4b4b5a99224c48445d7683,3
50794,05/05/2026 06:24:39,INSERT in LOT_RECIPE_ROW TAG: [GI4_RECIPE_Data_PrintType] value: [1] (FROM RECIPE_ROW) recipeId: [29116642ea5d4013895cee5488b3c7f3] tagID=[319e60a433a54b1986e7af6ab5b36d6e] set TAG_NEW=0,DB DEBUG,fe_LotRecipeRowCheckCreateByRecipe,c05dcd762e4b4b5a99224c48445d7683,3
50795,05/05/2026 06:24:39,INSERT in LOT_RECIPE_ROW TAG: [GI4_RECIPE_Data_OP10_PTL_25_CellUnion] value: [0] (FROM RECIPE_ROW) recipeId: [29116642ea5d4013895cee5488b3c7f3] tagID=[31ad5d3c1e3a45f199917e67426ed441] set TAG_NEW=0,DB DEBUG,fe_LotRecipeRowCheckCreateByRecipe,c05dcd762e4b4b5a99224c48445d7683,3
50796,05/05/2026 06:24:39,INSERT in LOT_RECIPE_ROW TAG: [GI4_RECIPE_Data_OP30_PTL_13_Cell] value: [23] (FROM RECIPE_ROW) recipeId: [29116642ea5d4013895cee5488b3c7f3] tagID=[322607fdab0d48e482f702551a084233] set TAG_NEW=0,DB DEBUG,fe_LotRecipeRowCheckCreateByRecipe,c05dcd762e4b4b5a99224c48445d7683,3
50797,05/05/2026 06:24:39,INSERT in LOT_RECIPE_ROW TAG: [GI4_RECIPE_Data_OP30_PTL_19_CellUnion] value: [0] (FROM RECIPE_ROW) recipeId: [29116642ea5d4013895cee5488b3c7f3] tagID=[32b489d628b8417fb1b585cd49fd61c7] set TAG_NEW=0,DB DEBUG,fe_LotRecipeRowCheckCreateByRecipe,c05dcd762e4b4b5a99224c48445d7683,3
50798,05/05/2026 06:24:39,INSERT in LOT_RECIPE_ROW TAG: [GI4_RECIPE_Data_OP10_PTL_4_Cell] value: [32] (FROM RECIPE_ROW) recipeId: [29116642ea5d4013895cee5488b3c7f3] tagID=[336e0993097945d5b1a95047881dcb0d] set TAG_NEW=0,DB DEBUG,fe_LotRecipeRowCheckCreateByRecipe,c05dcd762e4b4b5a99224c48445d7683,3
50799,05/05/2026 06:24:39,INSERT in LOT_RECIPE_ROW TAG: [GI4_RECIPE_Data_OP30_PTL_2_CellUnion] value: [0] (FROM RECIPE_ROW) recipeId: [29116642ea5d4013895cee5488b3c7f3] tagID=[34ba42b7560e4ee9a12fd1944c5aa703] set TAG_NEW=0,DB DEBUG,fe_LotRecipeRowCheckCreateByRecipe,c05dcd762e4b4b5a99224c48445d7683,3
50800,05/05/2026 06:24:39,INSERT in LOT_RECIPE_ROW TAG: [GI4_RECIPE_Data_OP10_PTL_13_Qta] value: [0] (FROM RECIPE_ROW) recipeId: [29116642ea5d4013895cee5488b3c7f3] tagID=[34eb2b59a3134746953e9611d408d2e6] set TAG_NEW=0,DB DEBUG,fe_LotRecipeRowCheckCreateByRecipe,c05dcd762e4b4b5a99224c48445d7683,3
50801,05/05/2026 06:24:39,INSERT in LOT_RECIPE_ROW TAG: [GI4_RECIPE_Data_OP30_PTL_7_Qta] value: [1] (FROM RECIPE_ROW) recipeId: [29116642ea5d4013895cee5488b3c7f3] tagID=[3640890fbc5649c38727f3cec1b1e5f2] set TAG_NEW=0,DB DEBUG,fe_LotRecipeRowCheckCreateByRecipe,c05dcd762e4b4b5a99224c48445d7683,3
50802,05/05/2026 06:24:39,INSERT in LOT_RECIPE_ROW TAG: [GI4_RECIPE_Data_OP10_PTL_15_Description] value: [] (FROM RECIPE_ROW) recipeId: [29116642ea5d4013895cee5488b3c7f3] tagID=[3654183a50bf43b7b64146ef7d9442b0] set TAG_NEW=0,DB DEBUG,fe_LotRecipeRowCheckCreateByRecipe,c05dcd762e4b4b5a99224c48445d7683,3
50803,05/05/2026 06:24:39,INSERT in LOT_RECIPE_ROW TAG: [GI4_RECIPE_Data_OP30_PTL_13_Qta] value: [0] (FROM RECIPE_ROW) recipeId: [29116642ea5d4013895cee5488b3c7f3] tagID=[374dd1ca558346c198cd868b38086280] set TAG_NEW=0,DB DEBUG,fe_LotRecipeRowCheckCreateByRecipe,c05dcd762e4b4b5a99224c48445d7683,3
50804,05/05/2026 06:24:39,INSERT in LOT_RECIPE_ROW TAG: [GI4_RECIPE_Data_OP30_PTL_24_Qta] value: [0] (FROM RECIPE_ROW) recipeId: [29116642ea5d4013895cee5488b3c7f3] tagID=[37f0f3807d804fec9537deac883d8fa7] set TAG_NEW=0,DB DEBUG,fe_LotRecipeRowCheckCreateByRecipe,c05dcd762e4b4b5a99224c48445d7683,3
50805,05/05/2026 06:24:39,INSERT in LOT_RECIPE_ROW TAG: [GI4_RECIPE_Data_OP10_PTL_8_Qta] value: [0] (FROM RECIPE_ROW) recipeId: [29116642ea5d4013895cee5488b3c7f3] tagID=[3815c76174064515bafb801007a14614] set TAG_NEW=0,DB DEBUG,fe_LotRecipeRowCheckCreateByRecipe,c05dcd762e4b4b5a99224c48445d7683,3
50806,05/05/2026 06:24:39,INSERT in LOT_RECIPE_ROW TAG: [GI4_RECIPE_Data_OP30_PTL_31_Description] value: [] (FROM RECIPE_ROW) recipeId: [29116642ea5d4013895cee5488b3c7f3] tagID=[3887fc96aa2b47d691405d5804130797] set TAG_NEW=0,DB DEBUG,fe_LotRecipeRowCheckCreateByRecipe,c05dcd762e4b4b5a99224c48445d7683,3
50807,05/05/2026 06:24:39,INSERT in LOT_RECIPE_ROW TAG: [GI4_RECIPE_Data_OP10_PTL_31_Description] value: [] (FROM RECIPE_ROW) recipeId: [29116642ea5d4013895cee5488b3c7f3] tagID=[38ae032c2f984468887d6b24690bab51] set TAG_NEW=0,DB DEBUG,fe_LotRecipeRowCheckCreateByRecipe,c05dcd762e4b4b5a99224c48445d7683,3
50808,05/05/2026 06:24:39,INSERT in LOT_RECIPE_ROW TAG: [GI4_RECIPE_Data_OP10_PTL_15_Cell] value: [0] (FROM RECIPE_ROW) recipeId: [29116642ea5d4013895cee5488b3c7f3] tagID=[39d7e17fb1c44fa796f5f098e86ec7c2] set TAG_NEW=0,DB DEBUG,fe_LotRecipeRowCheckCreateByRecipe,c05dcd762e4b4b5a99224c48445d7683,3
50809,05/05/2026 06:24:39,INSERT in LOT_RECIPE_ROW TAG: [GI4_RECIPE_Data_OP30_PTL_10_PartNumber] value: [5725.20.3675] (FROM RECIPE_ROW) recipeId: [29116642ea5d4013895cee5488b3c7f3] tagID=[3a58c2366cbe4e0a840abbf4b877bace] set TAG_NEW=0,DB DEBUG,fe_LotRecipeRowCheckCreateByRecipe,c05dcd762e4b4b5a99224c48445d7683,3
50810,05/05/2026 06:24:39,INSERT in LOT_RECIPE_ROW TAG: [GI4_RECIPE_Data_OP30_PTL_1_CellUnion] value: [0] (FROM RECIPE_ROW) recipeId: [29116642ea5d4013895cee5488b3c7f3] tagID=[3c3f4f6aea224e839c16ff9fc3cc6614] set TAG_NEW=0,DB DEBUG,fe_LotRecipeRowCheckCreateByRecipe,c05dcd762e4b4b5a99224c48445d7683,3
50811,05/05/2026 06:24:39,INSERT in LOT_RECIPE_ROW TAG: [GI4_RECIPE_Data_OP30_PTL_31_CellUnion] value: [0] (FROM RECIPE_ROW) recipeId: [29116642ea5d4013895cee5488b3c7f3] tagID=[3d7cfd99b4bf4f8bb1da36f1892edb19] set TAG_NEW=0,DB DEBUG,fe_LotRecipeRowCheckCreateByRecipe,c05dcd762e4b4b5a99224c48445d7683,3
50812,05/05/2026 06:24:39,INSERT in LOT_RECIPE_ROW TAG: [GI4_RECIPE_Data_OP10_PTL_12_Qta] value: [0] (FROM RECIPE_ROW) recipeId: [29116642ea5d4013895cee5488b3c7f3] tagID=[3ee6c1a275af4d5694f2a55c97d228e0] set TAG_NEW=0,DB DEBUG,fe_LotRecipeRowCheckCreateByRecipe,c05dcd762e4b4b5a99224c48445d7683,3
50813,05/05/2026 06:24:39,INSERT in LOT_RECIPE_ROW TAG: [GI4_RECIPE_Data_OP30_PTL_6_Description] value: [PROT.LINGUETTA SNP3/..] (FROM RECIPE_ROW) recipeId: [29116642ea5d4013895cee5488b3c7f3] tagID=[3fbdcfa4cbe54f72b48bbfa700784f6d] set TAG_NEW=0,DB DEBUG,fe_LotRecipeRowCheckCreateByRecipe,c05dcd762e4b4b5a99224c48445d7683,3
50814,05/05/2026 06:24:39,INSERT in LOT_RECIPE_ROW TAG: [GI4_RECIPE_Data_OP10_PTL_30_PartNumber] value: [] (FROM RECIPE_ROW) recipeId: [29116642ea5d4013895cee5488b3c7f3] tagID=[401705b05b084c8b9289298d3fd0a8ea] set TAG_NEW=0,DB DEBUG,fe_LotRecipeRowCheckCreateByRecipe,c05dcd762e4b4b5a99224c48445d7683,3
50815,05/05/2026 06:24:39,INSERT in LOT_RECIPE_ROW TAG: [GI4_RECIPE_Data_OP30_PTL_20_Description] value: [] (FROM RECIPE_ROW) recipeId: [29116642ea5d4013895cee5488b3c7f3] tagID=[40cee7fa97544d93a7248677d41157bd] set TAG_NEW=0,DB DEBUG,fe_LotRecipeRowCheckCreateByRecipe,c05dcd762e4b4b5a99224c48445d7683,3
50816,05/05/2026 06:24:39,INSERT in LOT_RECIPE_ROW TAG: [GI4_RECIPE_Data_OP10_PTL_14_PartNumber] value: [] (FROM RECIPE_ROW) recipeId: [29116642ea5d4013895cee5488b3c7f3] tagID=[41079ba74b494fccb40a24a1128e5978] set TAG_NEW=0,DB DEBUG,fe_LotRecipeRowCheckCreateByRecipe,c05dcd762e4b4b5a99224c48445d7683,3
50817,05/05/2026 06:24:39,INSERT in LOT_RECIPE_ROW TAG: [GI4_RECIPE_Data_OP10_PTL_32_Qta] value: [0] (FROM RECIPE_ROW) recipeId: [29116642ea5d4013895cee5488b3c7f3] tagID=[419f031a45ae4fd783a01f9ca22c0922] set TAG_NEW=0,DB DEBUG,fe_LotRecipeRowCheckCreateByRecipe,c05dcd762e4b4b5a99224c48445d7683,3
50818,05/05/2026 06:24:39,INSERT in LOT_RECIPE_ROW TAG: [GI4_RECIPE_Data_OP10_PTL_7_CellUnion] value: [0] (FROM RECIPE_ROW) recipeId: [29116642ea5d4013895cee5488b3c7f3] tagID=[42f00b8edc9e43b6a4fdcb04b160c33d] set TAG_NEW=0,DB DEBUG,fe_LotRecipeRowCheckCreateByRecipe,c05dcd762e4b4b5a99224c48445d7683,3
50819,05/05/2026 06:24:39,INSERT in LOT_RECIPE_ROW TAG: [GI4_RECIPE_Data_OP30_PTL_15_Cell] value: [32] (FROM RECIPE_ROW) recipeId: [29116642ea5d4013895cee5488b3c7f3] tagID=[43ca04a60779487a9bad4b18e6857c08] set TAG_NEW=0,DB DEBUG,fe_LotRecipeRowCheckCreateByRecipe,c05dcd762e4b4b5a99224c48445d7683,3
50820,05/05/2026 06:24:39,INSERT in LOT_RECIPE_ROW TAG: [GI4_RECIPE_Data_OP30_PTL_13_PartNumber] value: [313.0039.1.00] (FROM RECIPE_ROW) recipeId: [29116642ea5d4013895cee5488b3c7f3] tagID=[4419482991d445749bca6c4b6b6b4edc] set TAG_NEW=0,DB DEBUG,fe_LotRecipeRowCheckCreateByRecipe,c05dcd762e4b4b5a99224c48445d7683,3
50821,05/05/2026 06:24:39,INSERT in LOT_RECIPE_ROW TAG: [GI4_RECIPE_Data_OP10_PTL_1_Cell] value: [21] (FROM RECIPE_ROW) recipeId: [29116642ea5d4013895cee5488b3c7f3] tagID=[445a0a3d4bb74ef4a33c63abd027367f] set TAG_NEW=0,DB DEBUG,fe_LotRecipeRowCheckCreateByRecipe,c05dcd762e4b4b5a99224c48445d7683,3
50822,05/05/2026 06:24:39,INSERT in LOT_RECIPE_ROW TAG: [GI4_RECIPE_Data_OP10_PTL_18_Description] value: [] (FROM RECIPE_ROW) recipeId: [29116642ea5d4013895cee5488b3c7f3] tagID=[4515e7b7d1c6485fab728fa4a0d40a7c] set TAG_NEW=0,DB DEBUG,fe_LotRecipeRowCheckCreateByRecipe,c05dcd762e4b4b5a99224c48445d7683,3
50823,05/05/2026 06:24:39,INSERT in LOT_RECIPE_ROW TAG: [GI4_RECIPE_Data_OP10_PTL_28_Qta] value: [0] (FROM RECIPE_ROW) recipeId: [29116642ea5d4013895cee5488b3c7f3] tagID=[45cc5e117ed44c818f34976704160f11] set TAG_NEW=0,DB DEBUG,fe_LotRecipeRowCheckCreateByRecipe,c05dcd762e4b4b5a99224c48445d7683,3
50824,05/05/2026 06:24:39,INSERT in LOT_RECIPE_ROW TAG: [GI4_RECIPE_Data_OP10_PTL_14_Qta] value: [0] (FROM RECIPE_ROW) recipeId: [29116642ea5d4013895cee5488b3c7f3] tagID=[4623827bfdd14033b163c177d300643d] set TAG_NEW=0,DB DEBUG,fe_LotRecipeRowCheckCreateByRecipe,c05dcd762e4b4b5a99224c48445d7683,3
50825,05/05/2026 06:24:39,INSERT in LOT_RECIPE_ROW TAG: [GI4_RECIPE_Data_OP10_PTL_19_PartNumber] value: [] (FROM RECIPE_ROW) recipeId: [29116642ea5d4013895cee5488b3c7f3] tagID=[46764792305a424895b35614266a4c04] set TAG_NEW=0,DB DEBUG,fe_LotRecipeRowCheckCreateByRecipe,c05dcd762e4b4b5a99224c48445d7683,3
50826,05/05/2026 06:24:39,INSERT in LOT_RECIPE_ROW TAG: [GI4_RECIPE_Data_OP10_PTL_5_PartNumber] value: [11282842] (FROM RECIPE_ROW) recipeId: [29116642ea5d4013895cee5488b3c7f3] tagID=[4680db2a528748c2a56f1bfc1c19e36f] set TAG_NEW=0,DB DEBUG,fe_LotRecipeRowCheckCreateByRecipe,c05dcd762e4b4b5a99224c48445d7683,3
50827,05/05/2026 06:24:39,INSERT in LOT_RECIPE_ROW TAG: [GI4_RECIPE_Data_OP30_PTL_14_Description] value: [GUAR.DI CONT. BOCC.SNP3] (FROM RECIPE_ROW) recipeId: [29116642ea5d4013895cee5488b3c7f3] tagID=[4812e17c8ac14e9a9c0ef1b4b4696b0b] set TAG_NEW=0,DB DEBUG,fe_LotRecipeRowCheckCreateByRecipe,c05dcd762e4b4b5a99224c48445d7683,3
50828,05/05/2026 06:24:39,INSERT in LOT_RECIPE_ROW TAG: [GI4_RECIPE_Data_OP10_PTL_13_Description] value: [] (FROM RECIPE_ROW) recipeId: [29116642ea5d4013895cee5488b3c7f3] tagID=[481f37fd3f434301a285d9eb50975753] set TAG_NEW=0,DB DEBUG,fe_LotRecipeRowCheckCreateByRecipe,c05dcd762e4b4b5a99224c48445d7683,3
50829,05/05/2026 06:24:39,INSERT in LOT_RECIPE_ROW TAG: [GI4_RECIPE_Data_OP10_PTL_14_CellUnion] value: [0] (FROM RECIPE_ROW) recipeId: [29116642ea5d4013895cee5488b3c7f3] tagID=[482a148a641642c58bbdd9465d6b17be] set TAG_NEW=0,DB DEBUG,fe_LotRecipeRowCheckCreateByRecipe,c05dcd762e4b4b5a99224c48445d7683,3
50830,05/05/2026 06:24:39,INSERT in LOT_RECIPE_ROW TAG: [GI4_RECIPE_Data_OP30_PTL_11_PartNumber] value: [5730.03.1006] (FROM RECIPE_ROW) recipeId: [29116642ea5d4013895cee5488b3c7f3] tagID=[48aacd5c08a34d18bbf3bb7419fa3ab4] set TAG_NEW=0,DB DEBUG,fe_LotRecipeRowCheckCreateByRecipe,c05dcd762e4b4b5a99224c48445d7683,3
50831,05/05/2026 06:24:39,INSERT in LOT_RECIPE_ROW TAG: [GI4_RECIPE_Data_OP30_PTL_10_Qta] value: [1] (FROM RECIPE_ROW) recipeId: [29116642ea5d4013895cee5488b3c7f3] tagID=[48e969b5856d4c9d82336b1e072b1bba] set TAG_NEW=0,DB DEBUG,fe_LotRecipeRowCheckCreateByRecipe,c05dcd762e4b4b5a99224c48445d7683,3
50832,05/05/2026 06:24:39,INSERT in LOT_RECIPE_ROW TAG: [GI4_RECIPE_Data_OP10_PTL_4_Description] value: [MEZZO CORPO INSERIMENTO BOCCOLE] (FROM RECIPE_ROW) recipeId: [29116642ea5d4013895cee5488b3c7f3] tagID=[490e6e11bbd44c5f92fcf23dcb7868d6] set TAG_NEW=0,DB DEBUG,fe_LotRecipeRowCheckCreateByRecipe,c05dcd762e4b4b5a99224c48445d7683,3
50833,05/05/2026 06:24:39,INSERT in LOT_RECIPE_ROW TAG: [GI4_RECIPE_Data_OP10_PTL_3_Cell] value: [29] (FROM RECIPE_ROW) recipeId: [29116642ea5d4013895cee5488b3c7f3] tagID=[49b0dafee5f943f0a8d84312bad8611a] set TAG_NEW=0,DB DEBUG,fe_LotRecipeRowCheckCreateByRecipe,c05dcd762e4b4b5a99224c48445d7683,3
50834,05/05/2026 06:24:39,INSERT in LOT_RECIPE_ROW TAG: [GI4_RECIPE_Data_OP30_PTL_28_Description] value: [] (FROM RECIPE_ROW) recipeId: [29116642ea5d4013895cee5488b3c7f3] tagID=[49f3d1cc98f8462c8a4ef61f780ddf08] set TAG_NEW=0,DB DEBUG,fe_LotRecipeRowCheckCreateByRecipe,c05dcd762e4b4b5a99224c48445d7683,3
50835,05/05/2026 06:24:39,INSERT in LOT_RECIPE_ROW TAG: [GI4_RECIPE_Data_OP10_PTL_27_CellUnion] value: [0] (FROM RECIPE_ROW) recipeId: [29116642ea5d4013895cee5488b3c7f3] tagID=[4b1b0cb013494461badadf4283640f8a] set TAG_NEW=0,DB DEBUG,fe_LotRecipeRowCheckCreateByRecipe,c05dcd762e4b4b5a99224c48445d7683,3
50836,05/05/2026 06:24:39,INSERT in LOT_RECIPE_ROW TAG: [GI4_RECIPE_Data_OP10_PTL_25_Cell] value: [0] (FROM RECIPE_ROW) recipeId: [29116642ea5d4013895cee5488b3c7f3] tagID=[4b2c313fdbbb4fc8b7fa68e6442dfb06] set TAG_NEW=0,DB DEBUG,fe_LotRecipeRowCheckCreateByRecipe,c05dcd762e4b4b5a99224c48445d7683,3
50837,05/05/2026 06:24:39,INSERT in LOT_RECIPE_ROW TAG: [GI4_RECIPE_Data_OP10_PTL_27_Qta] value: [0] (FROM RECIPE_ROW) recipeId: [29116642ea5d4013895cee5488b3c7f3] tagID=[4b3bed976f0741a480651833cf858964] set TAG_NEW=0,DB DEBUG,fe_LotRecipeRowCheckCreateByRecipe,c05dcd762e4b4b5a99224c48445d7683,3
50838,05/05/2026 06:24:39,INSERT in LOT_RECIPE_ROW TAG: [GI4_RECIPE_Data_OP30_PTL_3_PartNumber] value: [11310055] (FROM RECIPE_ROW) recipeId: [29116642ea5d4013895cee5488b3c7f3] tagID=[4ed4ea17a6e443da814e915f4e0eebca] set TAG_NEW=0,DB DEBUG,fe_LotRecipeRowCheckCreateByRecipe,c05dcd762e4b4b5a99224c48445d7683,3
50839,05/05/2026 06:24:39,INSERT in LOT_RECIPE_ROW TAG: [GI4_RECIPE_Data_OP30_PTL_29_Description] value: [] (FROM RECIPE_ROW) recipeId: [29116642ea5d4013895cee5488b3c7f3] tagID=[4fe4256f09984cc79b53e11577aaa370] set TAG_NEW=0,DB DEBUG,fe_LotRecipeRowCheckCreateByRecipe,c05dcd762e4b4b5a99224c48445d7683,3
50840,05/05/2026 06:24:39,INSERT in LOT_RECIPE_ROW TAG: [GI4_RECIPE_Data_OP10_PTL_15_PartNumber] value: [] (FROM RECIPE_ROW) recipeId: [29116642ea5d4013895cee5488b3c7f3] tagID=[502efda3303d433784fe5a00838bfb2e] set TAG_NEW=0,DB DEBUG,fe_LotRecipeRowCheckCreateByRecipe,c05dcd762e4b4b5a99224c48445d7683,3
50841,05/05/2026 06:24:39,INSERT in LOT_RECIPE_ROW TAG: [GI4_RECIPE_Data_OP30_PTL_17_CellUnion] value: [0] (FROM RECIPE_ROW) recipeId: [29116642ea5d4013895cee5488b3c7f3] tagID=[50cb8a570948434c90b3f988ba71da55] set TAG_NEW=0,DB DEBUG,fe_LotRecipeRowCheckCreateByRecipe,c05dcd762e4b4b5a99224c48445d7683,3
50842,05/05/2026 06:24:39,INSERT in LOT_RECIPE_ROW TAG: [GI4_RECIPE_Data_OP30_PTL_9_Qta] value: [1] (FROM RECIPE_ROW) recipeId: [29116642ea5d4013895cee5488b3c7f3] tagID=[520695cbf77546e5812b02406ba8f089] set TAG_NEW=0,DB DEBUG,fe_LotRecipeRowCheckCreateByRecipe,c05dcd762e4b4b5a99224c48445d7683,3
50843,05/05/2026 06:24:39,INSERT in LOT_RECIPE_ROW TAG: [GI4_RECIPE_Data_OP30_PTL_23_PartNumber] value: [] (FROM RECIPE_ROW) recipeId: [29116642ea5d4013895cee5488b3c7f3] tagID=[5254844f547a4af8be22211789229c78] set TAG_NEW=0,DB DEBUG,fe_LotRecipeRowCheckCreateByRecipe,c05dcd762e4b4b5a99224c48445d7683,3
50844,05/05/2026 06:24:39,INSERT in LOT_RECIPE_ROW TAG: [GI4_RECIPE_Data_OP30_PTL_11_CellUnion] value: [0] (FROM RECIPE_ROW) recipeId: [29116642ea5d4013895cee5488b3c7f3] tagID=[542a972a13dc494e86b9abf10c77596d] set TAG_NEW=0,DB DEBUG,fe_LotRecipeRowCheckCreateByRecipe,c05dcd762e4b4b5a99224c48445d7683,3
50845,05/05/2026 06:24:39,INSERT in LOT_RECIPE_ROW TAG: [GI4_RECIPE_Data_OP10_PTL_19_Description] value: [] (FROM RECIPE_ROW) recipeId: [29116642ea5d4013895cee5488b3c7f3] tagID=[54addfcba5fc49df8855e0ac48785799] set TAG_NEW=0,DB DEBUG,fe_LotRecipeRowCheckCreateByRecipe,c05dcd762e4b4b5a99224c48445d7683,3
50846,05/05/2026 06:24:39,INSERT in LOT_RECIPE_ROW TAG: [GI4_RECIPE_Data_OP30_PTL_20_PartNumber] value: [] (FROM RECIPE_ROW) recipeId: [29116642ea5d4013895cee5488b3c7f3] tagID=[553d95aef93147b396c58ea68c904bf0] set TAG_NEW=0,DB DEBUG,fe_LotRecipeRowCheckCreateByRecipe,c05dcd762e4b4b5a99224c48445d7683,3
50847,05/05/2026 06:24:39,INSERT in LOT_RECIPE_ROW TAG: [GI4_RECIPE_Data_OP10_PTL_10_PartNumber] value: [] (FROM RECIPE_ROW) recipeId: [29116642ea5d4013895cee5488b3c7f3] tagID=[55f1b2a82f8c449ea86a7521a3bab004] set TAG_NEW=0,DB DEBUG,fe_LotRecipeRowCheckCreateByRecipe,c05dcd762e4b4b5a99224c48445d7683,3
50848,05/05/2026 06:24:39,INSERT in LOT_RECIPE_ROW TAG: [GI4_RECIPE_Data_OP30_PTL_7_CellUnion] value: [0] (FROM RECIPE_ROW) recipeId: [29116642ea5d4013895cee5488b3c7f3] tagID=[560744a278fb4e73ae180887a8f8cc9d] set TAG_NEW=0,DB DEBUG,fe_LotRecipeRowCheckCreateByRecipe,c05dcd762e4b4b5a99224c48445d7683,3
50849,05/05/2026 06:24:39,INSERT in LOT_RECIPE_ROW TAG: [GI4_RECIPE_Data_OP10_PTL_16_Description] value: [] (FROM RECIPE_ROW) recipeId: [29116642ea5d4013895cee5488b3c7f3] tagID=[56fb48c366044cf682ba058e3f634cc1] set TAG_NEW=0,DB DEBUG,fe_LotRecipeRowCheckCreateByRecipe,c05dcd762e4b4b5a99224c48445d7683,3
50850,05/05/2026 06:24:39,INSERT in LOT_RECIPE_ROW TAG: [GI4_RECIPE_Data_OP10_PTL_21_Qta] value: [0] (FROM RECIPE_ROW) recipeId: [29116642ea5d4013895cee5488b3c7f3] tagID=[573fa656482b4258b584ba9f09152cfa] set TAG_NEW=0,DB DEBUG,fe_LotRecipeRowCheckCreateByRecipe,c05dcd762e4b4b5a99224c48445d7683,3
50851,05/05/2026 06:24:39,INSERT in LOT_RECIPE_ROW TAG: [GI4_RECIPE_Data_OP30_PTL_17_Cell] value: [30] (FROM RECIPE_ROW) recipeId: [29116642ea5d4013895cee5488b3c7f3] tagID=[57ba57515e4241628360aeefc630048a] set TAG_NEW=0,DB DEBUG,fe_LotRecipeRowCheckCreateByRecipe,c05dcd762e4b4b5a99224c48445d7683,3
50852,05/05/2026 06:24:39,INSERT in LOT_RECIPE_ROW TAG: [GI4_RECIPE_Data_OP30_PTL_3_Cell] value: [0] (FROM RECIPE_ROW) recipeId: [29116642ea5d4013895cee5488b3c7f3] tagID=[5901ae35c34d4e0087494953a1822086] set TAG_NEW=0,DB DEBUG,fe_LotRecipeRowCheckCreateByRecipe,c05dcd762e4b4b5a99224c48445d7683,3
50853,05/05/2026 06:24:39,INSERT in LOT_RECIPE_ROW TAG: [GI4_RECIPE_Data_OP10_PTL_1_Qta] value: [0] (FROM RECIPE_ROW) recipeId: [29116642ea5d4013895cee5488b3c7f3] tagID=[5a21fa6644594e34bb4c27ec532841c5] set TAG_NEW=0,DB DEBUG,fe_LotRecipeRowCheckCreateByRecipe,c05dcd762e4b4b5a99224c48445d7683,3
50854,05/05/2026 06:24:39,"INSERT in LOT_RECIPE_ROW TAG: [GI4_RECIPE_Data_OP10_PTL_5_Description] value: [PRE-SHAPED  OR SEAL88,57 x 2,] (FROM RECIPE_ROW) recipeId: [29116642ea5d4013895cee5488b3c7f3] tagID=[5a96b79ffc2047719c43e74778112047] set TAG_NEW=0",DB DEBUG,fe_LotRecipeRowCheckCreateByRecipe,c05dcd762e4b4b5a99224c48445d7683,3
50855,05/05/2026 06:24:39,INSERT in LOT_RECIPE_ROW TAG: [GI4_RECIPE_Data_OP30_PTL_22_Cell] value: [0] (FROM RECIPE_ROW) recipeId: [29116642ea5d4013895cee5488b3c7f3] tagID=[5bd34a232f4c4e57b14726a0748965b9] set TAG_NEW=0,DB DEBUG,fe_LotRecipeRowCheckCreateByRecipe,c05dcd762e4b4b5a99224c48445d7683,3
50856,05/05/2026 06:24:39,INSERT in LOT_RECIPE_ROW TAG: [GI4_RECIPE_Data_OP30_PTL_16_CellUnion] value: [0] (FROM RECIPE_ROW) recipeId: [29116642ea5d4013895cee5488b3c7f3] tagID=[5cb763a533c448babf26b35f98704600] set TAG_NEW=0,DB DEBUG,fe_LotRecipeRowCheckCreateByRecipe,c05dcd762e4b4b5a99224c48445d7683,3
50857,05/05/2026 06:24:39,INSERT in LOT_RECIPE_ROW TAG: [GI4_RECIPE_Data_OP10_PTL_22_PartNumber] value: [] (FROM RECIPE_ROW) recipeId: [29116642ea5d4013895cee5488b3c7f3] tagID=[5d9cebc2f5ca4f498daecbef391367d2] set TAG_NEW=0,DB DEBUG,fe_LotRecipeRowCheckCreateByRecipe,c05dcd762e4b4b5a99224c48445d7683,3
50858,05/05/2026 06:24:39,INSERT in LOT_RECIPE_ROW TAG: [GI4_RECIPE_Data_OP10_PTL_8_PartNumber] value: [] (FROM RECIPE_ROW) recipeId: [29116642ea5d4013895cee5488b3c7f3] tagID=[5f33852bfd5744eca3eceaec0b0887c0] set TAG_NEW=0,DB DEBUG,fe_LotRecipeRowCheckCreateByRecipe,c05dcd762e4b4b5a99224c48445d7683,3
50859,05/05/2026 06:24:39,INSERT in LOT_RECIPE_ROW TAG: [GI4_RECIPE_Data_OP30_PTL_32_CellUnion] value: [0] (FROM RECIPE_ROW) recipeId: [29116642ea5d4013895cee5488b3c7f3] tagID=[5fec1252695f4962be3f39f20bddf3ad] set TAG_NEW=0,DB DEBUG,fe_LotRecipeRowCheckCreateByRecipe,c05dcd762e4b4b5a99224c48445d7683,3
50860,05/05/2026 06:24:39,INSERT in LOT_RECIPE_ROW TAG: [GI4_RECIPE_Data_OP30_PTL_12_Cell] value: [22] (FROM RECIPE_ROW) recipeId: [29116642ea5d4013895cee5488b3c7f3] tagID=[60941a4aae8f4f1a9ce01295056d6dd6] set TAG_NEW=0,DB DEBUG,fe_LotRecipeRowCheckCreateByRecipe,c05dcd762e4b4b5a99224c48445d7683,3
50861,05/05/2026 06:24:39,INSERT in LOT_RECIPE_ROW TAG: [GI4_RECIPE_Data_OP30_PTL_21_Cell] value: [0] (FROM RECIPE_ROW) recipeId: [29116642ea5d4013895cee5488b3c7f3] tagID=[623e6a6a11eb4b788d28ff5b3f4703dd] set TAG_NEW=0,DB DEBUG,fe_LotRecipeRowCheckCreateByRecipe,c05dcd762e4b4b5a99224c48445d7683,3
50862,05/05/2026 06:24:39,INSERT in LOT_RECIPE_ROW TAG: [GI4_RECIPE_Data_OP10_PTL_10_Cell] value: [0] (FROM RECIPE_ROW) recipeId: [29116642ea5d4013895cee5488b3c7f3] tagID=[6334e6464e5a46cfae9d8eccef28324b] set TAG_NEW=0,DB DEBUG,fe_LotRecipeRowCheckCreateByRecipe,c05dcd762e4b4b5a99224c48445d7683,3
50863,05/05/2026 06:24:39,INSERT in LOT_RECIPE_ROW TAG: [GI4_RECIPE_Data_OP30_PTL_12_CellUnion] value: [0] (FROM RECIPE_ROW) recipeId: [29116642ea5d4013895cee5488b3c7f3] tagID=[6475ee9189ba4a2ca7794bfaa97837d0] set TAG_NEW=0,DB DEBUG,fe_LotRecipeRowCheckCreateByRecipe,c05dcd762e4b4b5a99224c48445d7683,3
50864,05/05/2026 06:24:39,INSERT in LOT_RECIPE_ROW TAG: [GI4_RECIPE_Data_OP10_PTL_3_Qta] value: [0] (FROM RECIPE_ROW) recipeId: [29116642ea5d4013895cee5488b3c7f3] tagID=[64b99ad7f39b4af1a1e9626de282e024] set TAG_NEW=0,DB DEBUG,fe_LotRecipeRowCheckCreateByRecipe,c05dcd762e4b4b5a99224c48445d7683,3
50865,05/05/2026 06:24:39,INSERT in LOT_RECIPE_ROW TAG: [GI4_RECIPE_Data_OP10_PTL_12_CellUnion] value: [0] (FROM RECIPE_ROW) recipeId: [29116642ea5d4013895cee5488b3c7f3] tagID=[64fec27c79b74da9a1900ac61d2a61f4] set TAG_NEW=0,DB DEBUG,fe_LotRecipeRowCheckCreateByRecipe,c05dcd762e4b4b5a99224c48445d7683,3
50866,05/05/2026 06:24:39,INSERT in LOT_RECIPE_ROW TAG: [GI4_RECIPE_Data_QtaOrd] value: [1] (FROM RECIPE_ROW) recipeId: [29116642ea5d4013895cee5488b3c7f3] tagID=[651c889b30e34366b6504e28badaf6ad] set TAG_NEW=0,DB DEBUG,fe_LotRecipeRowCheckCreateByRecipe,c05dcd762e4b4b5a99224c48445d7683,3
50867,05/05/2026 06:24:39,INSERT in LOT_RECIPE_ROW TAG: [GI4_RECIPE_Data_Orientation] value: [2] (FROM RECIPE_ROW) recipeId: [29116642ea5d4013895cee5488b3c7f3] tagID=[659d2725213c419598cd5309a512dc6c] set TAG_NEW=0,DB DEBUG,fe_LotRecipeRowCheckCreateByRecipe,c05dcd762e4b4b5a99224c48445d7683,3
50868,05/05/2026 06:24:39,INSERT in LOT_RECIPE_ROW TAG: [GI4_RECIPE_Data_OP30_PTL_30_Qta] value: [0] (FROM RECIPE_ROW) recipeId: [29116642ea5d4013895cee5488b3c7f3] tagID=[6674752a407546788d3d219607da6aa1] set TAG_NEW=0,DB DEBUG,fe_LotRecipeRowCheckCreateByRecipe,c05dcd762e4b4b5a99224c48445d7683,3
50869,05/05/2026 06:24:39,INSERT in LOT_RECIPE_ROW TAG: [GI4_RECIPE_Data_OP30_PTL_2_Cell] value: [0] (FROM RECIPE_ROW) recipeId: [29116642ea5d4013895cee5488b3c7f3] tagID=[669174397a5c4cf98a45c3da54ddf173] set TAG_NEW=0,DB DEBUG,fe_LotRecipeRowCheckCreateByRecipe,c05dcd762e4b4b5a99224c48445d7683,3
50870,05/05/2026 06:24:39,INSERT in LOT_RECIPE_ROW TAG: [GI4_RECIPE_Data_OP10_PTL_28_Cell] value: [0] (FROM RECIPE_ROW) recipeId: [29116642ea5d4013895cee5488b3c7f3] tagID=[67ab99c9dfdf4daab45861e0fb68c16c] set TAG_NEW=0,DB DEBUG,fe_LotRecipeRowCheckCreateByRecipe,c05dcd762e4b4b5a99224c48445d7683,3
50871,05/05/2026 06:24:39,INSERT in LOT_RECIPE_ROW TAG: [GI4_RECIPE_Data_OP10_PTL_17_Qta] value: [0] (FROM RECIPE_ROW) recipeId: [29116642ea5d4013895cee5488b3c7f3] tagID=[68146a057ecc463e9520812f0779e7ce] set TAG_NEW=0,DB DEBUG,fe_LotRecipeRowCheckCreateByRecipe,c05dcd762e4b4b5a99224c48445d7683,3
50872,05/05/2026 06:24:39,INSERT in LOT_RECIPE_ROW TAG: [GI4_RECIPE_Data_OP10_PTL_23_Qta] value: [0] (FROM RECIPE_ROW) recipeId: [29116642ea5d4013895cee5488b3c7f3] tagID=[68adfe273d014114afba6129ffc52b42] set TAG_NEW=0,DB DEBUG,fe_LotRecipeRowCheckCreateByRecipe,c05dcd762e4b4b5a99224c48445d7683,3
50873,05/05/2026 06:24:39,INSERT in LOT_RECIPE_ROW TAG: [GI4_RECIPE_Data_OP10_PTL_2_Description] value: [AN.ANTIESTR.PIASTRA SNP3] (FROM RECIPE_ROW) recipeId: [29116642ea5d4013895cee5488b3c7f3] tagID=[692cff3bc5bb4dbcae04e9c68f313072] set TAG_NEW=0,DB DEBUG,fe_LotRecipeRowCheckCreateByRecipe,c05dcd762e4b4b5a99224c48445d7683,3
50874,05/05/2026 06:24:39,INSERT in LOT_RECIPE_ROW TAG: [GI4_RECIPE_Data_OP10_PTL_2_Qta] value: [0] (FROM RECIPE_ROW) recipeId: [29116642ea5d4013895cee5488b3c7f3] tagID=[698b5b93bb8a41d5809063524e865c1b] set TAG_NEW=0,DB DEBUG,fe_LotRecipeRowCheckCreateByRecipe,c05dcd762e4b4b5a99224c48445d7683,3
50875,05/05/2026 06:24:39,INSERT in LOT_RECIPE_ROW TAG: [GI4_RECIPE_Data_OP30_PTL_22_Qta] value: [0] (FROM RECIPE_ROW) recipeId: [29116642ea5d4013895cee5488b3c7f3] tagID=[6a47f9a505974f038e4c4f5cccbb8ef4] set TAG_NEW=0,DB DEBUG,fe_LotRecipeRowCheckCreateByRecipe,c05dcd762e4b4b5a99224c48445d7683,3
50876,05/05/2026 06:24:39,INSERT in LOT_RECIPE_ROW TAG: [GI4_RECIPE_Data_OP10_PTL_20_Cell] value: [0] (FROM RECIPE_ROW) recipeId: [29116642ea5d4013895cee5488b3c7f3] tagID=[6ae4780b4c774be58929b261d175fda3] set TAG_NEW=0,DB DEBUG,fe_LotRecipeRowCheckCreateByRecipe,c05dcd762e4b4b5a99224c48445d7683,3
50877,05/05/2026 06:24:39,INSERT in LOT_RECIPE_ROW TAG: [GI4_RECIPE_Data_OP30_PTL_21_Qta] value: [0] (FROM RECIPE_ROW) recipeId: [29116642ea5d4013895cee5488b3c7f3] tagID=[6af41353fa6f4a709fe70e57e460aa3b] set TAG_NEW=0,DB DEBUG,fe_LotRecipeRowCheckCreateByRecipe,c05dcd762e4b4b5a99224c48445d7683,3
50878,05/05/2026 06:24:39,INSERT in LOT_RECIPE_ROW TAG: [GI4_RECIPE_Data_OP30_PTL_3_Description] value: [BEARING+DU BUSSLE SNP3 (BOLIN] (FROM RECIPE_ROW) recipeId: [29116642ea5d4013895cee5488b3c7f3] tagID=[6c0199243d38436b93a2b418272ded79] set TAG_NEW=0,DB DEBUG,fe_LotRecipeRowCheckCreateByRecipe,c05dcd762e4b4b5a99224c48445d7683,3
50879,05/05/2026 06:24:39,INSERT in LOT_RECIPE_ROW TAG: [GI4_RECIPE_Data_OP10_PTL_11_PartNumber] value: [] (FROM RECIPE_ROW) recipeId: [29116642ea5d4013895cee5488b3c7f3] tagID=[6c1be1f68e494b569a353b101e5d9f63] set TAG_NEW=0,DB DEBUG,fe_LotRecipeRowCheckCreateByRecipe,c05dcd762e4b4b5a99224c48445d7683,3
50880,05/05/2026 06:24:39,INSERT in LOT_RECIPE_ROW TAG: [GI4_RECIPE_Data_OP30_PTL_16_PartNumber] value: [11282842] (FROM RECIPE_ROW) recipeId: [29116642ea5d4013895cee5488b3c7f3] tagID=[6d357d24034d4d348eb664870a175ca5] set TAG_NEW=0,DB DEBUG,fe_LotRecipeRowCheckCreateByRecipe,c05dcd762e4b4b5a99224c48445d7683,3
50881,05/05/2026 06:24:39,INSERT in LOT_RECIPE_ROW TAG: [GI4_RECIPE_Data_OP30_PTL_32_Cell] value: [0] (FROM RECIPE_ROW) recipeId: [29116642ea5d4013895cee5488b3c7f3] tagID=[6e6130a827ba424697b8f39f165457b2] set TAG_NEW=0,DB DEBUG,fe_LotRecipeRowCheckCreateByRecipe,c05dcd762e4b4b5a99224c48445d7683,3
50882,05/05/2026 06:24:39,"INSERT in LOT_RECIPE_ROW TAG: [GI4_RECIPE_Data_OP30_PTL_1_Description] value: [AN.TEN.AS-HP22x40x7/7,5 DIN 3] (FROM RECIPE_ROW) recipeId: [29116642ea5d4013895cee5488b3c7f3] tagID=[6edf7c9599df40aaa064ea22db7144e7] set TAG_NEW=0",DB DEBUG,fe_LotRecipeRowCheckCreateByRecipe,c05dcd762e4b4b5a99224c48445d7683,3
50883,05/05/2026 06:24:39,INSERT in LOT_RECIPE_ROW TAG: [GI4_RECIPE_Data_OP30_PTL_18_CellUnion] value: [0] (FROM RECIPE_ROW) recipeId: [29116642ea5d4013895cee5488b3c7f3] tagID=[711cd36608ac4e6297e2094b46e147db] set TAG_NEW=0,DB DEBUG,fe_LotRecipeRowCheckCreateByRecipe,c05dcd762e4b4b5a99224c48445d7683,3
50884,05/05/2026 06:24:39,INSERT in LOT_RECIPE_ROW TAG: [GI4_RECIPE_Data_OP10_PTL_30_CellUnion] value: [0] (FROM RECIPE_ROW) recipeId: [29116642ea5d4013895cee5488b3c7f3] tagID=[727edafc5bf842fbad1e5714db1c596e] set TAG_NEW=0,DB DEBUG,fe_LotRecipeRowCheckCreateByRecipe,c05dcd762e4b4b5a99224c48445d7683,3
50885,05/05/2026 06:24:39,INSERT in LOT_RECIPE_ROW TAG: [GI4_RECIPE_Data_OP10_PTL_23_PartNumber] value: [] (FROM RECIPE_ROW) recipeId: [29116642ea5d4013895cee5488b3c7f3] tagID=[733a562f476843158ae9f05e5d1555e9] set TAG_NEW=0,DB DEBUG,fe_LotRecipeRowCheckCreateByRecipe,c05dcd762e4b4b5a99224c48445d7683,3
50886,05/05/2026 06:24:39,INSERT in LOT_RECIPE_ROW TAG: [GI4_RECIPE_Data_OP30_PTL_11_Qta] value: [1] (FROM RECIPE_ROW) recipeId: [29116642ea5d4013895cee5488b3c7f3] tagID=[7485e62704ef4a809acab6146f70165f] set TAG_NEW=0,DB DEBUG,fe_LotRecipeRowCheckCreateByRecipe,c05dcd762e4b4b5a99224c48445d7683,3
50887,05/05/2026 06:24:39,INSERT in LOT_RECIPE_ROW TAG: [GI4_RECIPE_Data_OP10_PTL_16_PartNumber] value: [] (FROM RECIPE_ROW) recipeId: [29116642ea5d4013895cee5488b3c7f3] tagID=[74b93c0707694d76ac0ab9741e0dbf4d] set TAG_NEW=0,DB DEBUG,fe_LotRecipeRowCheckCreateByRecipe,c05dcd762e4b4b5a99224c48445d7683,3
50888,05/05/2026 06:24:39,INSERT in LOT_RECIPE_ROW TAG: [GI4_RECIPE_Data_OP10_PTL_16_Cell] value: [0] (FROM RECIPE_ROW) recipeId: [29116642ea5d4013895cee5488b3c7f3] tagID=[750a2d67248342f3af0ccecec3a1152f] set TAG_NEW=0,DB DEBUG,fe_LotRecipeRowCheckCreateByRecipe,c05dcd762e4b4b5a99224c48445d7683,3
50889,05/05/2026 06:24:39,INSERT in LOT_RECIPE_ROW TAG: [GI4_RECIPE_Data_OP10_PTL_29_Cell] value: [0] (FROM RECIPE_ROW) recipeId: [29116642ea5d4013895cee5488b3c7f3] tagID=[751c4493e3a142aa8a4677324fd9ecda] set TAG_NEW=0,DB DEBUG,fe_LotRecipeRowCheckCreateByRecipe,c05dcd762e4b4b5a99224c48445d7683,3
50890,05/05/2026 06:24:39,INSERT in LOT_RECIPE_ROW TAG: [GI4_RECIPE_Data_OP10_PTL_30_Qta] value: [0] (FROM RECIPE_ROW) recipeId: [29116642ea5d4013895cee5488b3c7f3] tagID=[75d662153d94421ea2f11bc5802a8c51] set TAG_NEW=0,DB DEBUG,fe_LotRecipeRowCheckCreateByRecipe,c05dcd762e4b4b5a99224c48445d7683,3
50891,05/05/2026 06:24:39,INSERT in LOT_RECIPE_ROW TAG: [GI4_RECIPE_Data_OP10_PTL_20_Qta] value: [0] (FROM RECIPE_ROW) recipeId: [29116642ea5d4013895cee5488b3c7f3] tagID=[760d7a53d15f41bb83c62de898f24014] set TAG_NEW=0,DB DEBUG,fe_LotRecipeRowCheckCreateByRecipe,c05dcd762e4b4b5a99224c48445d7683,3
50892,05/05/2026 06:24:39,INSERT in LOT_RECIPE_ROW TAG: [GI4_RECIPE_Data_OP30_PTL_16_Qta] value: [0] (FROM RECIPE_ROW) recipeId: [29116642ea5d4013895cee5488b3c7f3] tagID=[772cdae9560e41fcbc21a49ff0310e5f] set TAG_NEW=0,DB DEBUG,fe_LotRecipeRowCheckCreateByRecipe,c05dcd762e4b4b5a99224c48445d7683,3
50893,05/05/2026 06:24:39,INSERT in LOT_RECIPE_ROW TAG: [GI4_RECIPE_Data_OP30_PTL_3_CellUnion] value: [0] (FROM RECIPE_ROW) recipeId: [29116642ea5d4013895cee5488b3c7f3] tagID=[773664048fe84aa3af61957a9eaa68d9] set TAG_NEW=0,DB DEBUG,fe_LotRecipeRowCheckCreateByRecipe,c05dcd762e4b4b5a99224c48445d7683,3
50894,05/05/2026 06:24:39,INSERT in LOT_RECIPE_ROW TAG: [GI4_RECIPE_Data_OP10_PTL_27_Description] value: [] (FROM RECIPE_ROW) recipeId: [29116642ea5d4013895cee5488b3c7f3] tagID=[774308447f00451a913ddb067ba935c3] set TAG_NEW=0,DB DEBUG,fe_LotRecipeRowCheckCreateByRecipe,c05dcd762e4b4b5a99224c48445d7683,3
50895,05/05/2026 06:24:39,INSERT in LOT_RECIPE_ROW TAG: [GI4_RECIPE_Data_OP10_PTL_13_PartNumber] value: [] (FROM RECIPE_ROW) recipeId: [29116642ea5d4013895cee5488b3c7f3] tagID=[77990ba514464dbea40c4a1f5d262014] set TAG_NEW=0,DB DEBUG,fe_LotRecipeRowCheckCreateByRecipe,c05dcd762e4b4b5a99224c48445d7683,3
50896,05/05/2026 06:24:39,INSERT in LOT_RECIPE_ROW TAG: [GI4_RECIPE_Data_OP30_PTL_17_Description] value: [SPINA COLL. D.8x15 sim. UNI E] (FROM RECIPE_ROW) recipeId: [29116642ea5d4013895cee5488b3c7f3] tagID=[77bad5e1ff0c458d8fff4dc1a9398e7e] set TAG_NEW=0,DB DEBUG,fe_LotRecipeRowCheckCreateByRecipe,c05dcd762e4b4b5a99224c48445d7683,3
50897,05/05/2026 06:24:39,INSERT in LOT_RECIPE_ROW TAG: [GI4_RECIPE_Data_OP30_PTL_8_PartNumber] value: [5009.05.0007] (FROM RECIPE_ROW) recipeId: [29116642ea5d4013895cee5488b3c7f3] tagID=[7807e14906eb46aa9f1939eb0ad14cc8] set TAG_NEW=0,DB DEBUG,fe_LotRecipeRowCheckCreateByRecipe,c05dcd762e4b4b5a99224c48445d7683,3
50898,05/05/2026 06:24:39,INSERT in LOT_RECIPE_ROW TAG: [GI4_RECIPE_Data_OP10_PTL_22_Description] value: [] (FROM RECIPE_ROW) recipeId: [29116642ea5d4013895cee5488b3c7f3] tagID=[78b0970ffcdb4c489eb6d1d9636d389b] set TAG_NEW=0,DB DEBUG,fe_LotRecipeRowCheckCreateByRecipe,c05dcd762e4b4b5a99224c48445d7683,3
50899,05/05/2026 06:24:39,INSERT in LOT_RECIPE_ROW TAG: [GI4_RECIPE_Data_OP10_PTL_10_Description] value: [] (FROM RECIPE_ROW) recipeId: [29116642ea5d4013895cee5488b3c7f3] tagID=[79c101ec20b54abf9926753b220b0caf] set TAG_NEW=0,DB DEBUG,fe_LotRecipeRowCheckCreateByRecipe,c05dcd762e4b4b5a99224c48445d7683,3
50900,05/05/2026 06:24:39,INSERT in LOT_RECIPE_ROW TAG: [GI4_RECIPE_Data_OP30_PTL_10_Cell] value: [0] (FROM RECIPE_ROW) recipeId: [29116642ea5d4013895cee5488b3c7f3] tagID=[7a725dc198044ac18b7412e722838ca5] set TAG_NEW=0,DB DEBUG,fe_LotRecipeRowCheckCreateByRecipe,c05dcd762e4b4b5a99224c48445d7683,3
50901,05/05/2026 06:24:39,INSERT in LOT_RECIPE_ROW TAG: [GI4_RECIPE_Data_OP30_PTL_32_PartNumber] value: [] (FROM RECIPE_ROW) recipeId: [29116642ea5d4013895cee5488b3c7f3] tagID=[7aeef739d63544f497cc8606bc4a423a] set TAG_NEW=0,DB DEBUG,fe_LotRecipeRowCheckCreateByRecipe,c05dcd762e4b4b5a99224c48445d7683,3
50902,05/05/2026 06:24:39,INSERT in LOT_RECIPE_ROW TAG: [GI4_RECIPE_Data_OP10_PTL_15_CellUnion] value: [0] (FROM RECIPE_ROW) recipeId: [29116642ea5d4013895cee5488b3c7f3] tagID=[7b33baae8b4546efa155794599a1a1cd] set TAG_NEW=0,DB DEBUG,fe_LotRecipeRowCheckCreateByRecipe,c05dcd762e4b4b5a99224c48445d7683,3
50903,05/05/2026 06:24:39,INSERT in LOT_RECIPE_ROW TAG: [GI4_RECIPE_Data_OP30_PTL_4_Qta] value: [1] (FROM RECIPE_ROW) recipeId: [29116642ea5d4013895cee5488b3c7f3] tagID=[7ca06a06c6814e5482f933de89dca8a1] set TAG_NEW=0,DB DEBUG,fe_LotRecipeRowCheckCreateByRecipe,c05dcd762e4b4b5a99224c48445d7683,3
50904,05/05/2026 06:24:39,INSERT in LOT_RECIPE_ROW TAG: [GI4_RECIPE_Data_OP30_PTL_1_PartNumber] value: [11115858] (FROM RECIPE_ROW) recipeId: [29116642ea5d4013895cee5488b3c7f3] tagID=[7ce37947270449218f875eea849a2044] set TAG_NEW=0,DB DEBUG,fe_LotRecipeRowCheckCreateByRecipe,c05dcd762e4b4b5a99224c48445d7683,3
50905,05/05/2026 06:24:39,INSERT in LOT_RECIPE_ROW TAG: [GI4_RECIPE_Data_OP10_PTL_17_CellUnion] value: [0] (FROM RECIPE_ROW) recipeId: [29116642ea5d4013895cee5488b3c7f3] tagID=[7e99c778fe01429c8147fb61bf20fdbe] set TAG_NEW=0,DB DEBUG,fe_LotRecipeRowCheckCreateByRecipe,c05dcd762e4b4b5a99224c48445d7683,3
50906,05/05/2026 06:24:39,INSERT in LOT_RECIPE_ROW TAG: [GI4_RECIPE_Data_OP10_PTL_1_PartNumber] value: [314.0059.0.00] (FROM RECIPE_ROW) recipeId: [29116642ea5d4013895cee5488b3c7f3] tagID=[7eee7b9b5d3f4f3385918cf9bb6b7875] set TAG_NEW=0,DB DEBUG,fe_LotRecipeRowCheckCreateByRecipe,c05dcd762e4b4b5a99224c48445d7683,3
50907,05/05/2026 06:24:39,INSERT in LOT_RECIPE_ROW TAG: [GI4_RECIPE_Data_OP30_PTL_20_Cell] value: [0] (FROM RECIPE_ROW) recipeId: [29116642ea5d4013895cee5488b3c7f3] tagID=[7f0097e64d4e42568f87353f6886771e] set TAG_NEW=0,DB DEBUG,fe_LotRecipeRowCheckCreateByRecipe,c05dcd762e4b4b5a99224c48445d7683,3
50908,05/05/2026 06:24:39,INSERT in LOT_RECIPE_ROW TAG: [GI4_RECIPE_Data_OP30_PTL_5_Cell] value: [0] (FROM RECIPE_ROW) recipeId: [29116642ea5d4013895cee5488b3c7f3] tagID=[7f00999f806f469994cc8e2c2ef27728] set TAG_NEW=0,DB DEBUG,fe_LotRecipeRowCheckCreateByRecipe,c05dcd762e4b4b5a99224c48445d7683,3
50909,05/05/2026 06:24:39,INSERT in LOT_RECIPE_ROW TAG: [GI4_RECIPE_Data_OP10_PTL_17_PartNumber] value: [] (FROM RECIPE_ROW) recipeId: [29116642ea5d4013895cee5488b3c7f3] tagID=[7f7739bc347f45608ba21aa04342c2dc] set TAG_NEW=0,DB DEBUG,fe_LotRecipeRowCheckCreateByRecipe,c05dcd762e4b4b5a99224c48445d7683,3
50910,05/05/2026 06:24:39,INSERT in LOT_RECIPE_ROW TAG: [GI4_RECIPE_Data_OP30_PTL_28_Qta] value: [0] (FROM RECIPE_ROW) recipeId: [29116642ea5d4013895cee5488b3c7f3] tagID=[8016fe4df75b47bdad750766152a7bf9] set TAG_NEW=0,DB DEBUG,fe_LotRecipeRowCheckCreateByRecipe,c05dcd762e4b4b5a99224c48445d7683,3
50911,05/05/2026 06:24:39,INSERT in LOT_RECIPE_ROW TAG: [GI4_RECIPE_Data_OP30_PTL_27_Cell] value: [0] (FROM RECIPE_ROW) recipeId: [29116642ea5d4013895cee5488b3c7f3] tagID=[819d3ffd99bb4d46afeea3540ec7844c] set TAG_NEW=0,DB DEBUG,fe_LotRecipeRowCheckCreateByRecipe,c05dcd762e4b4b5a99224c48445d7683,3
50912,05/05/2026 06:24:39,INSERT in LOT_RECIPE_ROW TAG: [GI4_RECIPE_Data_OP10_PTL_7_PartNumber] value: [] (FROM RECIPE_ROW) recipeId: [29116642ea5d4013895cee5488b3c7f3] tagID=[81ede46cf2a0429eb773b4da4e5f1846] set TAG_NEW=0,DB DEBUG,fe_LotRecipeRowCheckCreateByRecipe,c05dcd762e4b4b5a99224c48445d7683,3
50913,05/05/2026 06:24:39,"INSERT in LOT_RECIPE_ROW TAG: [GI4_RECIPE_Data_OP30_PTL_11_Description] value: [LING.A DISCO 4 x 7,5 UNI 6606] (FROM RECIPE_ROW) recipeId: [29116642ea5d4013895cee5488b3c7f3] tagID=[8221d86a3f8d40afa93cc9f830cee8ce] set TAG_NEW=0",DB DEBUG,fe_LotRecipeRowCheckCreateByRecipe,c05dcd762e4b4b5a99224c48445d7683,3
50914,05/05/2026 06:24:39,INSERT in LOT_RECIPE_ROW TAG: [GI4_RECIPE_Data_OP10_PTL_20_CellUnion] value: [0] (FROM RECIPE_ROW) recipeId: [29116642ea5d4013895cee5488b3c7f3] tagID=[85556a15889e4c90b875e2fa81df305e] set TAG_NEW=0,DB DEBUG,fe_LotRecipeRowCheckCreateByRecipe,c05dcd762e4b4b5a99224c48445d7683,3
50915,05/05/2026 06:24:39,INSERT in LOT_RECIPE_ROW TAG: [GI4_RECIPE_Data_OP30_PTL_4_Description] value: [PIASTRA DI BILANC. SNP3] (FROM RECIPE_ROW) recipeId: [29116642ea5d4013895cee5488b3c7f3] tagID=[85dd705906f34a43a06a48e2fa5562d0] set TAG_NEW=0,DB DEBUG,fe_LotRecipeRowCheckCreateByRecipe,c05dcd762e4b4b5a99224c48445d7683,3
50916,05/05/2026 06:24:39,INSERT in LOT_RECIPE_ROW TAG: [GI4_RECIPE_Data_OP30_PTL_8_Qta] value: [1] (FROM RECIPE_ROW) recipeId: [29116642ea5d4013895cee5488b3c7f3] tagID=[85fb34eba80d4fb38ad706d6bc51c136] set TAG_NEW=0,DB DEBUG,fe_LotRecipeRowCheckCreateByRecipe,c05dcd762e4b4b5a99224c48445d7683,3
50917,05/05/2026 06:24:39,INSERT in LOT_RECIPE_ROW TAG: [GI4_RECIPE_Data_OP10_PTL_6_Description] value: [TCCE M10x35 UNI5931-12K-br.] (FROM RECIPE_ROW) recipeId: [29116642ea5d4013895cee5488b3c7f3] tagID=[8888b6c2b336454ea1dde3d0e777e26c] set TAG_NEW=0,DB DEBUG,fe_LotRecipeRowCheckCreateByRecipe,c05dcd762e4b4b5a99224c48445d7683,3
50918,05/05/2026 06:24:39,INSERT in LOT_RECIPE_ROW TAG: [GI4_RECIPE_Data_OP10_PTL_12_Description] value: [] (FROM RECIPE_ROW) recipeId: [29116642ea5d4013895cee5488b3c7f3] tagID=[8917fa3d84b94453897c15f5eb6a1bc7] set TAG_NEW=0,DB DEBUG,fe_LotRecipeRowCheckCreateByRecipe,c05dcd762e4b4b5a99224c48445d7683,3
50919,05/05/2026 06:24:39,INSERT in LOT_RECIPE_ROW TAG: [GI4_RECIPE_Data_OP30_PTL_23_Qta] value: [0] (FROM RECIPE_ROW) recipeId: [29116642ea5d4013895cee5488b3c7f3] tagID=[8bcb146e530c4d34ac0f620c1d076067] set TAG_NEW=0,DB DEBUG,fe_LotRecipeRowCheckCreateByRecipe,c05dcd762e4b4b5a99224c48445d7683,3
50920,05/05/2026 06:24:39,INSERT in LOT_RECIPE_ROW TAG: [GI4_RECIPE_Data_OP30_PTL_21_Description] value: [] (FROM RECIPE_ROW) recipeId: [29116642ea5d4013895cee5488b3c7f3] tagID=[8c2620cd63eb4df79760a38874c39e8b] set TAG_NEW=0,DB DEBUG,fe_LotRecipeRowCheckCreateByRecipe,c05dcd762e4b4b5a99224c48445d7683,3
50921,05/05/2026 06:24:39,INSERT in LOT_RECIPE_ROW TAG: [GI4_RECIPE_Data_OP10_PTL_6_CellUnion] value: [0] (FROM RECIPE_ROW) recipeId: [29116642ea5d4013895cee5488b3c7f3] tagID=[8d2e3fe01eeb446292888b44f818a1f9] set TAG_NEW=0,DB DEBUG,fe_LotRecipeRowCheckCreateByRecipe,c05dcd762e4b4b5a99224c48445d7683,3
50922,05/05/2026 06:24:39,INSERT in LOT_RECIPE_ROW TAG: [GI4_RECIPE_Data_OP30_PTL_7_Cell] value: [0] (FROM RECIPE_ROW) recipeId: [29116642ea5d4013895cee5488b3c7f3] tagID=[8da5355aad07486dafba036bfff05750] set TAG_NEW=0,DB DEBUG,fe_LotRecipeRowCheckCreateByRecipe,c05dcd762e4b4b5a99224c48445d7683,3
50923,05/05/2026 06:24:39,INSERT in LOT_RECIPE_ROW TAG: [GI4_RECIPE_Data_OP10_PTL_27_Cell] value: [0] (FROM RECIPE_ROW) recipeId: [29116642ea5d4013895cee5488b3c7f3] tagID=[8f2745f0a12842afaa70318e3cd1f7a8] set TAG_NEW=0,DB DEBUG,fe_LotRecipeRowCheckCreateByRecipe,c05dcd762e4b4b5a99224c48445d7683,3
50924,05/05/2026 06:24:39,INSERT in LOT_RECIPE_ROW TAG: [GI4_RECIPE_Data_OP10_PTL_24_Description] value: [] (FROM RECIPE_ROW) recipeId: [29116642ea5d4013895cee5488b3c7f3] tagID=[9087a3791a4b4f6793a64e1cee3db501] set TAG_NEW=0,DB DEBUG,fe_LotRecipeRowCheckCreateByRecipe,c05dcd762e4b4b5a99224c48445d7683,3
50925,05/05/2026 06:24:39,INSERT in LOT_RECIPE_ROW TAG: [GI4_RECIPE_Data_OP30_PTL_27_Description] value: [] (FROM RECIPE_ROW) recipeId: [29116642ea5d4013895cee5488b3c7f3] tagID=[9268db9795f2473ba4a24cac807882a1] set TAG_NEW=0,DB DEBUG,fe_LotRecipeRowCheckCreateByRecipe,c05dcd762e4b4b5a99224c48445d7683,3
50926,05/05/2026 06:24:39,INSERT in LOT_RECIPE_ROW TAG: [GI4_RECIPE_Data_OP10_PTL_29_Qta] value: [0] (FROM RECIPE_ROW) recipeId: [29116642ea5d4013895cee5488b3c7f3] tagID=[92b271e48ed641e6ad129bac0809f533] set TAG_NEW=0,DB DEBUG,fe_LotRecipeRowCheckCreateByRecipe,c05dcd762e4b4b5a99224c48445d7683,3
50927,05/05/2026 06:24:39,INSERT in LOT_RECIPE_ROW TAG: [GI4_RECIPE_Data_OP30_PTL_24_Cell] value: [0] (FROM RECIPE_ROW) recipeId: [29116642ea5d4013895cee5488b3c7f3] tagID=[93740c4ee2724d1b94687ed48e1e00e4] set TAG_NEW=0,DB DEBUG,fe_LotRecipeRowCheckCreateByRecipe,c05dcd762e4b4b5a99224c48445d7683,3
50928,05/05/2026 06:24:39,INSERT in LOT_RECIPE_ROW TAG: [GI4_RECIPE_Data_OP30_PTL_7_Description] value: [TAPPO FILETTATO- 3/4-GAS] (FROM RECIPE_ROW) recipeId: [29116642ea5d4013895cee5488b3c7f3] tagID=[94025c26c59641fa8ca85675332ce390] set TAG_NEW=0,DB DEBUG,fe_LotRecipeRowCheckCreateByRecipe,c05dcd762e4b4b5a99224c48445d7683,3
50929,05/05/2026 06:24:39,INSERT in LOT_RECIPE_ROW TAG: [GI4_RECIPE_Data_OP30_PTL_19_Description] value: [] (FROM RECIPE_ROW) recipeId: [29116642ea5d4013895cee5488b3c7f3] tagID=[94c2f74c34bb4d6cb2166ebd7712ff25] set TAG_NEW=0,DB DEBUG,fe_LotRecipeRowCheckCreateByRecipe,c05dcd762e4b4b5a99224c48445d7683,3
50930,05/05/2026 06:24:39,INSERT in LOT_RECIPE_ROW TAG: [GI4_RECIPE_Data_OP30_PTL_29_PartNumber] value: [] (FROM RECIPE_ROW) recipeId: [29116642ea5d4013895cee5488b3c7f3] tagID=[94dd4cd7263e45239951c5b10677bf6c] set TAG_NEW=0,DB DEBUG,fe_LotRecipeRowCheckCreateByRecipe,c05dcd762e4b4b5a99224c48445d7683,3
50931,05/05/2026 06:24:39,INSERT in LOT_RECIPE_ROW TAG: [GI4_RECIPE_Data_OP30_PTL_15_Qta] value: [1] (FROM RECIPE_ROW) recipeId: [29116642ea5d4013895cee5488b3c7f3] tagID=[968856ca602e46fea96e5ad25133b385] set TAG_NEW=0,DB DEBUG,fe_LotRecipeRowCheckCreateByRecipe,c05dcd762e4b4b5a99224c48445d7683,3
50932,05/05/2026 06:24:39,INSERT in LOT_RECIPE_ROW TAG: [GI4_RECIPE_Data_OP10_PTL_30_Cell] value: [0] (FROM RECIPE_ROW) recipeId: [29116642ea5d4013895cee5488b3c7f3] tagID=[96e62cf2a766464aa0d7953351080569] set TAG_NEW=0,DB DEBUG,fe_LotRecipeRowCheckCreateByRecipe,c05dcd762e4b4b5a99224c48445d7683,3
50933,05/05/2026 06:24:39,INSERT in LOT_RECIPE_ROW TAG: [GI4_RECIPE_Data_OP10_PTL_2_PartNumber] value: [313.0039.1.00] (FROM RECIPE_ROW) recipeId: [29116642ea5d4013895cee5488b3c7f3] tagID=[97725c7e1be64b50af0a8ea3be69c4ab] set TAG_NEW=0,DB DEBUG,fe_LotRecipeRowCheckCreateByRecipe,c05dcd762e4b4b5a99224c48445d7683,3
50934,05/05/2026 06:24:39,INSERT in LOT_RECIPE_ROW TAG: [GI4_RECIPE_Data_OP30_PTL_15_Description] value: [MEZZO CORPO INSERIMENTO BOCCOLE] (FROM RECIPE_ROW) recipeId: [29116642ea5d4013895cee5488b3c7f3] tagID=[980dc20e83254cfa8b43b2e84a4dc2f3] set TAG_NEW=0,DB DEBUG,fe_LotRecipeRowCheckCreateByRecipe,c05dcd762e4b4b5a99224c48445d7683,3
50935,05/05/2026 06:24:39,INSERT in LOT_RECIPE_ROW TAG: [GI4_RECIPE_Data_OP30_PTL_12_Description] value: [GUAR.BILANC.PIASTRA SNP3] (FROM RECIPE_ROW) recipeId: [29116642ea5d4013895cee5488b3c7f3] tagID=[9968ccfe92584960b1373e007a2970ca] set TAG_NEW=0,DB DEBUG,fe_LotRecipeRowCheckCreateByRecipe,c05dcd762e4b4b5a99224c48445d7683,3
50936,05/05/2026 06:24:39,INSERT in LOT_RECIPE_ROW TAG: [GI4_RECIPE_Data_OP10_PTL_6_Cell] value: [11] (FROM RECIPE_ROW) recipeId: [29116642ea5d4013895cee5488b3c7f3] tagID=[9ca743ce62c64ec19306f9a7f58ee4b2] set TAG_NEW=0,DB DEBUG,fe_LotRecipeRowCheckCreateByRecipe,c05dcd762e4b4b5a99224c48445d7683,3
50937,05/05/2026 06:24:39,INSERT in LOT_RECIPE_ROW TAG: [GI4_RECIPE_Data_OP30_PTL_18_Description] value: [TCCE M10x30 UNI5931-12K- br.] (FROM RECIPE_ROW) recipeId: [29116642ea5d4013895cee5488b3c7f3] tagID=[9d6181a89a3b42b089cdea11cde8d5aa] set TAG_NEW=0,DB DEBUG,fe_LotRecipeRowCheckCreateByRecipe,c05dcd762e4b4b5a99224c48445d7683,3
50938,05/05/2026 06:24:39,INSERT in LOT_RECIPE_ROW TAG: [GI4_RECIPE_Data_OP30_PTL_29_Cell] value: [0] (FROM RECIPE_ROW) recipeId: [29116642ea5d4013895cee5488b3c7f3] tagID=[9d894fc434dd4e128348f7295f11a416] set TAG_NEW=0,DB DEBUG,fe_LotRecipeRowCheckCreateByRecipe,c05dcd762e4b4b5a99224c48445d7683,3
50939,05/05/2026 06:24:39,INSERT in LOT_RECIPE_ROW TAG: [GI4_RECIPE_Data_OP30_PTL_26_Qta] value: [0] (FROM RECIPE_ROW) recipeId: [29116642ea5d4013895cee5488b3c7f3] tagID=[9da728b46768497c82e8ee97dab5c77f] set TAG_NEW=0,DB DEBUG,fe_LotRecipeRowCheckCreateByRecipe,c05dcd762e4b4b5a99224c48445d7683,3
50940,05/05/2026 06:24:39,INSERT in LOT_RECIPE_ROW TAG: [GI4_RECIPE_Data_OP10_PTL_31_CellUnion] value: [0] (FROM RECIPE_ROW) recipeId: [29116642ea5d4013895cee5488b3c7f3] tagID=[9e841f7f5b044a1693ad08752fc3583d] set TAG_NEW=0,DB DEBUG,fe_LotRecipeRowCheckCreateByRecipe,c05dcd762e4b4b5a99224c48445d7683,3
50941,05/05/2026 06:24:39,INSERT in LOT_RECIPE_ROW TAG: [GI4_RECIPE_Data_OP30_PTL_23_CellUnion] value: [0] (FROM RECIPE_ROW) recipeId: [29116642ea5d4013895cee5488b3c7f3] tagID=[9f3ce9c5657c4081a44076684abed128] set TAG_NEW=0,DB DEBUG,fe_LotRecipeRowCheckCreateByRecipe,c05dcd762e4b4b5a99224c48445d7683,3
50942,05/05/2026 06:24:39,INSERT in LOT_RECIPE_ROW TAG: [GI4_RECIPE_Data_OP10_PTL_3_CellUnion] value: [0] (FROM RECIPE_ROW) recipeId: [29116642ea5d4013895cee5488b3c7f3] tagID=[9f494ab1a6b240f0a92431fa148ecacd] set TAG_NEW=0,DB DEBUG,fe_LotRecipeRowCheckCreateByRecipe,c05dcd762e4b4b5a99224c48445d7683,3
50943,05/05/2026 06:24:39,INSERT in LOT_RECIPE_ROW TAG: [GI4_RECIPE_Data_OP30_PTL_30_Description] value: [] (FROM RECIPE_ROW) recipeId: [29116642ea5d4013895cee5488b3c7f3] tagID=[9f49aa7d8fe74c4ebe0822c76b1d6809] set TAG_NEW=0,DB DEBUG,fe_LotRecipeRowCheckCreateByRecipe,c05dcd762e4b4b5a99224c48445d7683,3
50944,05/05/2026 06:24:39,INSERT in LOT_RECIPE_ROW TAG: [GI4_RECIPE_Data_OP10_PTL_8_CellUnion] value: [0] (FROM RECIPE_ROW) recipeId: [29116642ea5d4013895cee5488b3c7f3] tagID=[9f675bf8a3fc4baf9600424a6e6e7dfc] set TAG_NEW=0,DB DEBUG,fe_LotRecipeRowCheckCreateByRecipe,c05dcd762e4b4b5a99224c48445d7683,3
50945,05/05/2026 06:24:39,INSERT in LOT_RECIPE_ROW TAG: [GI4_RECIPE_Data_OP10_PTL_22_Cell] value: [0] (FROM RECIPE_ROW) recipeId: [29116642ea5d4013895cee5488b3c7f3] tagID=[a06dc51fecd4478cab7219b5a81f561e] set TAG_NEW=0,DB DEBUG,fe_LotRecipeRowCheckCreateByRecipe,c05dcd762e4b4b5a99224c48445d7683,3
50946,05/05/2026 06:24:39,INSERT in LOT_RECIPE_ROW TAG: [GI4_RECIPE_Data_OP10_PTL_12_Cell] value: [0] (FROM RECIPE_ROW) recipeId: [29116642ea5d4013895cee5488b3c7f3] tagID=[a536e08c7e0646a1a3bf8cbf76ff4d06] set TAG_NEW=0,DB DEBUG,fe_LotRecipeRowCheckCreateByRecipe,c05dcd762e4b4b5a99224c48445d7683,3
50947,05/05/2026 06:24:39,INSERT in LOT_RECIPE_ROW TAG: [GI4_RECIPE_Data_OP10_PTL_15_Qta] value: [0] (FROM RECIPE_ROW) recipeId: [29116642ea5d4013895cee5488b3c7f3] tagID=[a62c40231ea046c392bd93ca69a7eb93] set TAG_NEW=0,DB DEBUG,fe_LotRecipeRowCheckCreateByRecipe,c05dcd762e4b4b5a99224c48445d7683,3
50948,05/05/2026 06:24:39,INSERT in LOT_RECIPE_ROW TAG: [GI4_RECIPE_Data_OP10_PTL_19_Qta] value: [0] (FROM RECIPE_ROW) recipeId: [29116642ea5d4013895cee5488b3c7f3] tagID=[a854b6342fee41a6a95bf7a66f91f2f2] set TAG_NEW=0,DB DEBUG,fe_LotRecipeRowCheckCreateByRecipe,c05dcd762e4b4b5a99224c48445d7683,3
50949,05/05/2026 06:24:39,INSERT in LOT_RECIPE_ROW TAG: [GI4_RECIPE_Data_OP10_PTL_24_Qta] value: [0] (FROM RECIPE_ROW) recipeId: [29116642ea5d4013895cee5488b3c7f3] tagID=[ac05b3ef6b984070964f44c6a386b03e] set TAG_NEW=0,DB DEBUG,fe_LotRecipeRowCheckCreateByRecipe,c05dcd762e4b4b5a99224c48445d7683,3
50950,05/05/2026 06:24:39,INSERT in LOT_RECIPE_ROW TAG: [GI4_RECIPE_Data_OP10_PTL_7_Description] value: [] (FROM RECIPE_ROW) recipeId: [29116642ea5d4013895cee5488b3c7f3] tagID=[ac7747aadd5a48bc8af7192c4715ad52] set TAG_NEW=0,DB DEBUG,fe_LotRecipeRowCheckCreateByRecipe,c05dcd762e4b4b5a99224c48445d7683,3
50951,05/05/2026 06:24:39,INSERT in LOT_RECIPE_ROW TAG: [GI4_RECIPE_Data_OP30_PTL_11_Cell] value: [0] (FROM RECIPE_ROW) recipeId: [29116642ea5d4013895cee5488b3c7f3] tagID=[ad7f7fe44f0a4a5cbd5acbab5052351e] set TAG_NEW=0,DB DEBUG,fe_LotRecipeRowCheckCreateByRecipe,c05dcd762e4b4b5a99224c48445d7683,3
50952,05/05/2026 06:24:39,INSERT in LOT_RECIPE_ROW TAG: [GI4_RECIPE_Data_OP30_PTL_30_CellUnion] value: [0] (FROM RECIPE_ROW) recipeId: [29116642ea5d4013895cee5488b3c7f3] tagID=[adc5415e252f479f81b9a6c599dbb9d0] set TAG_NEW=0,DB DEBUG,fe_LotRecipeRowCheckCreateByRecipe,c05dcd762e4b4b5a99224c48445d7683,3
50953,05/05/2026 06:24:39,INSERT in LOT_RECIPE_ROW TAG: [GI4_RECIPE_Data_OP30_PTL_14_PartNumber] value: [314.0060.0.00] (FROM RECIPE_ROW) recipeId: [29116642ea5d4013895cee5488b3c7f3] tagID=[adc6dee299e94b74a6c5d5d7fc477174] set TAG_NEW=0,DB DEBUG,fe_LotRecipeRowCheckCreateByRecipe,c05dcd762e4b4b5a99224c48445d7683,3
50954,05/05/2026 06:24:39,INSERT in LOT_RECIPE_ROW TAG: [GI4_RECIPE_Data_OP10_PTL_10_Qta] value: [0] (FROM RECIPE_ROW) recipeId: [29116642ea5d4013895cee5488b3c7f3] tagID=[affad80389084da3899b526e402ed673] set TAG_NEW=0,DB DEBUG,fe_LotRecipeRowCheckCreateByRecipe,c05dcd762e4b4b5a99224c48445d7683,3
50955,05/05/2026 06:24:39,INSERT in LOT_RECIPE_ROW TAG: [GI4_RECIPE_Data_OP10_PTL_25_Qta] value: [0] (FROM RECIPE_ROW) recipeId: [29116642ea5d4013895cee5488b3c7f3] tagID=[b5cbc5b84b64466789f2b58cc5e5bbb4] set TAG_NEW=0,DB DEBUG,fe_LotRecipeRowCheckCreateByRecipe,c05dcd762e4b4b5a99224c48445d7683,3
50956,05/05/2026 06:24:39,INSERT in LOT_RECIPE_ROW TAG: [GI4_RECIPE_Data_OP30_PTL_5_CellUnion] value: [0] (FROM RECIPE_ROW) recipeId: [29116642ea5d4013895cee5488b3c7f3] tagID=[b63c4febbeee4ebeaba4b956239c4c4e] set TAG_NEW=0,DB DEBUG,fe_LotRecipeRowCheckCreateByRecipe,c05dcd762e4b4b5a99224c48445d7683,3
50957,05/05/2026 06:24:39,INSERT in LOT_RECIPE_ROW TAG: [GI4_RECIPE_Data_OP10_PTL_22_Qta] value: [0] (FROM RECIPE_ROW) recipeId: [29116642ea5d4013895cee5488b3c7f3] tagID=[b7d668115615414499c34d74a9b620e5] set TAG_NEW=0,DB DEBUG,fe_LotRecipeRowCheckCreateByRecipe,c05dcd762e4b4b5a99224c48445d7683,3
50958,05/05/2026 06:24:39,INSERT in LOT_RECIPE_ROW TAG: [GI4_RECIPE_Data_OP30_PTL_6_PartNumber] value: [330.0083.0.00] (FROM RECIPE_ROW) recipeId: [29116642ea5d4013895cee5488b3c7f3] tagID=[b8b9fa36e33a4e14a2374c935ab0585d] set TAG_NEW=0,DB DEBUG,fe_LotRecipeRowCheckCreateByRecipe,c05dcd762e4b4b5a99224c48445d7683,3
50959,05/05/2026 06:24:39,INSERT in LOT_RECIPE_ROW TAG: [GI4_RECIPE_Data_OP10_PTL_8_Cell] value: [0] (FROM RECIPE_ROW) recipeId: [29116642ea5d4013895cee5488b3c7f3] tagID=[b97671bc53ef430da0c80fcd2c7e6b05] set TAG_NEW=0,DB DEBUG,fe_LotRecipeRowCheckCreateByRecipe,c05dcd762e4b4b5a99224c48445d7683,3
50960,05/05/2026 06:24:39,INSERT in LOT_RECIPE_ROW TAG: [GI4_RECIPE_Data_OP30_PTL_8_Cell] value: [0] (FROM RECIPE_ROW) recipeId: [29116642ea5d4013895cee5488b3c7f3] tagID=[bb92791e866e4d888fd699bdab2462a3] set TAG_NEW=0,DB DEBUG,fe_LotRecipeRowCheckCreateByRecipe,c05dcd762e4b4b5a99224c48445d7683,3
50961,05/05/2026 06:24:39,INSERT in LOT_RECIPE_ROW TAG: [GI4_RECIPE_Data_OP10_PTL_27_PartNumber] value: [] (FROM RECIPE_ROW) recipeId: [29116642ea5d4013895cee5488b3c7f3] tagID=[bbd55296f3d9459c9cbced2ba6f0a77d] set TAG_NEW=0,DB DEBUG,fe_LotRecipeRowCheckCreateByRecipe,c05dcd762e4b4b5a99224c48445d7683,3
50962,05/05/2026 06:24:39,INSERT in LOT_RECIPE_ROW TAG: [GI4_RECIPE_Data_OP30_PTL_26_PartNumber] value: [] (FROM RECIPE_ROW) recipeId: [29116642ea5d4013895cee5488b3c7f3] tagID=[bc25f7ecf75e421c97fb25804c34fb13] set TAG_NEW=0,DB DEBUG,fe_LotRecipeRowCheckCreateByRecipe,c05dcd762e4b4b5a99224c48445d7683,3
50963,05/05/2026 06:24:39,INSERT in LOT_RECIPE_ROW TAG: [GI4_RECIPE_Data_OP30_PTL_29_Qta] value: [0] (FROM RECIPE_ROW) recipeId: [29116642ea5d4013895cee5488b3c7f3] tagID=[bc3fc782f88f41ee9ca37dbbf13c9a30] set TAG_NEW=0,DB DEBUG,fe_LotRecipeRowCheckCreateByRecipe,c05dcd762e4b4b5a99224c48445d7683,3
50964,05/05/2026 06:24:39,INSERT in LOT_RECIPE_ROW TAG: [GI4_RECIPE_Data_OP10_PTL_24_CellUnion] value: [0] (FROM RECIPE_ROW) recipeId: [29116642ea5d4013895cee5488b3c7f3] tagID=[be073a12937c458d84834dace368a187] set TAG_NEW=0,DB DEBUG,fe_LotRecipeRowCheckCreateByRecipe,c05dcd762e4b4b5a99224c48445d7683,3
50965,05/05/2026 06:24:39,INSERT in LOT_RECIPE_ROW TAG: [GI4_RECIPE_Data_OP30_PTL_31_PartNumber] value: [] (FROM RECIPE_ROW) recipeId: [29116642ea5d4013895cee5488b3c7f3] tagID=[be5401d776254fb491ba083fe0c2c746] set TAG_NEW=0,DB DEBUG,fe_LotRecipeRowCheckCreateByRecipe,c05dcd762e4b4b5a99224c48445d7683,3
50966,05/05/2026 06:24:39,INSERT in LOT_RECIPE_ROW TAG: [GI4_RECIPE_Data_OP10_PTL_2_Cell] value: [22] (FROM RECIPE_ROW) recipeId: [29116642ea5d4013895cee5488b3c7f3] tagID=[bf8911c5ef4d46cca50bc6607b301bcb] set TAG_NEW=0,DB DEBUG,fe_LotRecipeRowCheckCreateByRecipe,c05dcd762e4b4b5a99224c48445d7683,3
50967,05/05/2026 06:24:39,INSERT in LOT_RECIPE_ROW TAG: [GI4_RECIPE_Data_OP10_PTL_17_Description] value: [] (FROM RECIPE_ROW) recipeId: [29116642ea5d4013895cee5488b3c7f3] tagID=[c070a6bd45634e6cb48e3f33257074a4] set TAG_NEW=0,DB DEBUG,fe_LotRecipeRowCheckCreateByRecipe,c05dcd762e4b4b5a99224c48445d7683,3
50968,05/05/2026 06:24:39,INSERT in LOT_RECIPE_ROW TAG: [GI4_RECIPE_Data_OP30_PTL_10_Description] value: [SEEGER 40 UNI 7437] (FROM RECIPE_ROW) recipeId: [29116642ea5d4013895cee5488b3c7f3] tagID=[c106b0472bc946af8adb552982d35391] set TAG_NEW=0,DB DEBUG,fe_LotRecipeRowCheckCreateByRecipe,c05dcd762e4b4b5a99224c48445d7683,3
50969,05/05/2026 06:24:39,INSERT in LOT_RECIPE_ROW TAG: [GI4_RECIPE_Data_OP10_PTL_20_PartNumber] value: [] (FROM RECIPE_ROW) recipeId: [29116642ea5d4013895cee5488b3c7f3] tagID=[c12fb192e4684af1a0076e569693b60a] set TAG_NEW=0,DB DEBUG,fe_LotRecipeRowCheckCreateByRecipe,c05dcd762e4b4b5a99224c48445d7683,3
50970,05/05/2026 06:24:39,INSERT in LOT_RECIPE_ROW TAG: [GI4_RECIPE_Data_OP10_PTL_29_Description] value: [] (FROM RECIPE_ROW) recipeId: [29116642ea5d4013895cee5488b3c7f3] tagID=[c1af14d7f1ab4b289e63457352547ec8] set TAG_NEW=0,DB DEBUG,fe_LotRecipeRowCheckCreateByRecipe,c05dcd762e4b4b5a99224c48445d7683,3
50971,05/05/2026 06:24:39,INSERT in LOT_RECIPE_ROW TAG: [GI4_RECIPE_Data_OP30_PTL_18_PartNumber] value: [5713.54.2579] (FROM RECIPE_ROW) recipeId: [29116642ea5d4013895cee5488b3c7f3] tagID=[c26f43793c1d47c59d1e85e4b3346a7d] set TAG_NEW=0,DB DEBUG,fe_LotRecipeRowCheckCreateByRecipe,c05dcd762e4b4b5a99224c48445d7683,3
50972,05/05/2026 06:24:39,INSERT in LOT_RECIPE_ROW TAG: [GI4_RECIPE_Data_OP30_PTL_32_Description] value: [] (FROM RECIPE_ROW) recipeId: [29116642ea5d4013895cee5488b3c7f3] tagID=[c2b389e7b0dd4fa2bddfb6faa78caa2b] set TAG_NEW=0,DB DEBUG,fe_LotRecipeRowCheckCreateByRecipe,c05dcd762e4b4b5a99224c48445d7683,3
50973,05/05/2026 06:24:39,INSERT in LOT_RECIPE_ROW TAG: [GI4_RECIPE_Data_OP10_PTL_4_CellUnion] value: [0] (FROM RECIPE_ROW) recipeId: [29116642ea5d4013895cee5488b3c7f3] tagID=[c3baf9c71d13472fa6cdaaca86f9002f] set TAG_NEW=0,DB DEBUG,fe_LotRecipeRowCheckCreateByRecipe,c05dcd762e4b4b5a99224c48445d7683,3
50974,05/05/2026 06:24:39,INSERT in LOT_RECIPE_ROW TAG: [GI4_RECIPE_Data_OP10_PTL_16_Qta] value: [0] (FROM RECIPE_ROW) recipeId: [29116642ea5d4013895cee5488b3c7f3] tagID=[c4e63e6a207546dd9a0d7a51fd7a8467] set TAG_NEW=0,DB DEBUG,fe_LotRecipeRowCheckCreateByRecipe,c05dcd762e4b4b5a99224c48445d7683,3
50975,05/05/2026 06:24:39,INSERT in LOT_RECIPE_ROW TAG: [GI4_RECIPE_Data_OP10_PTL_30_Description] value: [] (FROM RECIPE_ROW) recipeId: [29116642ea5d4013895cee5488b3c7f3] tagID=[c56e92e2122a41b89779605bc0cf4fe5] set TAG_NEW=0,DB DEBUG,fe_LotRecipeRowCheckCreateByRecipe,c05dcd762e4b4b5a99224c48445d7683,3
50976,05/05/2026 06:24:39,INSERT in LOT_RECIPE_ROW TAG: [GI4_RECIPE_Data_OP10_PTL_4_PartNumber] value: [MEZZO CORPO] (FROM RECIPE_ROW) recipeId: [29116642ea5d4013895cee5488b3c7f3] tagID=[c72ce596a083481fba045f168c9a6b39] set TAG_NEW=0,DB DEBUG,fe_LotRecipeRowCheckCreateByRecipe,c05dcd762e4b4b5a99224c48445d7683,3
50977,05/05/2026 06:24:39,INSERT in LOT_RECIPE_ROW TAG: [GI4_RECIPE_Data_OP30_PTL_22_PartNumber] value: [] (FROM RECIPE_ROW) recipeId: [29116642ea5d4013895cee5488b3c7f3] tagID=[c76153368d324d41a1253e0e03e0e7d8] set TAG_NEW=0,DB DEBUG,fe_LotRecipeRowCheckCreateByRecipe,c05dcd762e4b4b5a99224c48445d7683,3
50978,05/05/2026 06:24:39,INSERT in LOT_RECIPE_ROW TAG: [GI4_RECIPE_Data_PartNumber] value: [111.25.068.0C] (FROM RECIPE_ROW) recipeId: [29116642ea5d4013895cee5488b3c7f3] tagID=[c83d6a238f06459f8a8779a32bb67758] set TAG_NEW=0,DB DEBUG,fe_LotRecipeRowCheckCreateByRecipe,c05dcd762e4b4b5a99224c48445d7683,3
50979,05/05/2026 06:24:39,INSERT in LOT_RECIPE_ROW TAG: [GI4_RECIPE_Data_OP30_PTL_27_Qta] value: [0] (FROM RECIPE_ROW) recipeId: [29116642ea5d4013895cee5488b3c7f3] tagID=[c942d48f7ee4443ba82f2c656dd30ec2] set TAG_NEW=0,DB DEBUG,fe_LotRecipeRowCheckCreateByRecipe,c05dcd762e4b4b5a99224c48445d7683,3
50980,05/05/2026 06:24:39,INSERT in LOT_RECIPE_ROW TAG: [GI4_RECIPE_Data_OP10_PTL_26_Cell] value: [0] (FROM RECIPE_ROW) recipeId: [29116642ea5d4013895cee5488b3c7f3] tagID=[cac61cb92d4b40bc984efe67651d8e4e] set TAG_NEW=0,DB DEBUG,fe_LotRecipeRowCheckCreateByRecipe,c05dcd762e4b4b5a99224c48445d7683,3
50981,05/05/2026 06:24:39,INSERT in LOT_RECIPE_ROW TAG: [GI4_RECIPE_Data_OP10_PTL_9_PartNumber] value: [] (FROM RECIPE_ROW) recipeId: [29116642ea5d4013895cee5488b3c7f3] tagID=[cbb7678eb3b54ba8a956d341db4ff661] set TAG_NEW=0,DB DEBUG,fe_LotRecipeRowCheckCreateByRecipe,c05dcd762e4b4b5a99224c48445d7683,3
50982,05/05/2026 06:24:39,INSERT in LOT_RECIPE_ROW TAG: [GI4_RECIPE_Data_OP30_PTL_22_Description] value: [] (FROM RECIPE_ROW) recipeId: [29116642ea5d4013895cee5488b3c7f3] tagID=[cc597808527b4b459e0846ffb02480e1] set TAG_NEW=0,DB DEBUG,fe_LotRecipeRowCheckCreateByRecipe,c05dcd762e4b4b5a99224c48445d7683,3
50983,05/05/2026 06:24:39,INSERT in LOT_RECIPE_ROW TAG: [GI4_RECIPE_Data_OP10_PTL_11_Qta] value: [0] (FROM RECIPE_ROW) recipeId: [29116642ea5d4013895cee5488b3c7f3] tagID=[cc8c0e89be2048d186990555b1a44840] set TAG_NEW=0,DB DEBUG,fe_LotRecipeRowCheckCreateByRecipe,c05dcd762e4b4b5a99224c48445d7683,3
50984,05/05/2026 06:24:39,INSERT in LOT_RECIPE_ROW TAG: [GI4_RECIPE_Data_OP10_PTL_11_Description] value: [] (FROM RECIPE_ROW) recipeId: [29116642ea5d4013895cee5488b3c7f3] tagID=[cf808fdffd77430f9cf3082bfd2699df] set TAG_NEW=0,DB DEBUG,fe_LotRecipeRowCheckCreateByRecipe,c05dcd762e4b4b5a99224c48445d7683,3
50985,05/05/2026 06:24:39,INSERT in LOT_RECIPE_ROW TAG: [GI4_RECIPE_Data_OP30_PTL_16_Cell] value: [29] (FROM RECIPE_ROW) recipeId: [29116642ea5d4013895cee5488b3c7f3] tagID=[d123070cd4a345bc89bf30fe22794bc1] set TAG_NEW=0,DB DEBUG,fe_LotRecipeRowCheckCreateByRecipe,c05dcd762e4b4b5a99224c48445d7683,3
50986,05/05/2026 06:24:39,INSERT in LOT_RECIPE_ROW TAG: [GI4_RECIPE_Data_OP30_PTL_18_Cell] value: [12] (FROM RECIPE_ROW) recipeId: [29116642ea5d4013895cee5488b3c7f3] tagID=[d1fb08f8dfe8459ca943cb806aafa3d7] set TAG_NEW=0,DB DEBUG,fe_LotRecipeRowCheckCreateByRecipe,c05dcd762e4b4b5a99224c48445d7683,3
50987,05/05/2026 06:24:39,INSERT in LOT_RECIPE_ROW TAG: [GI4_RECIPE_Data_OP30_PTL_19_Qta] value: [0] (FROM RECIPE_ROW) recipeId: [29116642ea5d4013895cee5488b3c7f3] tagID=[d20b05552f07497ebda26ccb177f2dbc] set TAG_NEW=0,DB DEBUG,fe_LotRecipeRowCheckCreateByRecipe,c05dcd762e4b4b5a99224c48445d7683,3
50988,05/05/2026 06:24:39,INSERT in LOT_RECIPE_ROW TAG: [GI4_RECIPE_Data_OP10_PTL_7_Qta] value: [0] (FROM RECIPE_ROW) recipeId: [29116642ea5d4013895cee5488b3c7f3] tagID=[d25c3d47b2b94538ba9fac551fd3af4b] set TAG_NEW=0,DB DEBUG,fe_LotRecipeRowCheckCreateByRecipe,c05dcd762e4b4b5a99224c48445d7683,3
50989,05/05/2026 06:24:39,INSERT in LOT_RECIPE_ROW TAG: [GI4_RECIPE_Data_OP30_PTL_5_PartNumber] value: [326.0049.0.00] (FROM RECIPE_ROW) recipeId: [29116642ea5d4013895cee5488b3c7f3] tagID=[d3ef201d06a94d69bb216c88bf4a33ea] set TAG_NEW=0,DB DEBUG,fe_LotRecipeRowCheckCreateByRecipe,c05dcd762e4b4b5a99224c48445d7683,3
50990,05/05/2026 06:24:39,INSERT in LOT_RECIPE_ROW TAG: [GI4_RECIPE_Data_OP30_PTL_23_Cell] value: [0] (FROM RECIPE_ROW) recipeId: [29116642ea5d4013895cee5488b3c7f3] tagID=[d400b964d19e4cce8117ab1651d779af] set TAG_NEW=0,DB DEBUG,fe_LotRecipeRowCheckCreateByRecipe,c05dcd762e4b4b5a99224c48445d7683,3
50991,05/05/2026 06:24:39,INSERT in LOT_RECIPE_ROW TAG: [GI4_RECIPE_Data_OP30_PTL_27_CellUnion] value: [0] (FROM RECIPE_ROW) recipeId: [29116642ea5d4013895cee5488b3c7f3] tagID=[d4777004cf6048599c737b7fe2ffa0ef] set TAG_NEW=0,DB DEBUG,fe_LotRecipeRowCheckCreateByRecipe,c05dcd762e4b4b5a99224c48445d7683,3
50992,05/05/2026 06:24:39,"INSERT in LOT_RECIPE_ROW TAG: [GI4_RECIPE_Data_OP30_PTL_16_Description] value: [PRE-SHAPED  OR SEAL88,57 x 2,] (FROM RECIPE_ROW) recipeId: [29116642ea5d4013895cee5488b3c7f3] tagID=[d4dd1b0e36854cb0b97ca5a2083a5e97] set TAG_NEW=0",DB DEBUG,fe_LotRecipeRowCheckCreateByRecipe,c05dcd762e4b4b5a99224c48445d7683,3
50993,05/05/2026 06:24:39,INSERT in LOT_RECIPE_ROW TAG: [GI4_RECIPE_Data_OP30_PTL_22_CellUnion] value: [0] (FROM RECIPE_ROW) recipeId: [29116642ea5d4013895cee5488b3c7f3] tagID=[d4e0ceda11944ed7b53cc2a99755b63e] set TAG_NEW=0,DB DEBUG,fe_LotRecipeRowCheckCreateByRecipe,c05dcd762e4b4b5a99224c48445d7683,3
50994,05/05/2026 06:24:39,INSERT in LOT_RECIPE_ROW TAG: [GI4_RECIPE_Data_ScrewProgram] value: [1] (FROM RECIPE_ROW) recipeId: [29116642ea5d4013895cee5488b3c7f3] tagID=[d512b9acdfc144c5a79d23a266dcbe3d] set TAG_NEW=0,DB DEBUG,fe_LotRecipeRowCheckCreateByRecipe,c05dcd762e4b4b5a99224c48445d7683,3
50995,05/05/2026 06:24:39,INSERT in LOT_RECIPE_ROW TAG: [GI4_RECIPE_Data_OP10_PTL_1_Description] value: [GUAR.BILANC.PIASTRA SNP3] (FROM RECIPE_ROW) recipeId: [29116642ea5d4013895cee5488b3c7f3] tagID=[d6291a14f33944dfa23f56376299e43c] set TAG_NEW=0,DB DEBUG,fe_LotRecipeRowCheckCreateByRecipe,c05dcd762e4b4b5a99224c48445d7683,3
50996,05/05/2026 06:24:39,INSERT in LOT_RECIPE_ROW TAG: [GI4_RECIPE_Data_OP30_PTL_1_Qta] value: [1] (FROM RECIPE_ROW) recipeId: [29116642ea5d4013895cee5488b3c7f3] tagID=[d65957a68f104b35b957c4a45caf82c7] set TAG_NEW=0,DB DEBUG,fe_LotRecipeRowCheckCreateByRecipe,c05dcd762e4b4b5a99224c48445d7683,3
50997,05/05/2026 06:24:39,INSERT in LOT_RECIPE_ROW TAG: [GI4_RECIPE_Data_OP10_PTL_5_Cell] value: [27] (FROM RECIPE_ROW) recipeId: [29116642ea5d4013895cee5488b3c7f3] tagID=[d666969d2ef44fd2ae1aba775b049a59] set TAG_NEW=0,DB DEBUG,fe_LotRecipeRowCheckCreateByRecipe,c05dcd762e4b4b5a99224c48445d7683,3
50998,05/05/2026 06:24:39,INSERT in LOT_RECIPE_ROW TAG: [GI4_RECIPE_Data_OP30_PTL_4_Cell] value: [0] (FROM RECIPE_ROW) recipeId: [29116642ea5d4013895cee5488b3c7f3] tagID=[d82e322e3913451fbedf33e5d18a7ec3] set TAG_NEW=0,DB DEBUG,fe_LotRecipeRowCheckCreateByRecipe,c05dcd762e4b4b5a99224c48445d7683,3
50999,05/05/2026 06:24:39,INSERT in LOT_RECIPE_ROW TAG: [GI4_RECIPE_Data_OP30_PTL_6_Qta] value: [1] (FROM RECIPE_ROW) recipeId: [29116642ea5d4013895cee5488b3c7f3] tagID=[d8586c93e6cf42cf8b806d67a901041c] set TAG_NEW=0,DB DEBUG,fe_LotRecipeRowCheckCreateByRecipe,c05dcd762e4b4b5a99224c48445d7683,3
51000,05/05/2026 06:24:39,INSERT in LOT_RECIPE_ROW TAG: [GI4_RECIPE_Data_OP10_PTL_9_Description] value: [] (FROM RECIPE_ROW) recipeId: [29116642ea5d4013895cee5488b3c7f3] tagID=[d8a1593280024ca8bcb63d18648172c0] set TAG_NEW=0,DB DEBUG,fe_LotRecipeRowCheckCreateByRecipe,c05dcd762e4b4b5a99224c48445d7683,3
51001,05/05/2026 06:24:39,INSERT in LOT_RECIPE_ROW TAG: [GI4_RECIPE_Data_OP30_PTL_26_Cell] value: [0] (FROM RECIPE_ROW) recipeId: [29116642ea5d4013895cee5488b3c7f3] tagID=[d8cbe6e09d32402d928fc658dc0fd7af] set TAG_NEW=0,DB DEBUG,fe_LotRecipeRowCheckCreateByRecipe,c05dcd762e4b4b5a99224c48445d7683,3
51002,05/05/2026 06:24:39,INSERT in LOT_RECIPE_ROW TAG: [GI4_RECIPE_Data_OP30_PTL_21_PartNumber] value: [] (FROM RECIPE_ROW) recipeId: [29116642ea5d4013895cee5488b3c7f3] tagID=[d9503fc762da49519d6310f41e4542a7] set TAG_NEW=0,DB DEBUG,fe_LotRecipeRowCheckCreateByRecipe,c05dcd762e4b4b5a99224c48445d7683,3
51003,05/05/2026 06:24:39,INSERT in LOT_RECIPE_ROW TAG: [GI4_RECIPE_Data_OP10_PTL_18_Qta] value: [0] (FROM RECIPE_ROW) recipeId: [29116642ea5d4013895cee5488b3c7f3] tagID=[da9bdbf7d2d8445dbc0074564ae9e5d2] set TAG_NEW=0,DB DEBUG,fe_LotRecipeRowCheckCreateByRecipe,c05dcd762e4b4b5a99224c48445d7683,3
51004,05/05/2026 06:24:39,INSERT in LOT_RECIPE_ROW TAG: [GI4_RECIPE_Data_OP30_PTL_4_PartNumber] value: [315.0017.0.00] (FROM RECIPE_ROW) recipeId: [29116642ea5d4013895cee5488b3c7f3] tagID=[db25e4537dce4403bb74d9bd31294088] set TAG_NEW=0,DB DEBUG,fe_LotRecipeRowCheckCreateByRecipe,c05dcd762e4b4b5a99224c48445d7683,3
51005,05/05/2026 06:24:39,INSERT in LOT_RECIPE_ROW TAG: [GI4_RECIPE_Data_OP10_PTL_32_Description] value: [] (FROM RECIPE_ROW) recipeId: [29116642ea5d4013895cee5488b3c7f3] tagID=[db26141f0c364bf58cbb64cb2ffbb1b7] set TAG_NEW=0,DB DEBUG,fe_LotRecipeRowCheckCreateByRecipe,c05dcd762e4b4b5a99224c48445d7683,3
51006,05/05/2026 06:24:39,INSERT in LOT_RECIPE_ROW TAG: [GI4_RECIPE_Data_OP10_PTL_7_Cell] value: [0] (FROM RECIPE_ROW) recipeId: [29116642ea5d4013895cee5488b3c7f3] tagID=[db50e99aa2c24f838f434a2528b515a5] set TAG_NEW=0,DB DEBUG,fe_LotRecipeRowCheckCreateByRecipe,c05dcd762e4b4b5a99224c48445d7683,3
51007,05/05/2026 06:24:39,INSERT in LOT_RECIPE_ROW TAG: [GI4_RECIPE_Data_OP30_PTL_31_Qta] value: [0] (FROM RECIPE_ROW) recipeId: [29116642ea5d4013895cee5488b3c7f3] tagID=[db61411464a54b4d95d9485a139665b8] set TAG_NEW=0,DB DEBUG,fe_LotRecipeRowCheckCreateByRecipe,c05dcd762e4b4b5a99224c48445d7683,3
51008,05/05/2026 06:24:39,INSERT in LOT_RECIPE_ROW TAG: [GI4_RECIPE_Data_OP30_PTL_17_PartNumber] value: [5011.31.2215] (FROM RECIPE_ROW) recipeId: [29116642ea5d4013895cee5488b3c7f3] tagID=[dc6d34d72e764dc39923d42256ea925e] set TAG_NEW=0,DB DEBUG,fe_LotRecipeRowCheckCreateByRecipe,c05dcd762e4b4b5a99224c48445d7683,3
51009,05/05/2026 06:24:39,INSERT in LOT_RECIPE_ROW TAG: [GI4_RECIPE_Data_OP30_PTL_25_PartNumber] value: [] (FROM RECIPE_ROW) recipeId: [29116642ea5d4013895cee5488b3c7f3] tagID=[dd870214849b4005b0ff08e88a4f2cdb] set TAG_NEW=0,DB DEBUG,fe_LotRecipeRowCheckCreateByRecipe,c05dcd762e4b4b5a99224c48445d7683,3
51010,05/05/2026 06:24:39,INSERT in LOT_RECIPE_ROW TAG: [GI4_RECIPE_Data_OP10_PTL_21_PartNumber] value: [] (FROM RECIPE_ROW) recipeId: [29116642ea5d4013895cee5488b3c7f3] tagID=[ddde32e8bc294db885e8931257aace8c] set TAG_NEW=0,DB DEBUG,fe_LotRecipeRowCheckCreateByRecipe,c05dcd762e4b4b5a99224c48445d7683,3
51011,05/05/2026 06:24:39,INSERT in LOT_RECIPE_ROW TAG: [GI4_RECIPE_Data_OP30_PTL_7_PartNumber] value: [5009.05.0006] (FROM RECIPE_ROW) recipeId: [29116642ea5d4013895cee5488b3c7f3] tagID=[dfbda0b35a5c49b8819953f342e53512] set TAG_NEW=0,DB DEBUG,fe_LotRecipeRowCheckCreateByRecipe,c05dcd762e4b4b5a99224c48445d7683,3
51012,05/05/2026 06:24:39,INSERT in LOT_RECIPE_ROW TAG: [GI4_RECIPE_Data_OP10_PTL_19_Cell] value: [0] (FROM RECIPE_ROW) recipeId: [29116642ea5d4013895cee5488b3c7f3] tagID=[e02f1c7cc4bf4a7aa41fde139a74426e] set TAG_NEW=0,DB DEBUG,fe_LotRecipeRowCheckCreateByRecipe,c05dcd762e4b4b5a99224c48445d7683,3
51013,05/05/2026 06:24:39,INSERT in LOT_RECIPE_ROW TAG: [GI4_RECIPE_Data_OP30_PTL_15_CellUnion] value: [0] (FROM RECIPE_ROW) recipeId: [29116642ea5d4013895cee5488b3c7f3] tagID=[e13820d1064248a4b2b45a7155a439a0] set TAG_NEW=0,DB DEBUG,fe_LotRecipeRowCheckCreateByRecipe,c05dcd762e4b4b5a99224c48445d7683,3
51014,05/05/2026 06:24:39,INSERT in LOT_RECIPE_ROW TAG: [GI4_RECIPE_Data_OP10_PTL_1_CellUnion] value: [0] (FROM RECIPE_ROW) recipeId: [29116642ea5d4013895cee5488b3c7f3] tagID=[e1dd704bed0c4c08ad13ea939bcc6975] set TAG_NEW=0,DB DEBUG,fe_LotRecipeRowCheckCreateByRecipe,c05dcd762e4b4b5a99224c48445d7683,3
51015,05/05/2026 06:24:39,INSERT in LOT_RECIPE_ROW TAG: [GI4_RECIPE_Data_OP30_PTL_12_Qta] value: [0] (FROM RECIPE_ROW) recipeId: [29116642ea5d4013895cee5488b3c7f3] tagID=[e272e191e59948aeb7ea87968fe68743] set TAG_NEW=0,DB DEBUG,fe_LotRecipeRowCheckCreateByRecipe,c05dcd762e4b4b5a99224c48445d7683,3
51016,05/05/2026 06:24:39,INSERT in LOT_RECIPE_ROW TAG: [GI4_RECIPE_Data_OP30_PTL_26_Description] value: [] (FROM RECIPE_ROW) recipeId: [29116642ea5d4013895cee5488b3c7f3] tagID=[e2c718d710ce489dbf803fba340ebaab] set TAG_NEW=0,DB DEBUG,fe_LotRecipeRowCheckCreateByRecipe,c05dcd762e4b4b5a99224c48445d7683,3
51017,05/05/2026 06:24:39,INSERT in LOT_RECIPE_ROW TAG: [GI4_RECIPE_Data_OP10_PTL_21_Cell] value: [0] (FROM RECIPE_ROW) recipeId: [29116642ea5d4013895cee5488b3c7f3] tagID=[e306e5db0b134cbfbb4d284cc8112e52] set TAG_NEW=0,DB DEBUG,fe_LotRecipeRowCheckCreateByRecipe,c05dcd762e4b4b5a99224c48445d7683,3
51018,05/05/2026 06:24:39,INSERT in LOT_RECIPE_ROW TAG: [GI4_RECIPE_Data_OP10_PTL_5_CellUnion] value: [0] (FROM RECIPE_ROW) recipeId: [29116642ea5d4013895cee5488b3c7f3] tagID=[e36cb249a51144fcab3b255cd363eb04] set TAG_NEW=0,DB DEBUG,fe_LotRecipeRowCheckCreateByRecipe,c05dcd762e4b4b5a99224c48445d7683,3
51019,05/05/2026 06:24:39,INSERT in LOT_RECIPE_ROW TAG: [GI4_RECIPE_Data_OP30_PTL_5_Description] value: [ROND.DI SICUREZZA SNP3/ CO01-] (FROM RECIPE_ROW) recipeId: [29116642ea5d4013895cee5488b3c7f3] tagID=[e53c254a4d5645ba96ad637a909db04d] set TAG_NEW=0,DB DEBUG,fe_LotRecipeRowCheckCreateByRecipe,c05dcd762e4b4b5a99224c48445d7683,3
51020,05/05/2026 06:24:39,INSERT in LOT_RECIPE_ROW TAG: [GI4_RECIPE_Data_OP10_PTL_23_Cell] value: [0] (FROM RECIPE_ROW) recipeId: [29116642ea5d4013895cee5488b3c7f3] tagID=[e8258d79246e48ee99ea01457b4c60ff] set TAG_NEW=0,DB DEBUG,fe_LotRecipeRowCheckCreateByRecipe,c05dcd762e4b4b5a99224c48445d7683,3
51021,05/05/2026 06:24:39,INSERT in LOT_RECIPE_ROW TAG: [GI4_RECIPE_Data_OP30_PTL_25_Qta] value: [0] (FROM RECIPE_ROW) recipeId: [29116642ea5d4013895cee5488b3c7f3] tagID=[ea0cd52f94d0490b8c3a6dd3b39af23d] set TAG_NEW=0,DB DEBUG,fe_LotRecipeRowCheckCreateByRecipe,c05dcd762e4b4b5a99224c48445d7683,3
51022,05/05/2026 06:24:39,INSERT in LOT_RECIPE_ROW TAG: [GI4_RECIPE_Data_OP10_PTL_24_PartNumber] value: [] (FROM RECIPE_ROW) recipeId: [29116642ea5d4013895cee5488b3c7f3] tagID=[ea551020792c43dfa88a235f4fe51bcf] set TAG_NEW=0,DB DEBUG,fe_LotRecipeRowCheckCreateByRecipe,c05dcd762e4b4b5a99224c48445d7683,3
51023,05/05/2026 06:24:39,INSERT in LOT_RECIPE_ROW TAG: [GI4_RECIPE_Data_OP10_PTL_17_Cell] value: [0] (FROM RECIPE_ROW) recipeId: [29116642ea5d4013895cee5488b3c7f3] tagID=[eae39ac2a01746088c87bc2efe8043ce] set TAG_NEW=0,DB DEBUG,fe_LotRecipeRowCheckCreateByRecipe,c05dcd762e4b4b5a99224c48445d7683,3
51024,05/05/2026 06:24:39,INSERT in LOT_RECIPE_ROW TAG: [GI4_RECIPE_Data_OP10_PTL_25_Description] value: [] (FROM RECIPE_ROW) recipeId: [29116642ea5d4013895cee5488b3c7f3] tagID=[eb1be58597a84e53bec0e1de8479f201] set TAG_NEW=0,DB DEBUG,fe_LotRecipeRowCheckCreateByRecipe,c05dcd762e4b4b5a99224c48445d7683,3
51025,05/05/2026 06:24:39,INSERT in LOT_RECIPE_ROW TAG: [GI4_RECIPE_Data_OP30_PTL_29_CellUnion] value: [0] (FROM RECIPE_ROW) recipeId: [29116642ea5d4013895cee5488b3c7f3] tagID=[eb3f3c74f10049cb84bd30a9ebfe909f] set TAG_NEW=0,DB DEBUG,fe_LotRecipeRowCheckCreateByRecipe,c05dcd762e4b4b5a99224c48445d7683,3
51026,05/05/2026 06:24:39,INSERT in LOT_RECIPE_ROW TAG: [GI4_RECIPE_Data_OP30_PTL_17_Qta] value: [1] (FROM RECIPE_ROW) recipeId: [29116642ea5d4013895cee5488b3c7f3] tagID=[ed0f4ff5e80b483abd0c4e253163a0d0] set TAG_NEW=0,DB DEBUG,fe_LotRecipeRowCheckCreateByRecipe,c05dcd762e4b4b5a99224c48445d7683,3
51027,05/05/2026 06:24:39,INSERT in LOT_RECIPE_ROW TAG: [GI4_RECIPE_Data_OP10_PTL_23_Description] value: [] (FROM RECIPE_ROW) recipeId: [29116642ea5d4013895cee5488b3c7f3] tagID=[ed37b1d14e694e758a7f79cafc355cf4] set TAG_NEW=0,DB DEBUG,fe_LotRecipeRowCheckCreateByRecipe,c05dcd762e4b4b5a99224c48445d7683,3
51028,05/05/2026 06:24:39,INSERT in LOT_RECIPE_ROW TAG: [GI4_RECIPE_Data_OP10_PTL_3_Description] value: [GUAR.DI CONT. BOCC.SNP3] (FROM RECIPE_ROW) recipeId: [29116642ea5d4013895cee5488b3c7f3] tagID=[ed4ebb4df0674166b847678c553a27d8] set TAG_NEW=0,DB DEBUG,fe_LotRecipeRowCheckCreateByRecipe,c05dcd762e4b4b5a99224c48445d7683,3
51029,05/05/2026 06:24:39,INSERT in LOT_RECIPE_ROW TAG: [GI4_RECIPE_Data_OP30_PTL_28_CellUnion] value: [0] (FROM RECIPE_ROW) recipeId: [29116642ea5d4013895cee5488b3c7f3] tagID=[edad4e2a28f54d41ad667d29dcbad1cc] set TAG_NEW=0,DB DEBUG,fe_LotRecipeRowCheckCreateByRecipe,c05dcd762e4b4b5a99224c48445d7683,3
51030,05/05/2026 06:24:39,INSERT in LOT_RECIPE_ROW TAG: [GI4_RECIPE_Data_OP10_PTL_14_Cell] value: [0] (FROM RECIPE_ROW) recipeId: [29116642ea5d4013895cee5488b3c7f3] tagID=[ef973a2153a9457f819f04821531200a] set TAG_NEW=0,DB DEBUG,fe_LotRecipeRowCheckCreateByRecipe,c05dcd762e4b4b5a99224c48445d7683,3
51031,05/05/2026 06:24:39,INSERT in LOT_RECIPE_ROW TAG: [GI4_RECIPE_Data_OP30_PTL_23_Description] value: [] (FROM RECIPE_ROW) recipeId: [29116642ea5d4013895cee5488b3c7f3] tagID=[f05cf5b190ad44a4aa74be67b4f47a4e] set TAG_NEW=0,DB DEBUG,fe_LotRecipeRowCheckCreateByRecipe,c05dcd762e4b4b5a99224c48445d7683,3
51032,05/05/2026 06:24:39,INSERT in LOT_RECIPE_ROW TAG: [GI4_RECIPE_Data_QtaDone] value: [0] (FROM RECIPE_ROW) recipeId: [29116642ea5d4013895cee5488b3c7f3] tagID=[f190a4c4537840aea6df363fd513026a] set TAG_NEW=0,DB DEBUG,fe_LotRecipeRowCheckCreateByRecipe,c05dcd762e4b4b5a99224c48445d7683,3
51033,05/05/2026 06:24:39,INSERT in LOT_RECIPE_ROW TAG: [GI4_RECIPE_Data_OP30_PTL_21_CellUnion] value: [0] (FROM RECIPE_ROW) recipeId: [29116642ea5d4013895cee5488b3c7f3] tagID=[f217397b0b5d4df680453eaa9e1e66c2] set TAG_NEW=0,DB DEBUG,fe_LotRecipeRowCheckCreateByRecipe,c05dcd762e4b4b5a99224c48445d7683,3
51034,05/05/2026 06:24:39,INSERT in LOT_RECIPE_ROW TAG: [GI4_RECIPE_Data_OP10_PTL_28_CellUnion] value: [0] (FROM RECIPE_ROW) recipeId: [29116642ea5d4013895cee5488b3c7f3] tagID=[f2416656c6b64e1a8857ca7db5455647] set TAG_NEW=0,DB DEBUG,fe_LotRecipeRowCheckCreateByRecipe,c05dcd762e4b4b5a99224c48445d7683,3
51035,05/05/2026 06:24:39,INSERT in LOT_RECIPE_ROW TAG: [GI4_RECIPE_Data_OP10_PTL_8_Description] value: [] (FROM RECIPE_ROW) recipeId: [29116642ea5d4013895cee5488b3c7f3] tagID=[f30a2cf393c54c92ad6ec87a9e19aaf9] set TAG_NEW=0,DB DEBUG,fe_LotRecipeRowCheckCreateByRecipe,c05dcd762e4b4b5a99224c48445d7683,3
51036,05/05/2026 06:24:39,INSERT in LOT_RECIPE_ROW TAG: [GI4_RECIPE_Data_OP10_PTL_32_PartNumber] value: [] (FROM RECIPE_ROW) recipeId: [29116642ea5d4013895cee5488b3c7f3] tagID=[f3b7aa068e2046828472c6595f30f660] set TAG_NEW=0,DB DEBUG,fe_LotRecipeRowCheckCreateByRecipe,c05dcd762e4b4b5a99224c48445d7683,3
51037,05/05/2026 06:24:39,INSERT in LOT_RECIPE_ROW TAG: [GI4_RECIPE_Data_OP10_PTL_13_CellUnion] value: [0] (FROM RECIPE_ROW) recipeId: [29116642ea5d4013895cee5488b3c7f3] tagID=[f3e3235d2d9a43498727f0d3bb6d5813] set TAG_NEW=0,DB DEBUG,fe_LotRecipeRowCheckCreateByRecipe,c05dcd762e4b4b5a99224c48445d7683,3
51038,05/05/2026 06:24:39,INSERT in LOT_RECIPE_ROW TAG: [GI4_RECIPE_Data_OP10_PTL_26_CellUnion] value: [0] (FROM RECIPE_ROW) recipeId: [29116642ea5d4013895cee5488b3c7f3] tagID=[f4f9c7bc80fd4159a647f1e0df6999c4] set TAG_NEW=0,DB DEBUG,fe_LotRecipeRowCheckCreateByRecipe,c05dcd762e4b4b5a99224c48445d7683,3
51039,05/05/2026 06:24:39,INSERT in LOT_RECIPE_ROW TAG: [GI4_RECIPE_Data_OP30_PTL_3_Qta] value: [1] (FROM RECIPE_ROW) recipeId: [29116642ea5d4013895cee5488b3c7f3] tagID=[f5092d456a0f4d6ba72d15f5021c30ef] set TAG_NEW=0,DB DEBUG,fe_LotRecipeRowCheckCreateByRecipe,c05dcd762e4b4b5a99224c48445d7683,3
51040,05/05/2026 06:24:39,INSERT in LOT_RECIPE_ROW TAG: [GI4_RECIPE_Data_OP10_PTL_32_CellUnion] value: [0] (FROM RECIPE_ROW) recipeId: [29116642ea5d4013895cee5488b3c7f3] tagID=[f63566928b984caca3d9e3cd128949aa] set TAG_NEW=0,DB DEBUG,fe_LotRecipeRowCheckCreateByRecipe,c05dcd762e4b4b5a99224c48445d7683,3
51041,05/05/2026 06:24:39,INSERT in LOT_RECIPE_ROW TAG: [GI4_RECIPE_Data_OP10_PTL_26_Description] value: [] (FROM RECIPE_ROW) recipeId: [29116642ea5d4013895cee5488b3c7f3] tagID=[f69107804d514517aedb88aed8771094] set TAG_NEW=0,DB DEBUG,fe_LotRecipeRowCheckCreateByRecipe,c05dcd762e4b4b5a99224c48445d7683,3
51042,05/05/2026 06:24:39,INSERT in LOT_RECIPE_ROW TAG: [GI4_RECIPE_Data_OP10_PTL_26_Qta] value: [0] (FROM RECIPE_ROW) recipeId: [29116642ea5d4013895cee5488b3c7f3] tagID=[f75b5630895645378efe2bc6b6c0414b] set TAG_NEW=0,DB DEBUG,fe_LotRecipeRowCheckCreateByRecipe,c05dcd762e4b4b5a99224c48445d7683,3
51043,05/05/2026 06:24:39,INSERT in LOT_RECIPE_ROW TAG: [GI4_RECIPE_Data_OP10_PTL_26_PartNumber] value: [] (FROM RECIPE_ROW) recipeId: [29116642ea5d4013895cee5488b3c7f3] tagID=[f776a20b0ffa4196ac72dd0cd1592556] set TAG_NEW=0,DB DEBUG,fe_LotRecipeRowCheckCreateByRecipe,c05dcd762e4b4b5a99224c48445d7683,3
51044,05/05/2026 06:24:39,INSERT in LOT_RECIPE_ROW TAG: [GI4_RECIPE_Data_OP10_PTL_6_PartNumber] value: [5713.54.2587] (FROM RECIPE_ROW) recipeId: [29116642ea5d4013895cee5488b3c7f3] tagID=[f7ab839aa8ad49d8a42784dccb4de06a] set TAG_NEW=0,DB DEBUG,fe_LotRecipeRowCheckCreateByRecipe,c05dcd762e4b4b5a99224c48445d7683,3
51045,05/05/2026 06:24:39,INSERT in LOT_RECIPE_ROW TAG: [GI4_RECIPE_Data_OP30_PTL_1_Cell] value: [0] (FROM RECIPE_ROW) recipeId: [29116642ea5d4013895cee5488b3c7f3] tagID=[f7bf91d82ec84d33a1063238fb891ff0] set TAG_NEW=0,DB DEBUG,fe_LotRecipeRowCheckCreateByRecipe,c05dcd762e4b4b5a99224c48445d7683,3
51046,05/05/2026 06:24:39,INSERT in LOT_RECIPE_ROW TAG: [GI4_RECIPE_Data_OP10_PTL_29_PartNumber] value: [] (FROM RECIPE_ROW) recipeId: [29116642ea5d4013895cee5488b3c7f3] tagID=[f862b30adadf4701af27264d8f168a33] set TAG_NEW=0,DB DEBUG,fe_LotRecipeRowCheckCreateByRecipe,c05dcd762e4b4b5a99224c48445d7683,3
51047,05/05/2026 06:24:39,INSERT in LOT_RECIPE_ROW TAG: [GI4_RECIPE_Data_OP10_PTL_20_Description] value: [] (FROM RECIPE_ROW) recipeId: [29116642ea5d4013895cee5488b3c7f3] tagID=[fa48aff35e18435bad4be161c3272962] set TAG_NEW=0,DB DEBUG,fe_LotRecipeRowCheckCreateByRecipe,c05dcd762e4b4b5a99224c48445d7683,3
51048,05/05/2026 06:24:39,INSERT in LOT_RECIPE_ROW TAG: [GI4_RECIPE_Data_OP10_PTL_31_Cell] value: [0] (FROM RECIPE_ROW) recipeId: [29116642ea5d4013895cee5488b3c7f3] tagID=[fb8d0c02ebab45d2bc0d2c8de4d6a79c] set TAG_NEW=0,DB DEBUG,fe_LotRecipeRowCheckCreateByRecipe,c05dcd762e4b4b5a99224c48445d7683,3
51049,05/05/2026 06:24:39,INSERT in LOT_RECIPE_ROW TAG: [GI4_RECIPE_Data_OP30_PTL_18_Qta] value: [1] (FROM RECIPE_ROW) recipeId: [29116642ea5d4013895cee5488b3c7f3] tagID=[fbaa718a6f79489791c6078feeef72b7] set TAG_NEW=0,DB DEBUG,fe_LotRecipeRowCheckCreateByRecipe,c05dcd762e4b4b5a99224c48445d7683,3
51050,05/05/2026 06:24:39,INSERT in LOT_RECIPE_ROW TAG: [GI4_RECIPE_Data_OP30_PTL_9_PartNumber] value: [5719.56.3194] (FROM RECIPE_ROW) recipeId: [29116642ea5d4013895cee5488b3c7f3] tagID=[fc2257a112b54dc2a793c18e6f620bae] set TAG_NEW=0,DB DEBUG,fe_LotRecipeRowCheckCreateByRecipe,c05dcd762e4b4b5a99224c48445d7683,3
51051,05/05/2026 06:24:39,INSERT in LOT_RECIPE_ROW TAG: [GI4_RECIPE_Data_OP30_PTL_13_Description] value: [AN.ANTIESTR.PIASTRA SNP3] (FROM RECIPE_ROW) recipeId: [29116642ea5d4013895cee5488b3c7f3] tagID=[fc7c0d2bb0404817a3b5522808550b35] set TAG_NEW=0,DB DEBUG,fe_LotRecipeRowCheckCreateByRecipe,c05dcd762e4b4b5a99224c48445d7683,3
51052,05/05/2026 06:24:39,INSERT in LOT_RECIPE_ROW TAG: [GI4_RECIPE_Data_OP30_PTL_20_CellUnion] value: [0] (FROM RECIPE_ROW) recipeId: [29116642ea5d4013895cee5488b3c7f3] tagID=[fce237bc68594e2eabdc6cb046c16942] set TAG_NEW=0,DB DEBUG,fe_LotRecipeRowCheckCreateByRecipe,c05dcd762e4b4b5a99224c48445d7683,3
51053,05/05/2026 06:24:39,INSERT in LOT_RECIPE_ROW TAG: [GI4_RECIPE_Data_OP10_PTL_14_Description] value: [] (FROM RECIPE_ROW) recipeId: [29116642ea5d4013895cee5488b3c7f3] tagID=[ff5f86aa8935495ebafe9cc8a04f010d] set TAG_NEW=0,DB DEBUG,fe_LotRecipeRowCheckCreateByRecipe,c05dcd762e4b4b5a99224c48445d7683,3
51054,05/05/2026 06:24:39,ROWS CREATED/UPDATED 328; LOT: 644425e2398a48f78192a1cd9215b4d2; RECIPE: 29116642ea5d4013895cee5488b3c7f3,DB,fe_LotRecipeRowCheckCreateByRecipe,c05dcd762e4b4b5a99224c48445d7683,0
51055,05/05/2026 06:24:40,Elaboro lotti in coda per linea=fc0ef60c8da844d5a531b293ac0b857b,DB DEBUG,fe_LineSetNextLot,fc0ef60c8da844d5a531b293ac0b857b,3
51056,05/05/2026 06:24:40,Cambiato Lotto/ricetta in coda - LotNew=[644425e2398a48f78192a1cd9215b4d2] era [NULL]; RecipeNew=[29116642ea5d4013895cee5488b3c7f3].[NULL era [1].[(NULL),DB DEBUG,fid_MachineFindSetNextLot,c05dcd762e4b4b5a99224c48445d7683,3
51057,05/05/2026 06:24:40,Lotto [59975852}] ricetta [111.25.068.0C-59975852] ver [1] wasLotPresent=0 wasRecipePresent=0 insertedRows=328 updatedRows=0,NODE-RED,CheckCreateLotDone,c05dcd762e4b4b5a99224c48445d7683,0
51058,05/05/2026 06:25:09,Azzera lotto attivo in macchina - ACTIVE_LOT_ID = NULL,DB DEBUG,sp_LotEndOnPlc,c05dcd762e4b4b5a99224c48445d7683,3
51059,05/05/2026 06:25:09,CHIUDO LOT_MACHINE(lot:628b22dd832d413e8915786d5b73d5f9;machine:c05dcd762e4b4b5a99224c48445d7683) stsLot:4; stsStart:20,DB DEBUG,sp_LotMachineCloseOther,c05dcd762e4b4b5a99224c48445d7683,3
51060,05/05/2026 06:25:09,Elaboro lotti in coda per linea=fc0ef60c8da844d5a531b293ac0b857b,DB DEBUG,fe_LineSetNextLot,fc0ef60c8da844d5a531b293ac0b857b,3
51061,05/05/2026 06:25:12,i_machine_id=[c05dcd762e4b4b5a99224c48445d7683]v_next_lot_id=[644425e2398a48f78192a1cd9215b4d2]v_recipe_id=[29116642ea5d4013895cee5488b3c7f3]v_recipe_version=[1]v_recipe_not_to_send=[0]v_update_to_last_recipe=[1]v_count_forced=[0],DB DEBUG,fid_MachineNextLotStart,null,3
51062,05/05/2026 06:25:12,RECIPE HAS NO CHANGES; LOT: 644425e2398a48f78192a1cd9215b4d2; RECIPE: 29116642ea5d4013895cee5488b3c7f3,DB,fe_LotRecipeRowCheckCreateByRecipe,c05dcd762e4b4b5a99224c48445d7683,0
51063,05/05/2026 06:25:12,set TAG = [GI4_RECIPE_Data_MasterModelCode].value_text=[SNP3NN/033RN01BAP1F6F5NNNN/NNNNN] era [] tagID=[2295f1d9dbe3459691489299eb02429f],DB DEBUG,fid_MachineNextLotStart,null,3
51064,05/05/2026 06:25:12,set TAG = [GI4_RECIPE_Data_Orientation].value_tag=[2] era [0] tagID=[659d2725213c419598cd5309a512dc6c],DB DEBUG,fid_MachineNextLotStart,null,3
51065,05/05/2026 06:25:12,set TAG = [GI4_RECIPE_Data_PartNumber].value_text=[111.25.068.0C] era [] tagID=[c83d6a238f06459f8a8779a32bb67758],DB DEBUG,fid_MachineNextLotStart,null,3
51066,05/05/2026 06:25:12,set TAG = [GI4_RECIPE_Data_PrintType].value_tag=[1] era [0] tagID=[319e60a433a54b1986e7af6ab5b36d6e],DB DEBUG,fid_MachineNextLotStart,null,3
51067,05/05/2026 06:25:12,set TAG = [GI4_RECIPE_Data_ScrewProgram].value_tag=[1] era [0] tagID=[d512b9acdfc144c5a79d23a266dcbe3d],DB DEBUG,fid_MachineNextLotStart,null,3
51068,05/05/2026 06:25:12,set TAG = [GI4_RECIPE_Data_QtaOrd].value_tag=[1] era [0] tagID=[651c889b30e34366b6504e28badaf6ad],DB DEBUG,fid_MachineNextLotStart,null,3
51069,05/05/2026 06:25:12,set TAG = [GI4_RECIPE_Data_OP10_PTL_1_Cell].value_tag=[21] era [0] tagID=[445a0a3d4bb74ef4a33c63abd027367f],DB DEBUG,fid_MachineNextLotStart,null,3
51070,05/05/2026 06:25:12,set TAG = [GI4_RECIPE_Data_OP10_PTL_1_Description].value_text=[GUAR.BILANC.PIASTRA SNP3] era [] tagID=[d6291a14f33944dfa23f56376299e43c],DB DEBUG,fid_MachineNextLotStart,null,3
51071,05/05/2026 06:25:12,set TAG = [GI4_RECIPE_Data_OP10_PTL_1_PartNumber].value_text=[314.0059.0.00] era [] tagID=[7eee7b9b5d3f4f3385918cf9bb6b7875],DB DEBUG,fid_MachineNextLotStart,null,3
51072,05/05/2026 06:25:12,set TAG = [GI4_RECIPE_Data_OP10_PTL_2_Cell].value_tag=[22] era [0] tagID=[bf8911c5ef4d46cca50bc6607b301bcb],DB DEBUG,fid_MachineNextLotStart,null,3
51073,05/05/2026 06:25:12,set TAG = [GI4_RECIPE_Data_OP10_PTL_2_Description].value_text=[AN.ANTIESTR.PIASTRA SNP3] era [] tagID=[692cff3bc5bb4dbcae04e9c68f313072],DB DEBUG,fid_MachineNextLotStart,null,3
51074,05/05/2026 06:25:12,set TAG = [GI4_RECIPE_Data_OP10_PTL_2_PartNumber].value_text=[313.0039.1.00] era [] tagID=[97725c7e1be64b50af0a8ea3be69c4ab],DB DEBUG,fid_MachineNextLotStart,null,3
51075,05/05/2026 06:25:12,set TAG = [GI4_RECIPE_Data_OP10_PTL_3_Cell].value_tag=[29] era [0] tagID=[49b0dafee5f943f0a8d84312bad8611a],DB DEBUG,fid_MachineNextLotStart,null,3
51076,05/05/2026 06:25:12,set TAG = [GI4_RECIPE_Data_OP10_PTL_3_Description].value_text=[GUAR.DI CONT. BOCC.SNP3] era [] tagID=[ed4ebb4df0674166b847678c553a27d8],DB DEBUG,fid_MachineNextLotStart,null,3
51077,05/05/2026 06:25:12,set TAG = [GI4_RECIPE_Data_OP10_PTL_3_PartNumber].value_text=[314.0060.0.00] era [] tagID=[0ecb09489ff542bdbdd43d40a6c9512f],DB DEBUG,fid_MachineNextLotStart,null,3
51078,05/05/2026 06:25:12,set TAG = [GI4_RECIPE_Data_OP10_PTL_4_Cell].value_tag=[32] era [0] tagID=[336e0993097945d5b1a95047881dcb0d],DB DEBUG,fid_MachineNextLotStart,null,3
51079,05/05/2026 06:25:12,set TAG = [GI4_RECIPE_Data_OP10_PTL_4_Description].value_text=[MEZZO CORPO INSERIMENTO BOCCOLE] era [] tagID=[490e6e11bbd44c5f92fcf23dcb7868d6],DB DEBUG,fid_MachineNextLotStart,null,3
51080,05/05/2026 06:25:12,set TAG = [GI4_RECIPE_Data_OP10_PTL_4_PartNumber].value_text=[MEZZO CORPO] era [] tagID=[c72ce596a083481fba045f168c9a6b39],DB DEBUG,fid_MachineNextLotStart,null,3
51081,05/05/2026 06:25:12,set TAG = [GI4_RECIPE_Data_OP10_PTL_4_Qta].value_tag=[1] era [0] tagID=[142c9d2d9d404cae81c1f59ae4da360d],DB DEBUG,fid_MachineNextLotStart,null,3
51082,05/05/2026 06:25:12,set TAG = [GI4_RECIPE_Data_OP10_PTL_5_Cell].value_tag=[27] era [0] tagID=[d666969d2ef44fd2ae1aba775b049a59],DB DEBUG,fid_MachineNextLotStart,null,3
51083,05/05/2026 06:25:12,"set TAG = [GI4_RECIPE_Data_OP10_PTL_5_Description].value_text=[PRE-SHAPED  OR SEAL88,57 x 2,] era [] tagID=[5a96b79ffc2047719c43e74778112047]",DB DEBUG,fid_MachineNextLotStart,null,3
51084,05/05/2026 06:25:12,set TAG = [GI4_RECIPE_Data_OP10_PTL_5_PartNumber].value_text=[11282842] era [] tagID=[4680db2a528748c2a56f1bfc1c19e36f],DB DEBUG,fid_MachineNextLotStart,null,3
51085,05/05/2026 06:25:12,set TAG = [GI4_RECIPE_Data_OP10_PTL_6_Cell].value_tag=[11] era [0] tagID=[9ca743ce62c64ec19306f9a7f58ee4b2],DB DEBUG,fid_MachineNextLotStart,null,3
51086,05/05/2026 06:25:12,set TAG = [GI4_RECIPE_Data_OP10_PTL_6_Description].value_text=[TCCE M10x35 UNI5931-12K-br.] era [] tagID=[8888b6c2b336454ea1dde3d0e777e26c],DB DEBUG,fid_MachineNextLotStart,null,3
51087,05/05/2026 06:25:12,set TAG = [GI4_RECIPE_Data_OP10_PTL_6_PartNumber].value_text=[5713.54.2587] era [] tagID=[f7ab839aa8ad49d8a42784dccb4de06a],DB DEBUG,fid_MachineNextLotStart,null,3
51088,05/05/2026 06:25:12,set TAG = [GI4_RECIPE_Data_OP10_PTL_6_Qta].value_tag=[1] era [0] tagID=[149871b6a096497a9ec64f62ca13eb4b],DB DEBUG,fid_MachineNextLotStart,null,3
51089,05/05/2026 06:25:12,"set TAG = [GI4_RECIPE_Data_OP30_PTL_1_Description].value_text=[AN.TEN.AS-HP22x40x7/7,5 DIN 3] era [] tagID=[6edf7c9599df40aaa064ea22db7144e7]",DB DEBUG,fid_MachineNextLotStart,null,3
51090,05/05/2026 06:25:12,set TAG = [GI4_RECIPE_Data_OP30_PTL_1_PartNumber].value_text=[11115858] era [] tagID=[7ce37947270449218f875eea849a2044],DB DEBUG,fid_MachineNextLotStart,null,3
51091,05/05/2026 06:25:12,set TAG = [GI4_RECIPE_Data_OP30_PTL_1_Qta].value_tag=[1] era [0] tagID=[d65957a68f104b35b957c4a45caf82c7],DB DEBUG,fid_MachineNextLotStart,null,3
51092,05/05/2026 06:25:12,set TAG = [GI4_RECIPE_Data_OP30_PTL_2_Description].value_text=[TARGHETTA ADESIVA GRIGIA 44x2] era [] tagID=[00b1fda64a62469b8e3742551e16ce95],DB DEBUG,fid_MachineNextLotStart,null,3
51093,05/05/2026 06:25:12,set TAG = [GI4_RECIPE_Data_OP30_PTL_2_PartNumber].value_text=[11180057] era [] tagID=[02b85a6445fd4f509ff0590d881cbfd7],DB DEBUG,fid_MachineNextLotStart,null,3
51094,05/05/2026 06:25:12,set TAG = [GI4_RECIPE_Data_OP30_PTL_2_Qta].value_tag=[1] era [0] tagID=[0595c7172ef94685bfe9c025f6ad73b0],DB DEBUG,fid_MachineNextLotStart,null,3
51095,05/05/2026 06:25:12,set TAG = [GI4_RECIPE_Data_OP30_PTL_3_Description].value_text=[BEARING+DU BUSSLE SNP3 (BOLIN] era [] tagID=[6c0199243d38436b93a2b418272ded79],DB DEBUG,fid_MachineNextLotStart,null,3
51096,05/05/2026 06:25:12,set TAG = [GI4_RECIPE_Data_OP30_PTL_3_PartNumber].value_text=[11310055] era [] tagID=[4ed4ea17a6e443da814e915f4e0eebca],DB DEBUG,fid_MachineNextLotStart,null,3
51097,05/05/2026 06:25:12,set TAG = [GI4_RECIPE_Data_OP30_PTL_3_Qta].value_tag=[1] era [0] tagID=[f5092d456a0f4d6ba72d15f5021c30ef],DB DEBUG,fid_MachineNextLotStart,null,3
51098,05/05/2026 06:25:12,set TAG = [GI4_RECIPE_Data_OP30_PTL_4_Description].value_text=[PIASTRA DI BILANC. SNP3] era [] tagID=[85dd705906f34a43a06a48e2fa5562d0],DB DEBUG,fid_MachineNextLotStart,null,3
51099,05/05/2026 06:25:12,set TAG = [GI4_RECIPE_Data_OP30_PTL_4_PartNumber].value_text=[315.0017.0.00] era [] tagID=[db25e4537dce4403bb74d9bd31294088],DB DEBUG,fid_MachineNextLotStart,null,3
51100,05/05/2026 06:25:12,set TAG = [GI4_RECIPE_Data_OP30_PTL_4_Qta].value_tag=[1] era [0] tagID=[7ca06a06c6814e5482f933de89dca8a1],DB DEBUG,fid_MachineNextLotStart,null,3
51101,05/05/2026 06:25:12,set TAG = [GI4_RECIPE_Data_OP30_PTL_5_Description].value_text=[ROND.DI SICUREZZA SNP3/ CO01-] era [] tagID=[e53c254a4d5645ba96ad637a909db04d],DB DEBUG,fid_MachineNextLotStart,null,3
51102,05/05/2026 06:25:12,set TAG = [GI4_RECIPE_Data_OP30_PTL_5_PartNumber].value_text=[326.0049.0.00] era [] tagID=[d3ef201d06a94d69bb216c88bf4a33ea],DB DEBUG,fid_MachineNextLotStart,null,3
51103,05/05/2026 06:25:12,set TAG = [GI4_RECIPE_Data_OP30_PTL_5_Qta].value_tag=[1] era [0] tagID=[17e58e802fdb4886a00ee2df555cccc2],DB DEBUG,fid_MachineNextLotStart,null,3
51104,05/05/2026 06:25:12,set TAG = [GI4_RECIPE_Data_OP30_PTL_6_Description].value_text=[PROT.LINGUETTA SNP3/..] era [] tagID=[3fbdcfa4cbe54f72b48bbfa700784f6d],DB DEBUG,fid_MachineNextLotStart,null,3
51105,05/05/2026 06:25:12,set TAG = [GI4_RECIPE_Data_OP30_PTL_6_PartNumber].value_text=[330.0083.0.00] era [] tagID=[b8b9fa36e33a4e14a2374c935ab0585d],DB DEBUG,fid_MachineNextLotStart,null,3
51106,05/05/2026 06:25:12,set TAG = [GI4_RECIPE_Data_OP30_PTL_6_Qta].value_tag=[1] era [0] tagID=[d8586c93e6cf42cf8b806d67a901041c],DB DEBUG,fid_MachineNextLotStart,null,3
51107,05/05/2026 06:25:12,set TAG = [GI4_RECIPE_Data_OP30_PTL_7_Description].value_text=[TAPPO FILETTATO- 3/4-GAS] era [] tagID=[94025c26c59641fa8ca85675332ce390],DB DEBUG,fid_MachineNextLotStart,null,3
51108,05/05/2026 06:25:12,set TAG = [GI4_RECIPE_Data_OP30_PTL_7_PartNumber].value_text=[5009.05.0006] era [] tagID=[dfbda0b35a5c49b8819953f342e53512],DB DEBUG,fid_MachineNextLotStart,null,3
51109,05/05/2026 06:25:12,set TAG = [GI4_RECIPE_Data_OP30_PTL_7_Qta].value_tag=[1] era [0] tagID=[3640890fbc5649c38727f3cec1b1e5f2],DB DEBUG,fid_MachineNextLotStart,null,3
51110,05/05/2026 06:25:12,set TAG = [GI4_RECIPE_Data_OP30_PTL_8_Description].value_text=[TAPPO FILETTATO- 1-  GAS] era [] tagID=[0c50c86c64814102b8bf9d50bea4121c],DB DEBUG,fid_MachineNextLotStart,null,3
51111,05/05/2026 06:25:12,set TAG = [GI4_RECIPE_Data_OP30_PTL_8_PartNumber].value_text=[5009.05.0007] era [] tagID=[7807e14906eb46aa9f1939eb0ad14cc8],DB DEBUG,fid_MachineNextLotStart,null,3
51112,05/05/2026 06:25:12,set TAG = [GI4_RECIPE_Data_OP30_PTL_8_Qta].value_tag=[1] era [0] tagID=[85fb34eba80d4fb38ad706d6bc51c136],DB DEBUG,fid_MachineNextLotStart,null,3
51113,05/05/2026 06:25:12,"set TAG = [GI4_RECIPE_Data_OP30_PTL_9_Description].value_text=[DADO M14x1,5  6S BR  UNI 5589] era [] tagID=[1b395e351c7a424faee5b72d6916e004]",DB DEBUG,fid_MachineNextLotStart,null,3
51114,05/05/2026 06:25:12,set TAG = [GI4_RECIPE_Data_OP30_PTL_9_PartNumber].value_text=[5719.56.3194] era [] tagID=[fc2257a112b54dc2a793c18e6f620bae],DB DEBUG,fid_MachineNextLotStart,null,3
51115,05/05/2026 06:25:12,set TAG = [GI4_RECIPE_Data_OP30_PTL_9_Qta].value_tag=[1] era [0] tagID=[520695cbf77546e5812b02406ba8f089],DB DEBUG,fid_MachineNextLotStart,null,3
51116,05/05/2026 06:25:12,set TAG = [GI4_RECIPE_Data_OP30_PTL_10_Description].value_text=[SEEGER 40 UNI 7437] era [] tagID=[c106b0472bc946af8adb552982d35391],DB DEBUG,fid_MachineNextLotStart,null,3
51117,05/05/2026 06:25:12,set TAG = [GI4_RECIPE_Data_OP30_PTL_10_PartNumber].value_text=[5725.20.3675] era [] tagID=[3a58c2366cbe4e0a840abbf4b877bace],DB DEBUG,fid_MachineNextLotStart,null,3
51118,05/05/2026 06:25:12,set TAG = [GI4_RECIPE_Data_OP30_PTL_10_Qta].value_tag=[1] era [0] tagID=[48e969b5856d4c9d82336b1e072b1bba],DB DEBUG,fid_MachineNextLotStart,null,3
51119,05/05/2026 06:25:12,"set TAG = [GI4_RECIPE_Data_OP30_PTL_11_Description].value_text=[LING.A DISCO 4 x 7,5 UNI 6606] era [] tagID=[8221d86a3f8d40afa93cc9f830cee8ce]",DB DEBUG,fid_MachineNextLotStart,null,3
51120,05/05/2026 06:25:12,set TAG = [GI4_RECIPE_Data_OP30_PTL_11_PartNumber].value_text=[5730.03.1006] era [] tagID=[48aacd5c08a34d18bbf3bb7419fa3ab4],DB DEBUG,fid_MachineNextLotStart,null,3
51121,05/05/2026 06:25:12,set TAG = [GI4_RECIPE_Data_OP30_PTL_11_Qta].value_tag=[1] era [0] tagID=[7485e62704ef4a809acab6146f70165f],DB DEBUG,fid_MachineNextLotStart,null,3
51122,05/05/2026 06:25:12,set TAG = [GI4_RECIPE_Data_OP30_PTL_12_Cell].value_tag=[22] era [0] tagID=[60941a4aae8f4f1a9ce01295056d6dd6],DB DEBUG,fid_MachineNextLotStart,null,3
51123,05/05/2026 06:25:12,set TAG = [GI4_RECIPE_Data_OP30_PTL_12_Description].value_text=[GUAR.BILANC.PIASTRA SNP3] era [] tagID=[9968ccfe92584960b1373e007a2970ca],DB DEBUG,fid_MachineNextLotStart,null,3
51124,05/05/2026 06:25:12,set TAG = [GI4_RECIPE_Data_OP30_PTL_12_PartNumber].value_text=[314.0059.0.00] era [] tagID=[1897909b17784365ae9be36b71a37912],DB DEBUG,fid_MachineNextLotStart,null,3
51125,05/05/2026 06:25:12,set TAG = [GI4_RECIPE_Data_OP30_PTL_13_Cell].value_tag=[23] era [0] tagID=[322607fdab0d48e482f702551a084233],DB DEBUG,fid_MachineNextLotStart,null,3
51126,05/05/2026 06:25:12,set TAG = [GI4_RECIPE_Data_OP30_PTL_13_Description].value_text=[AN.ANTIESTR.PIASTRA SNP3] era [] tagID=[fc7c0d2bb0404817a3b5522808550b35],DB DEBUG,fid_MachineNextLotStart,null,3
51127,05/05/2026 06:25:12,set TAG = [GI4_RECIPE_Data_OP30_PTL_13_PartNumber].value_text=[313.0039.1.00] era [] tagID=[4419482991d445749bca6c4b6b6b4edc],DB DEBUG,fid_MachineNextLotStart,null,3
51128,05/05/2026 06:25:12,set TAG = [GI4_RECIPE_Data_OP30_PTL_14_Cell].value_tag=[21] era [0] tagID=[0cf9f78a5123498ab6e2b33cc7e7cdb5],DB DEBUG,fid_MachineNextLotStart,null,3
51129,05/05/2026 06:25:12,set TAG = [GI4_RECIPE_Data_OP30_PTL_14_Description].value_text=[GUAR.DI CONT. BOCC.SNP3] era [] tagID=[4812e17c8ac14e9a9c0ef1b4b4696b0b],DB DEBUG,fid_MachineNextLotStart,null,3
51130,05/05/2026 06:25:12,set TAG = [GI4_RECIPE_Data_OP30_PTL_14_PartNumber].value_text=[314.0060.0.00] era [] tagID=[adc6dee299e94b74a6c5d5d7fc477174],DB DEBUG,fid_MachineNextLotStart,null,3
51131,05/05/2026 06:25:12,set TAG = [GI4_RECIPE_Data_OP30_PTL_15_Cell].value_tag=[32] era [0] tagID=[43ca04a60779487a9bad4b18e6857c08],DB DEBUG,fid_MachineNextLotStart,null,3
51132,05/05/2026 06:25:12,set TAG = [GI4_RECIPE_Data_OP30_PTL_15_Description].value_text=[MEZZO CORPO INSERIMENTO BOCCOLE] era [] tagID=[980dc20e83254cfa8b43b2e84a4dc2f3],DB DEBUG,fid_MachineNextLotStart,null,3
51133,05/05/2026 06:25:12,set TAG = [GI4_RECIPE_Data_OP30_PTL_15_PartNumber].value_text=[MEZZO CORPO] era [] tagID=[0f861d9887f547c4a700d24785651f0c],DB DEBUG,fid_MachineNextLotStart,null,3
51134,05/05/2026 06:25:12,set TAG = [GI4_RECIPE_Data_OP30_PTL_15_Qta].value_tag=[1] era [0] tagID=[968856ca602e46fea96e5ad25133b385],DB DEBUG,fid_MachineNextLotStart,null,3
51135,05/05/2026 06:25:12,set TAG = [GI4_RECIPE_Data_OP30_PTL_16_Cell].value_tag=[29] era [0] tagID=[d123070cd4a345bc89bf30fe22794bc1],DB DEBUG,fid_MachineNextLotStart,null,3
51136,05/05/2026 06:25:12,"set TAG = [GI4_RECIPE_Data_OP30_PTL_16_Description].value_text=[PRE-SHAPED  OR SEAL88,57 x 2,] era [] tagID=[d4dd1b0e36854cb0b97ca5a2083a5e97]",DB DEBUG,fid_MachineNextLotStart,null,3
51137,05/05/2026 06:25:12,set TAG = [GI4_RECIPE_Data_OP30_PTL_16_PartNumber].value_text=[11282842] era [] tagID=[6d357d24034d4d348eb664870a175ca5],DB DEBUG,fid_MachineNextLotStart,null,3
51138,05/05/2026 06:25:12,set TAG = [GI4_RECIPE_Data_OP30_PTL_17_Cell].value_tag=[30] era [0] tagID=[57ba57515e4241628360aeefc630048a],DB DEBUG,fid_MachineNextLotStart,null,3
51139,05/05/2026 06:25:12,set TAG = [GI4_RECIPE_Data_OP30_PTL_17_Description].value_text=[SPINA COLL. D.8x15 sim. UNI E] era [] tagID=[77bad5e1ff0c458d8fff4dc1a9398e7e],DB DEBUG,fid_MachineNextLotStart,null,3
51140,05/05/2026 06:25:12,set TAG = [GI4_RECIPE_Data_OP30_PTL_17_PartNumber].value_text=[5011.31.2215] era [] tagID=[dc6d34d72e764dc39923d42256ea925e],DB DEBUG,fid_MachineNextLotStart,null,3
51141,05/05/2026 06:25:12,set TAG = [GI4_RECIPE_Data_OP30_PTL_17_Qta].value_tag=[1] era [0] tagID=[ed0f4ff5e80b483abd0c4e253163a0d0],DB DEBUG,fid_MachineNextLotStart,null,3
51142,05/05/2026 06:25:12,set TAG = [GI4_RECIPE_Data_OP30_PTL_18_Cell].value_tag=[12] era [0] tagID=[d1fb08f8dfe8459ca943cb806aafa3d7],DB DEBUG,fid_MachineNextLotStart,null,3
51143,05/05/2026 06:25:12,set TAG = [GI4_RECIPE_Data_OP30_PTL_18_Description].value_text=[TCCE M10x30 UNI5931-12K- br.] era [] tagID=[9d6181a89a3b42b089cdea11cde8d5aa],DB DEBUG,fid_MachineNextLotStart,null,3
51144,05/05/2026 06:25:12,set TAG = [GI4_RECIPE_Data_OP30_PTL_18_PartNumber].value_text=[5713.54.2579] era [] tagID=[c26f43793c1d47c59d1e85e4b3346a7d],DB DEBUG,fid_MachineNextLotStart,null,3
51145,05/05/2026 06:25:12,set TAG = [GI4_RECIPE_Data_OP30_PTL_18_Qta].value_tag=[1] era [0] tagID=[fbaa718a6f79489791c6078feeef72b7],DB DEBUG,fid_MachineNextLotStart,null,3
51146,05/05/2026 06:25:19,Elaboro lotti in coda per linea=fc0ef60c8da844d5a531b293ac0b857b,DB DEBUG,fe_LineSetNextLot,fc0ef60c8da844d5a531b293ac0b857b,3
51147,05/05/2026 06:25:19,Cambiato Lotto/ricetta in coda - LotNew=[NULL] era [644425e2398a48f78192a1cd9215b4d2]; RecipeNew=[NULL].[29116642ea5d4013895cee5488b3c7f3 era [(NULL)].[1,DB DEBUG,fid_MachineFindSetNextLot,c05dcd762e4b4b5a99224c48445d7683,3
51148,05/05/2026 06:25:19,Cambio Lotto avvenuto con successo - macchina:c05dcd762e4b4b5a99224c48445d7683 lotto:,NODE-RED,NextLotStartDone,c05dcd762e4b4b5a99224c48445d7683,0
51149,05/05/2026 06:26:12,INSERT in LOT_RECIPE_ROW TAG: [GI4_RECIPE_Data_OP30_PTL_2_Description] value: [TARGHETTA ADESIVA GRIGIA 44x2] (FROM RECIPE_ROW) recipeId: [38dd77c3c18c472dab59901f95e32e64] tagID=[00b1fda64a62469b8e3742551e16ce95] set TAG_NEW=0,DB DEBUG,fe_LotRecipeRowCheckCreateByRecipe,c05dcd762e4b4b5a99224c48445d7683,3
51150,05/05/2026 06:26:12,INSERT in LOT_RECIPE_ROW TAG: [GI4_RECIPE_Data_OP10_PTL_9_Cell] value: [0] (FROM RECIPE_ROW) recipeId: [38dd77c3c18c472dab59901f95e32e64] tagID=[00bf0c48f06d421fa49b67d755982f66] set TAG_NEW=0,DB DEBUG,fe_LotRecipeRowCheckCreateByRecipe,c05dcd762e4b4b5a99224c48445d7683,3
51151,05/05/2026 06:26:12,INSERT in LOT_RECIPE_ROW TAG: [GI4_RECIPE_Data_OP10_PTL_19_CellUnion] value: [0] (FROM RECIPE_ROW) recipeId: [38dd77c3c18c472dab59901f95e32e64] tagID=[010d32c109574379bfeff5dd778e4596] set TAG_NEW=0,DB DEBUG,fe_LotRecipeRowCheckCreateByRecipe,c05dcd762e4b4b5a99224c48445d7683,3
51152,05/05/2026 06:26:12,INSERT in LOT_RECIPE_ROW TAG: [GI4_RECIPE_Data_OP10_PTL_9_Qta] value: [0] (FROM RECIPE_ROW) recipeId: [38dd77c3c18c472dab59901f95e32e64] tagID=[01b54df8c5c8431fbdfa8884310acd28] set TAG_NEW=0,DB DEBUG,fe_LotRecipeRowCheckCreateByRecipe,c05dcd762e4b4b5a99224c48445d7683,3
51153,05/05/2026 06:26:12,INSERT in LOT_RECIPE_ROW TAG: [GI4_RECIPE_Data_OP10_PTL_11_Cell] value: [0] (FROM RECIPE_ROW) recipeId: [38dd77c3c18c472dab59901f95e32e64] tagID=[01f796dc632e41b4ab097c1ecabb4b0f] set TAG_NEW=0,DB DEBUG,fe_LotRecipeRowCheckCreateByRecipe,c05dcd762e4b4b5a99224c48445d7683,3
51154,05/05/2026 06:26:12,INSERT in LOT_RECIPE_ROW TAG: [GI4_RECIPE_Data_OP30_PTL_19_Cell] value: [0] (FROM RECIPE_ROW) recipeId: [38dd77c3c18c472dab59901f95e32e64] tagID=[02b3ddb59fc142e19bc8f2344bfb4f72] set TAG_NEW=0,DB DEBUG,fe_LotRecipeRowCheckCreateByRecipe,c05dcd762e4b4b5a99224c48445d7683,3
51155,05/05/2026 06:26:12,INSERT in LOT_RECIPE_ROW TAG: [GI4_RECIPE_Data_OP30_PTL_2_PartNumber] value: [11180057] (FROM RECIPE_ROW) recipeId: [38dd77c3c18c472dab59901f95e32e64] tagID=[02b85a6445fd4f509ff0590d881cbfd7] set TAG_NEW=0,DB DEBUG,fe_LotRecipeRowCheckCreateByRecipe,c05dcd762e4b4b5a99224c48445d7683,3
51156,05/05/2026 06:26:12,INSERT in LOT_RECIPE_ROW TAG: [GI4_RECIPE_Data_OP30_PTL_26_CellUnion] value: [0] (FROM RECIPE_ROW) recipeId: [38dd77c3c18c472dab59901f95e32e64] tagID=[03eff61cd6c4460ab6aa437ee0a2cc4f] set TAG_NEW=0,DB DEBUG,fe_LotRecipeRowCheckCreateByRecipe,c05dcd762e4b4b5a99224c48445d7683,3
51157,05/05/2026 06:26:12,INSERT in LOT_RECIPE_ROW TAG: [GI4_RECIPE_Data_OP30_PTL_14_CellUnion] value: [0] (FROM RECIPE_ROW) recipeId: [38dd77c3c18c472dab59901f95e32e64] tagID=[03fe10dfb8324b348a02ff128543273e] set TAG_NEW=0,DB DEBUG,fe_LotRecipeRowCheckCreateByRecipe,c05dcd762e4b4b5a99224c48445d7683,3
51158,05/05/2026 06:26:12,INSERT in LOT_RECIPE_ROW TAG: [GI4_RECIPE_Data_OP30_PTL_24_PartNumber] value: [] (FROM RECIPE_ROW) recipeId: [38dd77c3c18c472dab59901f95e32e64] tagID=[04e5d1459c974a708aa383b3539f6b54] set TAG_NEW=0,DB DEBUG,fe_LotRecipeRowCheckCreateByRecipe,c05dcd762e4b4b5a99224c48445d7683,3
51159,05/05/2026 06:26:12,INSERT in LOT_RECIPE_ROW TAG: [GI4_RECIPE_Data_OP30_PTL_2_Qta] value: [1] (FROM RECIPE_ROW) recipeId: [38dd77c3c18c472dab59901f95e32e64] tagID=[0595c7172ef94685bfe9c025f6ad73b0] set TAG_NEW=0,DB DEBUG,fe_LotRecipeRowCheckCreateByRecipe,c05dcd762e4b4b5a99224c48445d7683,3
51160,05/05/2026 06:26:12,INSERT in LOT_RECIPE_ROW TAG: [GI4_RECIPE_Data_OP30_PTL_25_Cell] value: [0] (FROM RECIPE_ROW) recipeId: [38dd77c3c18c472dab59901f95e32e64] tagID=[0825757efe7a4a17ad0a2f68fc354c13] set TAG_NEW=0,DB DEBUG,fe_LotRecipeRowCheckCreateByRecipe,c05dcd762e4b4b5a99224c48445d7683,3
51161,05/05/2026 06:26:12,INSERT in LOT_RECIPE_ROW TAG: [GI4_RECIPE_Data_OP10_PTL_23_CellUnion] value: [0] (FROM RECIPE_ROW) recipeId: [38dd77c3c18c472dab59901f95e32e64] tagID=[08a1b948dc2b43adb6f3a5f05a6e7c10] set TAG_NEW=0,DB DEBUG,fe_LotRecipeRowCheckCreateByRecipe,c05dcd762e4b4b5a99224c48445d7683,3
51162,05/05/2026 06:26:12,INSERT in LOT_RECIPE_ROW TAG: [GI4_RECIPE_Data_OP10_PTL_25_PartNumber] value: [] (FROM RECIPE_ROW) recipeId: [38dd77c3c18c472dab59901f95e32e64] tagID=[08c052c80fc44199978244ded6f644a8] set TAG_NEW=0,DB DEBUG,fe_LotRecipeRowCheckCreateByRecipe,c05dcd762e4b4b5a99224c48445d7683,3
51163,05/05/2026 06:26:12,INSERT in LOT_RECIPE_ROW TAG: [GI4_RECIPE_Data_OP30_PTL_24_Description] value: [] (FROM RECIPE_ROW) recipeId: [38dd77c3c18c472dab59901f95e32e64] tagID=[08e01c362a124f688baffd9b72b42d55] set TAG_NEW=0,DB DEBUG,fe_LotRecipeRowCheckCreateByRecipe,c05dcd762e4b4b5a99224c48445d7683,3
51164,05/05/2026 06:26:12,INSERT in LOT_RECIPE_ROW TAG: [GI4_RECIPE_Data_OP30_PTL_8_Description] value: [TAPPO PER FORO DIAM. 27] (FROM RECIPE_ROW) recipeId: [38dd77c3c18c472dab59901f95e32e64] tagID=[0c50c86c64814102b8bf9d50bea4121c] set TAG_NEW=0,DB DEBUG,fe_LotRecipeRowCheckCreateByRecipe,c05dcd762e4b4b5a99224c48445d7683,3
51165,05/05/2026 06:26:12,INSERT in LOT_RECIPE_ROW TAG: [GI4_RECIPE_Data_OP10_PTL_31_Qta] value: [0] (FROM RECIPE_ROW) recipeId: [38dd77c3c18c472dab59901f95e32e64] tagID=[0cae3beb3c844e07b0495201a61d0a6b] set TAG_NEW=0,DB DEBUG,fe_LotRecipeRowCheckCreateByRecipe,c05dcd762e4b4b5a99224c48445d7683,3
51166,05/05/2026 06:26:12,INSERT in LOT_RECIPE_ROW TAG: [GI4_RECIPE_Data_OP30_PTL_14_Cell] value: [21] (FROM RECIPE_ROW) recipeId: [38dd77c3c18c472dab59901f95e32e64] tagID=[0cf9f78a5123498ab6e2b33cc7e7cdb5] set TAG_NEW=0,DB DEBUG,fe_LotRecipeRowCheckCreateByRecipe,c05dcd762e4b4b5a99224c48445d7683,3
51167,05/05/2026 06:26:12,INSERT in LOT_RECIPE_ROW TAG: [GI4_RECIPE_Data_OP10_PTL_3_PartNumber] value: [314.0060.0.00] (FROM RECIPE_ROW) recipeId: [38dd77c3c18c472dab59901f95e32e64] tagID=[0ecb09489ff542bdbdd43d40a6c9512f] set TAG_NEW=0,DB DEBUG,fe_LotRecipeRowCheckCreateByRecipe,c05dcd762e4b4b5a99224c48445d7683,3
51168,05/05/2026 06:26:12,INSERT in LOT_RECIPE_ROW TAG: [GI4_RECIPE_Data_OP30_PTL_15_PartNumber] value: [MEZZO CORPO] (FROM RECIPE_ROW) recipeId: [38dd77c3c18c472dab59901f95e32e64] tagID=[0f861d9887f547c4a700d24785651f0c] set TAG_NEW=0,DB DEBUG,fe_LotRecipeRowCheckCreateByRecipe,c05dcd762e4b4b5a99224c48445d7683,3
51169,05/05/2026 06:26:12,INSERT in LOT_RECIPE_ROW TAG: [GI4_RECIPE_Data_OP30_PTL_28_Cell] value: [0] (FROM RECIPE_ROW) recipeId: [38dd77c3c18c472dab59901f95e32e64] tagID=[1064907859704583a8bb1acb185d83ab] set TAG_NEW=0,DB DEBUG,fe_LotRecipeRowCheckCreateByRecipe,c05dcd762e4b4b5a99224c48445d7683,3
51170,05/05/2026 06:26:12,INSERT in LOT_RECIPE_ROW TAG: [GI4_RECIPE_Data_OP30_PTL_28_PartNumber] value: [] (FROM RECIPE_ROW) recipeId: [38dd77c3c18c472dab59901f95e32e64] tagID=[108fa0aa4e9b422cb0c37060f5f8251a] set TAG_NEW=0,DB DEBUG,fe_LotRecipeRowCheckCreateByRecipe,c05dcd762e4b4b5a99224c48445d7683,3
51171,05/05/2026 06:26:12,INSERT in LOT_RECIPE_ROW TAG: [GI4_RECIPE_Data_OP30_PTL_19_PartNumber] value: [] (FROM RECIPE_ROW) recipeId: [38dd77c3c18c472dab59901f95e32e64] tagID=[117d55a6eec74686af0d4085044334ff] set TAG_NEW=0,DB DEBUG,fe_LotRecipeRowCheckCreateByRecipe,c05dcd762e4b4b5a99224c48445d7683,3
51172,05/05/2026 06:26:12,INSERT in LOT_RECIPE_ROW TAG: [GI4_RECIPE_Data_OP30_PTL_24_CellUnion] value: [0] (FROM RECIPE_ROW) recipeId: [38dd77c3c18c472dab59901f95e32e64] tagID=[11fead26f2374b1895abe418c9d7bf56] set TAG_NEW=0,DB DEBUG,fe_LotRecipeRowCheckCreateByRecipe,c05dcd762e4b4b5a99224c48445d7683,3
51173,05/05/2026 06:26:12,INSERT in LOT_RECIPE_ROW TAG: [GI4_RECIPE_Data_OP10_PTL_28_Description] value: [] (FROM RECIPE_ROW) recipeId: [38dd77c3c18c472dab59901f95e32e64] tagID=[12a6a0eb336a45538a178cbcfbba8b13] set TAG_NEW=0,DB DEBUG,fe_LotRecipeRowCheckCreateByRecipe,c05dcd762e4b4b5a99224c48445d7683,3
51174,05/05/2026 06:26:12,INSERT in LOT_RECIPE_ROW TAG: [GI4_RECIPE_Data_OP30_PTL_31_Cell] value: [0] (FROM RECIPE_ROW) recipeId: [38dd77c3c18c472dab59901f95e32e64] tagID=[138d7ec4d945404cb05a6c2acc6e26c9] set TAG_NEW=0,DB DEBUG,fe_LotRecipeRowCheckCreateByRecipe,c05dcd762e4b4b5a99224c48445d7683,3
51175,05/05/2026 06:26:12,INSERT in LOT_RECIPE_ROW TAG: [GI4_RECIPE_Data_OP10_PTL_4_Qta] value: [1] (FROM RECIPE_ROW) recipeId: [38dd77c3c18c472dab59901f95e32e64] tagID=[142c9d2d9d404cae81c1f59ae4da360d] set TAG_NEW=0,DB DEBUG,fe_LotRecipeRowCheckCreateByRecipe,c05dcd762e4b4b5a99224c48445d7683,3
51176,05/05/2026 06:26:12,INSERT in LOT_RECIPE_ROW TAG: [GI4_RECIPE_Data_OP10_PTL_6_Qta] value: [1] (FROM RECIPE_ROW) recipeId: [38dd77c3c18c472dab59901f95e32e64] tagID=[149871b6a096497a9ec64f62ca13eb4b] set TAG_NEW=0,DB DEBUG,fe_LotRecipeRowCheckCreateByRecipe,c05dcd762e4b4b5a99224c48445d7683,3
51177,05/05/2026 06:26:12,INSERT in LOT_RECIPE_ROW TAG: [GI4_RECIPE_Data_OP30_PTL_27_PartNumber] value: [] (FROM RECIPE_ROW) recipeId: [38dd77c3c18c472dab59901f95e32e64] tagID=[152ff83f6425493d8ee154c7474edc49] set TAG_NEW=0,DB DEBUG,fe_LotRecipeRowCheckCreateByRecipe,c05dcd762e4b4b5a99224c48445d7683,3
51178,05/05/2026 06:26:12,INSERT in LOT_RECIPE_ROW TAG: [GI4_RECIPE_Data_OP30_PTL_8_CellUnion] value: [0] (FROM RECIPE_ROW) recipeId: [38dd77c3c18c472dab59901f95e32e64] tagID=[16825f04574b4c16b4ab3c9fc79ebec3] set TAG_NEW=0,DB DEBUG,fe_LotRecipeRowCheckCreateByRecipe,c05dcd762e4b4b5a99224c48445d7683,3
51179,05/05/2026 06:26:12,INSERT in LOT_RECIPE_ROW TAG: [GI4_RECIPE_Data_OP30_PTL_13_CellUnion] value: [0] (FROM RECIPE_ROW) recipeId: [38dd77c3c18c472dab59901f95e32e64] tagID=[171ef8f151874a64b2aa6d76fa9e011e] set TAG_NEW=0,DB DEBUG,fe_LotRecipeRowCheckCreateByRecipe,c05dcd762e4b4b5a99224c48445d7683,3
51180,05/05/2026 06:26:12,INSERT in LOT_RECIPE_ROW TAG: [GI4_RECIPE_Data_OP30_PTL_32_Qta] value: [0] (FROM RECIPE_ROW) recipeId: [38dd77c3c18c472dab59901f95e32e64] tagID=[17bfebdd36ed4d268e65b73ad2683657] set TAG_NEW=0,DB DEBUG,fe_LotRecipeRowCheckCreateByRecipe,c05dcd762e4b4b5a99224c48445d7683,3
51181,05/05/2026 06:26:12,INSERT in LOT_RECIPE_ROW TAG: [GI4_RECIPE_Data_OP30_PTL_5_Qta] value: [1] (FROM RECIPE_ROW) recipeId: [38dd77c3c18c472dab59901f95e32e64] tagID=[17e58e802fdb4886a00ee2df555cccc2] set TAG_NEW=0,DB DEBUG,fe_LotRecipeRowCheckCreateByRecipe,c05dcd762e4b4b5a99224c48445d7683,3
51182,05/05/2026 06:26:12,INSERT in LOT_RECIPE_ROW TAG: [GI4_RECIPE_Data_OP30_PTL_12_PartNumber] value: [314.0059.0.00] (FROM RECIPE_ROW) recipeId: [38dd77c3c18c472dab59901f95e32e64] tagID=[1897909b17784365ae9be36b71a37912] set TAG_NEW=0,DB DEBUG,fe_LotRecipeRowCheckCreateByRecipe,c05dcd762e4b4b5a99224c48445d7683,3
51183,05/05/2026 06:26:12,INSERT in LOT_RECIPE_ROW TAG: [GI4_RECIPE_Data_OP10_PTL_9_CellUnion] value: [0] (FROM RECIPE_ROW) recipeId: [38dd77c3c18c472dab59901f95e32e64] tagID=[1a1c23ee431f4728b01677039593bc81] set TAG_NEW=0,DB DEBUG,fe_LotRecipeRowCheckCreateByRecipe,c05dcd762e4b4b5a99224c48445d7683,3
51184,05/05/2026 06:26:12,INSERT in LOT_RECIPE_ROW TAG: [GI4_RECIPE_Data_OP10_PTL_31_PartNumber] value: [] (FROM RECIPE_ROW) recipeId: [38dd77c3c18c472dab59901f95e32e64] tagID=[1adcf7bd1d72448bb87b3b30dd715166] set TAG_NEW=0,DB DEBUG,fe_LotRecipeRowCheckCreateByRecipe,c05dcd762e4b4b5a99224c48445d7683,3
51185,05/05/2026 06:26:12,INSERT in LOT_RECIPE_ROW TAG: [GI4_RECIPE_Data_OP30_PTL_20_Qta] value: [0] (FROM RECIPE_ROW) recipeId: [38dd77c3c18c472dab59901f95e32e64] tagID=[1ae24f3c9bd843b5bdae323af5e44833] set TAG_NEW=0,DB DEBUG,fe_LotRecipeRowCheckCreateByRecipe,c05dcd762e4b4b5a99224c48445d7683,3
51186,05/05/2026 06:26:12,"INSERT in LOT_RECIPE_ROW TAG: [GI4_RECIPE_Data_OP30_PTL_9_Description] value: [DADO M14x1,5  6S BR  UNI 5589] (FROM RECIPE_ROW) recipeId: [38dd77c3c18c472dab59901f95e32e64] tagID=[1b395e351c7a424faee5b72d6916e004] set TAG_NEW=0",DB DEBUG,fe_LotRecipeRowCheckCreateByRecipe,c05dcd762e4b4b5a99224c48445d7683,3
51187,05/05/2026 06:26:12,INSERT in LOT_RECIPE_ROW TAG: [GI4_RECIPE_Data_OP30_PTL_30_Cell] value: [0] (FROM RECIPE_ROW) recipeId: [38dd77c3c18c472dab59901f95e32e64] tagID=[1c292609bff545948b1b50178f98734a] set TAG_NEW=0,DB DEBUG,fe_LotRecipeRowCheckCreateByRecipe,c05dcd762e4b4b5a99224c48445d7683,3
51188,05/05/2026 06:26:12,INSERT in LOT_RECIPE_ROW TAG: [GI4_RECIPE_Data_OP10_PTL_12_PartNumber] value: [] (FROM RECIPE_ROW) recipeId: [38dd77c3c18c472dab59901f95e32e64] tagID=[1c6bdf1e83a74aaca4e2c6a37d60fdd3] set TAG_NEW=0,DB DEBUG,fe_LotRecipeRowCheckCreateByRecipe,c05dcd762e4b4b5a99224c48445d7683,3
51189,05/05/2026 06:26:12,INSERT in LOT_RECIPE_ROW TAG: [GI4_RECIPE_Data_OP10_PTL_2_CellUnion] value: [0] (FROM RECIPE_ROW) recipeId: [38dd77c3c18c472dab59901f95e32e64] tagID=[1da4b4e89476455ba061456cde4d84bc] set TAG_NEW=0,DB DEBUG,fe_LotRecipeRowCheckCreateByRecipe,c05dcd762e4b4b5a99224c48445d7683,3
51190,05/05/2026 06:26:12,INSERT in LOT_RECIPE_ROW TAG: [GI4_RECIPE_Data_OP30_PTL_14_Qta] value: [0] (FROM RECIPE_ROW) recipeId: [38dd77c3c18c472dab59901f95e32e64] tagID=[1e1a67aab00c40568e55d6a9cb7e929c] set TAG_NEW=0,DB DEBUG,fe_LotRecipeRowCheckCreateByRecipe,c05dcd762e4b4b5a99224c48445d7683,3
51191,05/05/2026 06:26:12,INSERT in LOT_RECIPE_ROW TAG: [GI4_RECIPE_Data_OP30_PTL_9_Cell] value: [0] (FROM RECIPE_ROW) recipeId: [38dd77c3c18c472dab59901f95e32e64] tagID=[1e41bea737484150b9810803137db848] set TAG_NEW=0,DB DEBUG,fe_LotRecipeRowCheckCreateByRecipe,c05dcd762e4b4b5a99224c48445d7683,3
51192,05/05/2026 06:26:12,INSERT in LOT_RECIPE_ROW TAG: [GI4_RECIPE_Data_OP10_PTL_28_PartNumber] value: [] (FROM RECIPE_ROW) recipeId: [38dd77c3c18c472dab59901f95e32e64] tagID=[1e6514dd3aa241ddaf46cfba71deda8d] set TAG_NEW=0,DB DEBUG,fe_LotRecipeRowCheckCreateByRecipe,c05dcd762e4b4b5a99224c48445d7683,3
51193,05/05/2026 06:26:12,INSERT in LOT_RECIPE_ROW TAG: [GI4_RECIPE_Data_OP10_PTL_11_CellUnion] value: [0] (FROM RECIPE_ROW) recipeId: [38dd77c3c18c472dab59901f95e32e64] tagID=[1e73099add0d4761b3fb96855bcce8ba] set TAG_NEW=0,DB DEBUG,fe_LotRecipeRowCheckCreateByRecipe,c05dcd762e4b4b5a99224c48445d7683,3
51194,05/05/2026 06:26:12,INSERT in LOT_RECIPE_ROW TAG: [GI4_RECIPE_Data_OP30_PTL_30_PartNumber] value: [] (FROM RECIPE_ROW) recipeId: [38dd77c3c18c472dab59901f95e32e64] tagID=[1ec5b337bccb4f388faef9b1b78fe39d] set TAG_NEW=0,DB DEBUG,fe_LotRecipeRowCheckCreateByRecipe,c05dcd762e4b4b5a99224c48445d7683,3
51195,05/05/2026 06:26:12,INSERT in LOT_RECIPE_ROW TAG: [GI4_RECIPE_Data_OP10_PTL_18_PartNumber] value: [] (FROM RECIPE_ROW) recipeId: [38dd77c3c18c472dab59901f95e32e64] tagID=[1fd38a7c7dd64cfbb9a03b2acf6d6f9e] set TAG_NEW=0,DB DEBUG,fe_LotRecipeRowCheckCreateByRecipe,c05dcd762e4b4b5a99224c48445d7683,3
51196,05/05/2026 06:26:12,INSERT in LOT_RECIPE_ROW TAG: [GI4_RECIPE_Data_OP10_PTL_18_Cell] value: [0] (FROM RECIPE_ROW) recipeId: [38dd77c3c18c472dab59901f95e32e64] tagID=[200054d0678e43aab0d9f82753270661] set TAG_NEW=0,DB DEBUG,fe_LotRecipeRowCheckCreateByRecipe,c05dcd762e4b4b5a99224c48445d7683,3
51197,05/05/2026 06:26:12,INSERT in LOT_RECIPE_ROW TAG: [GI4_RECIPE_Data_OP30_PTL_9_CellUnion] value: [0] (FROM RECIPE_ROW) recipeId: [38dd77c3c18c472dab59901f95e32e64] tagID=[2117c8a6f98640dea219faa2b6243584] set TAG_NEW=0,DB DEBUG,fe_LotRecipeRowCheckCreateByRecipe,c05dcd762e4b4b5a99224c48445d7683,3
51198,05/05/2026 06:26:12,INSERT in LOT_RECIPE_ROW TAG: [GI4_RECIPE_Data_MasterModelCode] value: [SNP3NN/048RN01BAP1CACANNNN/NNNNN] (FROM RECIPE_ROW) recipeId: [38dd77c3c18c472dab59901f95e32e64] tagID=[2295f1d9dbe3459691489299eb02429f] set TAG_NEW=0,DB DEBUG,fe_LotRecipeRowCheckCreateByRecipe,c05dcd762e4b4b5a99224c48445d7683,3
51199,05/05/2026 06:26:12,INSERT in LOT_RECIPE_ROW TAG: [GI4_RECIPE_Data_OP10_PTL_22_CellUnion] value: [0] (FROM RECIPE_ROW) recipeId: [38dd77c3c18c472dab59901f95e32e64] tagID=[22d2c12d88084e9491c910a201e38e0d] set TAG_NEW=0,DB DEBUG,fe_LotRecipeRowCheckCreateByRecipe,c05dcd762e4b4b5a99224c48445d7683,3
51200,05/05/2026 06:26:12,INSERT in LOT_RECIPE_ROW TAG: [GI4_RECIPE_Data_OP30_PTL_25_CellUnion] value: [0] (FROM RECIPE_ROW) recipeId: [38dd77c3c18c472dab59901f95e32e64] tagID=[23490577e94b461fad46e23ebd9cdb89] set TAG_NEW=0,DB DEBUG,fe_LotRecipeRowCheckCreateByRecipe,c05dcd762e4b4b5a99224c48445d7683,3
51201,05/05/2026 06:26:12,INSERT in LOT_RECIPE_ROW TAG: [GI4_RECIPE_Data_OP10_PTL_16_CellUnion] value: [0] (FROM RECIPE_ROW) recipeId: [38dd77c3c18c472dab59901f95e32e64] tagID=[23526c0d4cc14b0b8445d664756087d9] set TAG_NEW=0,DB DEBUG,fe_LotRecipeRowCheckCreateByRecipe,c05dcd762e4b4b5a99224c48445d7683,3
51202,05/05/2026 06:26:12,INSERT in LOT_RECIPE_ROW TAG: [GI4_RECIPE_Data_OP30_PTL_10_CellUnion] value: [0] (FROM RECIPE_ROW) recipeId: [38dd77c3c18c472dab59901f95e32e64] tagID=[236ecfef4bc94a9ebfb403c825ec2cb8] set TAG_NEW=0,DB DEBUG,fe_LotRecipeRowCheckCreateByRecipe,c05dcd762e4b4b5a99224c48445d7683,3
51203,05/05/2026 06:26:12,INSERT in LOT_RECIPE_ROW TAG: [GI4_RECIPE_Data_OP30_PTL_6_Cell] value: [0] (FROM RECIPE_ROW) recipeId: [38dd77c3c18c472dab59901f95e32e64] tagID=[239ff647bb7c4b78b16fb964e8ea5c65] set TAG_NEW=0,DB DEBUG,fe_LotRecipeRowCheckCreateByRecipe,c05dcd762e4b4b5a99224c48445d7683,3
51204,05/05/2026 06:26:12,INSERT in LOT_RECIPE_ROW TAG: [GI4_RECIPE_Data_OP10_PTL_18_CellUnion] value: [0] (FROM RECIPE_ROW) recipeId: [38dd77c3c18c472dab59901f95e32e64] tagID=[24788739016145d2a6de1e84726b4509] set TAG_NEW=0,DB DEBUG,fe_LotRecipeRowCheckCreateByRecipe,c05dcd762e4b4b5a99224c48445d7683,3
51205,05/05/2026 06:26:12,INSERT in LOT_RECIPE_ROW TAG: [GI4_RECIPE_Data_OP10_PTL_29_CellUnion] value: [0] (FROM RECIPE_ROW) recipeId: [38dd77c3c18c472dab59901f95e32e64] tagID=[2547ffd6de24486f86b1235208d06d8b] set TAG_NEW=0,DB DEBUG,fe_LotRecipeRowCheckCreateByRecipe,c05dcd762e4b4b5a99224c48445d7683,3
51206,05/05/2026 06:26:12,INSERT in LOT_RECIPE_ROW TAG: [GI4_RECIPE_Data_OP10_PTL_21_CellUnion] value: [0] (FROM RECIPE_ROW) recipeId: [38dd77c3c18c472dab59901f95e32e64] tagID=[2768d9617f784288aada7d9eef63d70c] set TAG_NEW=0,DB DEBUG,fe_LotRecipeRowCheckCreateByRecipe,c05dcd762e4b4b5a99224c48445d7683,3
51207,05/05/2026 06:26:12,INSERT in LOT_RECIPE_ROW TAG: [GI4_RECIPE_Data_OP30_PTL_25_Description] value: [] (FROM RECIPE_ROW) recipeId: [38dd77c3c18c472dab59901f95e32e64] tagID=[27b140c810ec405994079df3f60de1e2] set TAG_NEW=0,DB DEBUG,fe_LotRecipeRowCheckCreateByRecipe,c05dcd762e4b4b5a99224c48445d7683,3
51208,05/05/2026 06:26:12,INSERT in LOT_RECIPE_ROW TAG: [GI4_RECIPE_Data_OP30_PTL_4_CellUnion] value: [0] (FROM RECIPE_ROW) recipeId: [38dd77c3c18c472dab59901f95e32e64] tagID=[29c462d549fb42e1b052a86a35b11f12] set TAG_NEW=0,DB DEBUG,fe_LotRecipeRowCheckCreateByRecipe,c05dcd762e4b4b5a99224c48445d7683,3
51209,05/05/2026 06:26:12,INSERT in LOT_RECIPE_ROW TAG: [GI4_RECIPE_Data_OP10_PTL_10_CellUnion] value: [0] (FROM RECIPE_ROW) recipeId: [38dd77c3c18c472dab59901f95e32e64] tagID=[2b0617f17e5f46729f228a527a408fdc] set TAG_NEW=0,DB DEBUG,fe_LotRecipeRowCheckCreateByRecipe,c05dcd762e4b4b5a99224c48445d7683,3
51210,05/05/2026 06:26:12,INSERT in LOT_RECIPE_ROW TAG: [GI4_RECIPE_Data_OP10_PTL_5_Qta] value: [0] (FROM RECIPE_ROW) recipeId: [38dd77c3c18c472dab59901f95e32e64] tagID=[2b5decc799564bc88555d022c4ea85a3] set TAG_NEW=0,DB DEBUG,fe_LotRecipeRowCheckCreateByRecipe,c05dcd762e4b4b5a99224c48445d7683,3
51211,05/05/2026 06:26:12,INSERT in LOT_RECIPE_ROW TAG: [GI4_RECIPE_Data_OP10_PTL_24_Cell] value: [0] (FROM RECIPE_ROW) recipeId: [38dd77c3c18c472dab59901f95e32e64] tagID=[2efc21b5f4fd41a6b3b388597dc3adb3] set TAG_NEW=0,DB DEBUG,fe_LotRecipeRowCheckCreateByRecipe,c05dcd762e4b4b5a99224c48445d7683,3
51212,05/05/2026 06:26:12,INSERT in LOT_RECIPE_ROW TAG: [GI4_RECIPE_Data_OP10_PTL_13_Cell] value: [0] (FROM RECIPE_ROW) recipeId: [38dd77c3c18c472dab59901f95e32e64] tagID=[2efd39cf088b44fa9e8c5d457d66450b] set TAG_NEW=0,DB DEBUG,fe_LotRecipeRowCheckCreateByRecipe,c05dcd762e4b4b5a99224c48445d7683,3
51213,05/05/2026 06:26:12,INSERT in LOT_RECIPE_ROW TAG: [GI4_RECIPE_Data_OP10_PTL_21_Description] value: [] (FROM RECIPE_ROW) recipeId: [38dd77c3c18c472dab59901f95e32e64] tagID=[2f012265fcf54daaa75a2db2cb2ccaad] set TAG_NEW=0,DB DEBUG,fe_LotRecipeRowCheckCreateByRecipe,c05dcd762e4b4b5a99224c48445d7683,3
51214,05/05/2026 06:26:12,INSERT in LOT_RECIPE_ROW TAG: [GI4_RECIPE_Data_DustCover] value: [0] (FROM RECIPE_ROW) recipeId: [38dd77c3c18c472dab59901f95e32e64] tagID=[2f62647d508c427c9d0593d21d9f9a96] set TAG_NEW=0,DB DEBUG,fe_LotRecipeRowCheckCreateByRecipe,c05dcd762e4b4b5a99224c48445d7683,3
51215,05/05/2026 06:26:12,INSERT in LOT_RECIPE_ROW TAG: [GI4_RECIPE_Data_OP10_PTL_32_Cell] value: [0] (FROM RECIPE_ROW) recipeId: [38dd77c3c18c472dab59901f95e32e64] tagID=[30cf96ca4b834ee2b9a7eb56df1b6aea] set TAG_NEW=0,DB DEBUG,fe_LotRecipeRowCheckCreateByRecipe,c05dcd762e4b4b5a99224c48445d7683,3
51216,05/05/2026 06:26:12,INSERT in LOT_RECIPE_ROW TAG: [GI4_RECIPE_Data_OP30_PTL_6_CellUnion] value: [0] (FROM RECIPE_ROW) recipeId: [38dd77c3c18c472dab59901f95e32e64] tagID=[3165fec2bb354085abd7e63466d042a6] set TAG_NEW=0,DB DEBUG,fe_LotRecipeRowCheckCreateByRecipe,c05dcd762e4b4b5a99224c48445d7683,3
51217,05/05/2026 06:26:12,INSERT in LOT_RECIPE_ROW TAG: [GI4_RECIPE_Data_PrintType] value: [1] (FROM RECIPE_ROW) recipeId: [38dd77c3c18c472dab59901f95e32e64] tagID=[319e60a433a54b1986e7af6ab5b36d6e] set TAG_NEW=0,DB DEBUG,fe_LotRecipeRowCheckCreateByRecipe,c05dcd762e4b4b5a99224c48445d7683,3
51218,05/05/2026 06:26:12,INSERT in LOT_RECIPE_ROW TAG: [GI4_RECIPE_Data_OP10_PTL_25_CellUnion] value: [0] (FROM RECIPE_ROW) recipeId: [38dd77c3c18c472dab59901f95e32e64] tagID=[31ad5d3c1e3a45f199917e67426ed441] set TAG_NEW=0,DB DEBUG,fe_LotRecipeRowCheckCreateByRecipe,c05dcd762e4b4b5a99224c48445d7683,3
51219,05/05/2026 06:26:12,INSERT in LOT_RECIPE_ROW TAG: [GI4_RECIPE_Data_OP30_PTL_13_Cell] value: [23] (FROM RECIPE_ROW) recipeId: [38dd77c3c18c472dab59901f95e32e64] tagID=[322607fdab0d48e482f702551a084233] set TAG_NEW=0,DB DEBUG,fe_LotRecipeRowCheckCreateByRecipe,c05dcd762e4b4b5a99224c48445d7683,3
51220,05/05/2026 06:26:12,INSERT in LOT_RECIPE_ROW TAG: [GI4_RECIPE_Data_OP30_PTL_19_CellUnion] value: [0] (FROM RECIPE_ROW) recipeId: [38dd77c3c18c472dab59901f95e32e64] tagID=[32b489d628b8417fb1b585cd49fd61c7] set TAG_NEW=0,DB DEBUG,fe_LotRecipeRowCheckCreateByRecipe,c05dcd762e4b4b5a99224c48445d7683,3
51221,05/05/2026 06:26:12,INSERT in LOT_RECIPE_ROW TAG: [GI4_RECIPE_Data_OP10_PTL_4_Cell] value: [32] (FROM RECIPE_ROW) recipeId: [38dd77c3c18c472dab59901f95e32e64] tagID=[336e0993097945d5b1a95047881dcb0d] set TAG_NEW=0,DB DEBUG,fe_LotRecipeRowCheckCreateByRecipe,c05dcd762e4b4b5a99224c48445d7683,3
51222,05/05/2026 06:26:12,INSERT in LOT_RECIPE_ROW TAG: [GI4_RECIPE_Data_OP30_PTL_2_CellUnion] value: [0] (FROM RECIPE_ROW) recipeId: [38dd77c3c18c472dab59901f95e32e64] tagID=[34ba42b7560e4ee9a12fd1944c5aa703] set TAG_NEW=0,DB DEBUG,fe_LotRecipeRowCheckCreateByRecipe,c05dcd762e4b4b5a99224c48445d7683,3
51223,05/05/2026 06:26:12,INSERT in LOT_RECIPE_ROW TAG: [GI4_RECIPE_Data_OP10_PTL_13_Qta] value: [0] (FROM RECIPE_ROW) recipeId: [38dd77c3c18c472dab59901f95e32e64] tagID=[34eb2b59a3134746953e9611d408d2e6] set TAG_NEW=0,DB DEBUG,fe_LotRecipeRowCheckCreateByRecipe,c05dcd762e4b4b5a99224c48445d7683,3
51224,05/05/2026 06:26:12,INSERT in LOT_RECIPE_ROW TAG: [GI4_RECIPE_Data_OP30_PTL_7_Qta] value: [1] (FROM RECIPE_ROW) recipeId: [38dd77c3c18c472dab59901f95e32e64] tagID=[3640890fbc5649c38727f3cec1b1e5f2] set TAG_NEW=0,DB DEBUG,fe_LotRecipeRowCheckCreateByRecipe,c05dcd762e4b4b5a99224c48445d7683,3
51225,05/05/2026 06:26:12,INSERT in LOT_RECIPE_ROW TAG: [GI4_RECIPE_Data_OP10_PTL_15_Description] value: [] (FROM RECIPE_ROW) recipeId: [38dd77c3c18c472dab59901f95e32e64] tagID=[3654183a50bf43b7b64146ef7d9442b0] set TAG_NEW=0,DB DEBUG,fe_LotRecipeRowCheckCreateByRecipe,c05dcd762e4b4b5a99224c48445d7683,3
51226,05/05/2026 06:26:12,INSERT in LOT_RECIPE_ROW TAG: [GI4_RECIPE_Data_OP30_PTL_13_Qta] value: [0] (FROM RECIPE_ROW) recipeId: [38dd77c3c18c472dab59901f95e32e64] tagID=[374dd1ca558346c198cd868b38086280] set TAG_NEW=0,DB DEBUG,fe_LotRecipeRowCheckCreateByRecipe,c05dcd762e4b4b5a99224c48445d7683,3
51227,05/05/2026 06:26:12,INSERT in LOT_RECIPE_ROW TAG: [GI4_RECIPE_Data_OP30_PTL_24_Qta] value: [0] (FROM RECIPE_ROW) recipeId: [38dd77c3c18c472dab59901f95e32e64] tagID=[37f0f3807d804fec9537deac883d8fa7] set TAG_NEW=0,DB DEBUG,fe_LotRecipeRowCheckCreateByRecipe,c05dcd762e4b4b5a99224c48445d7683,3
51228,05/05/2026 06:26:12,INSERT in LOT_RECIPE_ROW TAG: [GI4_RECIPE_Data_OP10_PTL_8_Qta] value: [0] (FROM RECIPE_ROW) recipeId: [38dd77c3c18c472dab59901f95e32e64] tagID=[3815c76174064515bafb801007a14614] set TAG_NEW=0,DB DEBUG,fe_LotRecipeRowCheckCreateByRecipe,c05dcd762e4b4b5a99224c48445d7683,3
51229,05/05/2026 06:26:12,INSERT in LOT_RECIPE_ROW TAG: [GI4_RECIPE_Data_OP30_PTL_31_Description] value: [] (FROM RECIPE_ROW) recipeId: [38dd77c3c18c472dab59901f95e32e64] tagID=[3887fc96aa2b47d691405d5804130797] set TAG_NEW=0,DB DEBUG,fe_LotRecipeRowCheckCreateByRecipe,c05dcd762e4b4b5a99224c48445d7683,3
51230,05/05/2026 06:26:12,INSERT in LOT_RECIPE_ROW TAG: [GI4_RECIPE_Data_OP10_PTL_31_Description] value: [] (FROM RECIPE_ROW) recipeId: [38dd77c3c18c472dab59901f95e32e64] tagID=[38ae032c2f984468887d6b24690bab51] set TAG_NEW=0,DB DEBUG,fe_LotRecipeRowCheckCreateByRecipe,c05dcd762e4b4b5a99224c48445d7683,3
51231,05/05/2026 06:26:12,INSERT in LOT_RECIPE_ROW TAG: [GI4_RECIPE_Data_OP10_PTL_15_Cell] value: [0] (FROM RECIPE_ROW) recipeId: [38dd77c3c18c472dab59901f95e32e64] tagID=[39d7e17fb1c44fa796f5f098e86ec7c2] set TAG_NEW=0,DB DEBUG,fe_LotRecipeRowCheckCreateByRecipe,c05dcd762e4b4b5a99224c48445d7683,3
51232,05/05/2026 06:26:12,INSERT in LOT_RECIPE_ROW TAG: [GI4_RECIPE_Data_OP30_PTL_10_PartNumber] value: [5725.20.3675] (FROM RECIPE_ROW) recipeId: [38dd77c3c18c472dab59901f95e32e64] tagID=[3a58c2366cbe4e0a840abbf4b877bace] set TAG_NEW=0,DB DEBUG,fe_LotRecipeRowCheckCreateByRecipe,c05dcd762e4b4b5a99224c48445d7683,3
51233,05/05/2026 06:26:12,INSERT in LOT_RECIPE_ROW TAG: [GI4_RECIPE_Data_OP30_PTL_1_CellUnion] value: [0] (FROM RECIPE_ROW) recipeId: [38dd77c3c18c472dab59901f95e32e64] tagID=[3c3f4f6aea224e839c16ff9fc3cc6614] set TAG_NEW=0,DB DEBUG,fe_LotRecipeRowCheckCreateByRecipe,c05dcd762e4b4b5a99224c48445d7683,3
51234,05/05/2026 06:26:12,INSERT in LOT_RECIPE_ROW TAG: [GI4_RECIPE_Data_OP30_PTL_31_CellUnion] value: [0] (FROM RECIPE_ROW) recipeId: [38dd77c3c18c472dab59901f95e32e64] tagID=[3d7cfd99b4bf4f8bb1da36f1892edb19] set TAG_NEW=0,DB DEBUG,fe_LotRecipeRowCheckCreateByRecipe,c05dcd762e4b4b5a99224c48445d7683,3
51235,05/05/2026 06:26:12,INSERT in LOT_RECIPE_ROW TAG: [GI4_RECIPE_Data_OP10_PTL_12_Qta] value: [0] (FROM RECIPE_ROW) recipeId: [38dd77c3c18c472dab59901f95e32e64] tagID=[3ee6c1a275af4d5694f2a55c97d228e0] set TAG_NEW=0,DB DEBUG,fe_LotRecipeRowCheckCreateByRecipe,c05dcd762e4b4b5a99224c48445d7683,3
51236,05/05/2026 06:26:12,INSERT in LOT_RECIPE_ROW TAG: [GI4_RECIPE_Data_OP30_PTL_6_Description] value: [ROND.DI SICUREZZA SNP3/ CO01-] (FROM RECIPE_ROW) recipeId: [38dd77c3c18c472dab59901f95e32e64] tagID=[3fbdcfa4cbe54f72b48bbfa700784f6d] set TAG_NEW=0,DB DEBUG,fe_LotRecipeRowCheckCreateByRecipe,c05dcd762e4b4b5a99224c48445d7683,3
51237,05/05/2026 06:26:12,INSERT in LOT_RECIPE_ROW TAG: [GI4_RECIPE_Data_OP10_PTL_30_PartNumber] value: [] (FROM RECIPE_ROW) recipeId: [38dd77c3c18c472dab59901f95e32e64] tagID=[401705b05b084c8b9289298d3fd0a8ea] set TAG_NEW=0,DB DEBUG,fe_LotRecipeRowCheckCreateByRecipe,c05dcd762e4b4b5a99224c48445d7683,3
51238,05/05/2026 06:26:12,INSERT in LOT_RECIPE_ROW TAG: [GI4_RECIPE_Data_OP30_PTL_20_Description] value: [] (FROM RECIPE_ROW) recipeId: [38dd77c3c18c472dab59901f95e32e64] tagID=[40cee7fa97544d93a7248677d41157bd] set TAG_NEW=0,DB DEBUG,fe_LotRecipeRowCheckCreateByRecipe,c05dcd762e4b4b5a99224c48445d7683,3
51239,05/05/2026 06:26:12,INSERT in LOT_RECIPE_ROW TAG: [GI4_RECIPE_Data_OP10_PTL_14_PartNumber] value: [] (FROM RECIPE_ROW) recipeId: [38dd77c3c18c472dab59901f95e32e64] tagID=[41079ba74b494fccb40a24a1128e5978] set TAG_NEW=0,DB DEBUG,fe_LotRecipeRowCheckCreateByRecipe,c05dcd762e4b4b5a99224c48445d7683,3
51240,05/05/2026 06:26:12,INSERT in LOT_RECIPE_ROW TAG: [GI4_RECIPE_Data_OP10_PTL_32_Qta] value: [0] (FROM RECIPE_ROW) recipeId: [38dd77c3c18c472dab59901f95e32e64] tagID=[419f031a45ae4fd783a01f9ca22c0922] set TAG_NEW=0,DB DEBUG,fe_LotRecipeRowCheckCreateByRecipe,c05dcd762e4b4b5a99224c48445d7683,3
51241,05/05/2026 06:26:12,INSERT in LOT_RECIPE_ROW TAG: [GI4_RECIPE_Data_OP10_PTL_7_CellUnion] value: [0] (FROM RECIPE_ROW) recipeId: [38dd77c3c18c472dab59901f95e32e64] tagID=[42f00b8edc9e43b6a4fdcb04b160c33d] set TAG_NEW=0,DB DEBUG,fe_LotRecipeRowCheckCreateByRecipe,c05dcd762e4b4b5a99224c48445d7683,3
51242,05/05/2026 06:26:12,INSERT in LOT_RECIPE_ROW TAG: [GI4_RECIPE_Data_OP30_PTL_15_Cell] value: [32] (FROM RECIPE_ROW) recipeId: [38dd77c3c18c472dab59901f95e32e64] tagID=[43ca04a60779487a9bad4b18e6857c08] set TAG_NEW=0,DB DEBUG,fe_LotRecipeRowCheckCreateByRecipe,c05dcd762e4b4b5a99224c48445d7683,3
51243,05/05/2026 06:26:12,INSERT in LOT_RECIPE_ROW TAG: [GI4_RECIPE_Data_OP30_PTL_13_PartNumber] value: [313.0039.1.00] (FROM RECIPE_ROW) recipeId: [38dd77c3c18c472dab59901f95e32e64] tagID=[4419482991d445749bca6c4b6b6b4edc] set TAG_NEW=0,DB DEBUG,fe_LotRecipeRowCheckCreateByRecipe,c05dcd762e4b4b5a99224c48445d7683,3
51244,05/05/2026 06:26:12,INSERT in LOT_RECIPE_ROW TAG: [GI4_RECIPE_Data_OP10_PTL_1_Cell] value: [21] (FROM RECIPE_ROW) recipeId: [38dd77c3c18c472dab59901f95e32e64] tagID=[445a0a3d4bb74ef4a33c63abd027367f] set TAG_NEW=0,DB DEBUG,fe_LotRecipeRowCheckCreateByRecipe,c05dcd762e4b4b5a99224c48445d7683,3
51245,05/05/2026 06:26:12,INSERT in LOT_RECIPE_ROW TAG: [GI4_RECIPE_Data_OP10_PTL_18_Description] value: [] (FROM RECIPE_ROW) recipeId: [38dd77c3c18c472dab59901f95e32e64] tagID=[4515e7b7d1c6485fab728fa4a0d40a7c] set TAG_NEW=0,DB DEBUG,fe_LotRecipeRowCheckCreateByRecipe,c05dcd762e4b4b5a99224c48445d7683,3
51246,05/05/2026 06:26:12,INSERT in LOT_RECIPE_ROW TAG: [GI4_RECIPE_Data_OP10_PTL_28_Qta] value: [0] (FROM RECIPE_ROW) recipeId: [38dd77c3c18c472dab59901f95e32e64] tagID=[45cc5e117ed44c818f34976704160f11] set TAG_NEW=0,DB DEBUG,fe_LotRecipeRowCheckCreateByRecipe,c05dcd762e4b4b5a99224c48445d7683,3
51247,05/05/2026 06:26:12,INSERT in LOT_RECIPE_ROW TAG: [GI4_RECIPE_Data_OP10_PTL_14_Qta] value: [0] (FROM RECIPE_ROW) recipeId: [38dd77c3c18c472dab59901f95e32e64] tagID=[4623827bfdd14033b163c177d300643d] set TAG_NEW=0,DB DEBUG,fe_LotRecipeRowCheckCreateByRecipe,c05dcd762e4b4b5a99224c48445d7683,3
51248,05/05/2026 06:26:12,INSERT in LOT_RECIPE_ROW TAG: [GI4_RECIPE_Data_OP10_PTL_19_PartNumber] value: [] (FROM RECIPE_ROW) recipeId: [38dd77c3c18c472dab59901f95e32e64] tagID=[46764792305a424895b35614266a4c04] set TAG_NEW=0,DB DEBUG,fe_LotRecipeRowCheckCreateByRecipe,c05dcd762e4b4b5a99224c48445d7683,3
51249,05/05/2026 06:26:12,INSERT in LOT_RECIPE_ROW TAG: [GI4_RECIPE_Data_OP10_PTL_5_PartNumber] value: [11282842] (FROM RECIPE_ROW) recipeId: [38dd77c3c18c472dab59901f95e32e64] tagID=[4680db2a528748c2a56f1bfc1c19e36f] set TAG_NEW=0,DB DEBUG,fe_LotRecipeRowCheckCreateByRecipe,c05dcd762e4b4b5a99224c48445d7683,3
51250,05/05/2026 06:26:12,INSERT in LOT_RECIPE_ROW TAG: [GI4_RECIPE_Data_OP30_PTL_14_Description] value: [GUAR.DI CONT. BOCC.SNP3] (FROM RECIPE_ROW) recipeId: [38dd77c3c18c472dab59901f95e32e64] tagID=[4812e17c8ac14e9a9c0ef1b4b4696b0b] set TAG_NEW=0,DB DEBUG,fe_LotRecipeRowCheckCreateByRecipe,c05dcd762e4b4b5a99224c48445d7683,3
51251,05/05/2026 06:26:12,INSERT in LOT_RECIPE_ROW TAG: [GI4_RECIPE_Data_OP10_PTL_13_Description] value: [] (FROM RECIPE_ROW) recipeId: [38dd77c3c18c472dab59901f95e32e64] tagID=[481f37fd3f434301a285d9eb50975753] set TAG_NEW=0,DB DEBUG,fe_LotRecipeRowCheckCreateByRecipe,c05dcd762e4b4b5a99224c48445d7683,3
51252,05/05/2026 06:26:12,INSERT in LOT_RECIPE_ROW TAG: [GI4_RECIPE_Data_OP10_PTL_14_CellUnion] value: [0] (FROM RECIPE_ROW) recipeId: [38dd77c3c18c472dab59901f95e32e64] tagID=[482a148a641642c58bbdd9465d6b17be] set TAG_NEW=0,DB DEBUG,fe_LotRecipeRowCheckCreateByRecipe,c05dcd762e4b4b5a99224c48445d7683,3
51253,05/05/2026 06:26:12,INSERT in LOT_RECIPE_ROW TAG: [GI4_RECIPE_Data_OP30_PTL_11_PartNumber] value: [5730.03.1006] (FROM RECIPE_ROW) recipeId: [38dd77c3c18c472dab59901f95e32e64] tagID=[48aacd5c08a34d18bbf3bb7419fa3ab4] set TAG_NEW=0,DB DEBUG,fe_LotRecipeRowCheckCreateByRecipe,c05dcd762e4b4b5a99224c48445d7683,3
51254,05/05/2026 06:26:12,INSERT in LOT_RECIPE_ROW TAG: [GI4_RECIPE_Data_OP30_PTL_10_Qta] value: [1] (FROM RECIPE_ROW) recipeId: [38dd77c3c18c472dab59901f95e32e64] tagID=[48e969b5856d4c9d82336b1e072b1bba] set TAG_NEW=0,DB DEBUG,fe_LotRecipeRowCheckCreateByRecipe,c05dcd762e4b4b5a99224c48445d7683,3
51255,05/05/2026 06:26:12,INSERT in LOT_RECIPE_ROW TAG: [GI4_RECIPE_Data_OP10_PTL_4_Description] value: [MEZZO CORPO INSERIMENTO BOCCOLE] (FROM RECIPE_ROW) recipeId: [38dd77c3c18c472dab59901f95e32e64] tagID=[490e6e11bbd44c5f92fcf23dcb7868d6] set TAG_NEW=0,DB DEBUG,fe_LotRecipeRowCheckCreateByRecipe,c05dcd762e4b4b5a99224c48445d7683,3
51256,05/05/2026 06:26:12,INSERT in LOT_RECIPE_ROW TAG: [GI4_RECIPE_Data_OP10_PTL_3_Cell] value: [29] (FROM RECIPE_ROW) recipeId: [38dd77c3c18c472dab59901f95e32e64] tagID=[49b0dafee5f943f0a8d84312bad8611a] set TAG_NEW=0,DB DEBUG,fe_LotRecipeRowCheckCreateByRecipe,c05dcd762e4b4b5a99224c48445d7683,3
51257,05/05/2026 06:26:12,INSERT in LOT_RECIPE_ROW TAG: [GI4_RECIPE_Data_OP30_PTL_28_Description] value: [] (FROM RECIPE_ROW) recipeId: [38dd77c3c18c472dab59901f95e32e64] tagID=[49f3d1cc98f8462c8a4ef61f780ddf08] set TAG_NEW=0,DB DEBUG,fe_LotRecipeRowCheckCreateByRecipe,c05dcd762e4b4b5a99224c48445d7683,3
51258,05/05/2026 06:26:12,INSERT in LOT_RECIPE_ROW TAG: [GI4_RECIPE_Data_OP10_PTL_27_CellUnion] value: [0] (FROM RECIPE_ROW) recipeId: [38dd77c3c18c472dab59901f95e32e64] tagID=[4b1b0cb013494461badadf4283640f8a] set TAG_NEW=0,DB DEBUG,fe_LotRecipeRowCheckCreateByRecipe,c05dcd762e4b4b5a99224c48445d7683,3
51259,05/05/2026 06:26:12,INSERT in LOT_RECIPE_ROW TAG: [GI4_RECIPE_Data_OP10_PTL_25_Cell] value: [0] (FROM RECIPE_ROW) recipeId: [38dd77c3c18c472dab59901f95e32e64] tagID=[4b2c313fdbbb4fc8b7fa68e6442dfb06] set TAG_NEW=0,DB DEBUG,fe_LotRecipeRowCheckCreateByRecipe,c05dcd762e4b4b5a99224c48445d7683,3
51260,05/05/2026 06:26:12,INSERT in LOT_RECIPE_ROW TAG: [GI4_RECIPE_Data_OP10_PTL_27_Qta] value: [0] (FROM RECIPE_ROW) recipeId: [38dd77c3c18c472dab59901f95e32e64] tagID=[4b3bed976f0741a480651833cf858964] set TAG_NEW=0,DB DEBUG,fe_LotRecipeRowCheckCreateByRecipe,c05dcd762e4b4b5a99224c48445d7683,3
51261,05/05/2026 06:26:12,INSERT in LOT_RECIPE_ROW TAG: [GI4_RECIPE_Data_OP30_PTL_3_PartNumber] value: [11310055] (FROM RECIPE_ROW) recipeId: [38dd77c3c18c472dab59901f95e32e64] tagID=[4ed4ea17a6e443da814e915f4e0eebca] set TAG_NEW=0,DB DEBUG,fe_LotRecipeRowCheckCreateByRecipe,c05dcd762e4b4b5a99224c48445d7683,3
51262,05/05/2026 06:26:12,INSERT in LOT_RECIPE_ROW TAG: [GI4_RECIPE_Data_OP30_PTL_29_Description] value: [] (FROM RECIPE_ROW) recipeId: [38dd77c3c18c472dab59901f95e32e64] tagID=[4fe4256f09984cc79b53e11577aaa370] set TAG_NEW=0,DB DEBUG,fe_LotRecipeRowCheckCreateByRecipe,c05dcd762e4b4b5a99224c48445d7683,3
51263,05/05/2026 06:26:12,INSERT in LOT_RECIPE_ROW TAG: [GI4_RECIPE_Data_OP10_PTL_15_PartNumber] value: [] (FROM RECIPE_ROW) recipeId: [38dd77c3c18c472dab59901f95e32e64] tagID=[502efda3303d433784fe5a00838bfb2e] set TAG_NEW=0,DB DEBUG,fe_LotRecipeRowCheckCreateByRecipe,c05dcd762e4b4b5a99224c48445d7683,3
51264,05/05/2026 06:26:12,INSERT in LOT_RECIPE_ROW TAG: [GI4_RECIPE_Data_OP30_PTL_17_CellUnion] value: [0] (FROM RECIPE_ROW) recipeId: [38dd77c3c18c472dab59901f95e32e64] tagID=[50cb8a570948434c90b3f988ba71da55] set TAG_NEW=0,DB DEBUG,fe_LotRecipeRowCheckCreateByRecipe,c05dcd762e4b4b5a99224c48445d7683,3
51265,05/05/2026 06:26:12,INSERT in LOT_RECIPE_ROW TAG: [GI4_RECIPE_Data_OP30_PTL_9_Qta] value: [1] (FROM RECIPE_ROW) recipeId: [38dd77c3c18c472dab59901f95e32e64] tagID=[520695cbf77546e5812b02406ba8f089] set TAG_NEW=0,DB DEBUG,fe_LotRecipeRowCheckCreateByRecipe,c05dcd762e4b4b5a99224c48445d7683,3
51266,05/05/2026 06:26:12,INSERT in LOT_RECIPE_ROW TAG: [GI4_RECIPE_Data_OP30_PTL_23_PartNumber] value: [] (FROM RECIPE_ROW) recipeId: [38dd77c3c18c472dab59901f95e32e64] tagID=[5254844f547a4af8be22211789229c78] set TAG_NEW=0,DB DEBUG,fe_LotRecipeRowCheckCreateByRecipe,c05dcd762e4b4b5a99224c48445d7683,3
51267,05/05/2026 06:26:12,INSERT in LOT_RECIPE_ROW TAG: [GI4_RECIPE_Data_OP30_PTL_11_CellUnion] value: [0] (FROM RECIPE_ROW) recipeId: [38dd77c3c18c472dab59901f95e32e64] tagID=[542a972a13dc494e86b9abf10c77596d] set TAG_NEW=0,DB DEBUG,fe_LotRecipeRowCheckCreateByRecipe,c05dcd762e4b4b5a99224c48445d7683,3
51268,05/05/2026 06:26:12,INSERT in LOT_RECIPE_ROW TAG: [GI4_RECIPE_Data_OP10_PTL_19_Description] value: [] (FROM RECIPE_ROW) recipeId: [38dd77c3c18c472dab59901f95e32e64] tagID=[54addfcba5fc49df8855e0ac48785799] set TAG_NEW=0,DB DEBUG,fe_LotRecipeRowCheckCreateByRecipe,c05dcd762e4b4b5a99224c48445d7683,3
51269,05/05/2026 06:26:12,INSERT in LOT_RECIPE_ROW TAG: [GI4_RECIPE_Data_OP30_PTL_20_PartNumber] value: [] (FROM RECIPE_ROW) recipeId: [38dd77c3c18c472dab59901f95e32e64] tagID=[553d95aef93147b396c58ea68c904bf0] set TAG_NEW=0,DB DEBUG,fe_LotRecipeRowCheckCreateByRecipe,c05dcd762e4b4b5a99224c48445d7683,3
51270,05/05/2026 06:26:12,INSERT in LOT_RECIPE_ROW TAG: [GI4_RECIPE_Data_OP10_PTL_10_PartNumber] value: [] (FROM RECIPE_ROW) recipeId: [38dd77c3c18c472dab59901f95e32e64] tagID=[55f1b2a82f8c449ea86a7521a3bab004] set TAG_NEW=0,DB DEBUG,fe_LotRecipeRowCheckCreateByRecipe,c05dcd762e4b4b5a99224c48445d7683,3
51271,05/05/2026 06:26:12,INSERT in LOT_RECIPE_ROW TAG: [GI4_RECIPE_Data_OP30_PTL_7_CellUnion] value: [0] (FROM RECIPE_ROW) recipeId: [38dd77c3c18c472dab59901f95e32e64] tagID=[560744a278fb4e73ae180887a8f8cc9d] set TAG_NEW=0,DB DEBUG,fe_LotRecipeRowCheckCreateByRecipe,c05dcd762e4b4b5a99224c48445d7683,3
51272,05/05/2026 06:26:12,INSERT in LOT_RECIPE_ROW TAG: [GI4_RECIPE_Data_OP10_PTL_16_Description] value: [] (FROM RECIPE_ROW) recipeId: [38dd77c3c18c472dab59901f95e32e64] tagID=[56fb48c366044cf682ba058e3f634cc1] set TAG_NEW=0,DB DEBUG,fe_LotRecipeRowCheckCreateByRecipe,c05dcd762e4b4b5a99224c48445d7683,3
51273,05/05/2026 06:26:12,INSERT in LOT_RECIPE_ROW TAG: [GI4_RECIPE_Data_OP10_PTL_21_Qta] value: [0] (FROM RECIPE_ROW) recipeId: [38dd77c3c18c472dab59901f95e32e64] tagID=[573fa656482b4258b584ba9f09152cfa] set TAG_NEW=0,DB DEBUG,fe_LotRecipeRowCheckCreateByRecipe,c05dcd762e4b4b5a99224c48445d7683,3
51274,05/05/2026 06:26:12,INSERT in LOT_RECIPE_ROW TAG: [GI4_RECIPE_Data_OP30_PTL_17_Cell] value: [30] (FROM RECIPE_ROW) recipeId: [38dd77c3c18c472dab59901f95e32e64] tagID=[57ba57515e4241628360aeefc630048a] set TAG_NEW=0,DB DEBUG,fe_LotRecipeRowCheckCreateByRecipe,c05dcd762e4b4b5a99224c48445d7683,3
51275,05/05/2026 06:26:12,INSERT in LOT_RECIPE_ROW TAG: [GI4_RECIPE_Data_OP30_PTL_3_Cell] value: [0] (FROM RECIPE_ROW) recipeId: [38dd77c3c18c472dab59901f95e32e64] tagID=[5901ae35c34d4e0087494953a1822086] set TAG_NEW=0,DB DEBUG,fe_LotRecipeRowCheckCreateByRecipe,c05dcd762e4b4b5a99224c48445d7683,3
51276,05/05/2026 06:26:12,INSERT in LOT_RECIPE_ROW TAG: [GI4_RECIPE_Data_OP10_PTL_1_Qta] value: [0] (FROM RECIPE_ROW) recipeId: [38dd77c3c18c472dab59901f95e32e64] tagID=[5a21fa6644594e34bb4c27ec532841c5] set TAG_NEW=0,DB DEBUG,fe_LotRecipeRowCheckCreateByRecipe,c05dcd762e4b4b5a99224c48445d7683,3
51277,05/05/2026 06:26:12,"INSERT in LOT_RECIPE_ROW TAG: [GI4_RECIPE_Data_OP10_PTL_5_Description] value: [PRE-SHAPED  OR SEAL88,57 x 2,] (FROM RECIPE_ROW) recipeId: [38dd77c3c18c472dab59901f95e32e64] tagID=[5a96b79ffc2047719c43e74778112047] set TAG_NEW=0",DB DEBUG,fe_LotRecipeRowCheckCreateByRecipe,c05dcd762e4b4b5a99224c48445d7683,3
51278,05/05/2026 06:26:12,INSERT in LOT_RECIPE_ROW TAG: [GI4_RECIPE_Data_OP30_PTL_22_Cell] value: [0] (FROM RECIPE_ROW) recipeId: [38dd77c3c18c472dab59901f95e32e64] tagID=[5bd34a232f4c4e57b14726a0748965b9] set TAG_NEW=0,DB DEBUG,fe_LotRecipeRowCheckCreateByRecipe,c05dcd762e4b4b5a99224c48445d7683,3
51279,05/05/2026 06:26:12,INSERT in LOT_RECIPE_ROW TAG: [GI4_RECIPE_Data_OP30_PTL_16_CellUnion] value: [0] (FROM RECIPE_ROW) recipeId: [38dd77c3c18c472dab59901f95e32e64] tagID=[5cb763a533c448babf26b35f98704600] set TAG_NEW=0,DB DEBUG,fe_LotRecipeRowCheckCreateByRecipe,c05dcd762e4b4b5a99224c48445d7683,3
51280,05/05/2026 06:26:12,INSERT in LOT_RECIPE_ROW TAG: [GI4_RECIPE_Data_OP10_PTL_22_PartNumber] value: [] (FROM RECIPE_ROW) recipeId: [38dd77c3c18c472dab59901f95e32e64] tagID=[5d9cebc2f5ca4f498daecbef391367d2] set TAG_NEW=0,DB DEBUG,fe_LotRecipeRowCheckCreateByRecipe,c05dcd762e4b4b5a99224c48445d7683,3
51281,05/05/2026 06:26:12,INSERT in LOT_RECIPE_ROW TAG: [GI4_RECIPE_Data_OP10_PTL_8_PartNumber] value: [] (FROM RECIPE_ROW) recipeId: [38dd77c3c18c472dab59901f95e32e64] tagID=[5f33852bfd5744eca3eceaec0b0887c0] set TAG_NEW=0,DB DEBUG,fe_LotRecipeRowCheckCreateByRecipe,c05dcd762e4b4b5a99224c48445d7683,3
51282,05/05/2026 06:26:12,INSERT in LOT_RECIPE_ROW TAG: [GI4_RECIPE_Data_OP30_PTL_32_CellUnion] value: [0] (FROM RECIPE_ROW) recipeId: [38dd77c3c18c472dab59901f95e32e64] tagID=[5fec1252695f4962be3f39f20bddf3ad] set TAG_NEW=0,DB DEBUG,fe_LotRecipeRowCheckCreateByRecipe,c05dcd762e4b4b5a99224c48445d7683,3
51283,05/05/2026 06:26:12,INSERT in LOT_RECIPE_ROW TAG: [GI4_RECIPE_Data_OP30_PTL_12_Cell] value: [22] (FROM RECIPE_ROW) recipeId: [38dd77c3c18c472dab59901f95e32e64] tagID=[60941a4aae8f4f1a9ce01295056d6dd6] set TAG_NEW=0,DB DEBUG,fe_LotRecipeRowCheckCreateByRecipe,c05dcd762e4b4b5a99224c48445d7683,3
51284,05/05/2026 06:26:12,INSERT in LOT_RECIPE_ROW TAG: [GI4_RECIPE_Data_OP30_PTL_21_Cell] value: [0] (FROM RECIPE_ROW) recipeId: [38dd77c3c18c472dab59901f95e32e64] tagID=[623e6a6a11eb4b788d28ff5b3f4703dd] set TAG_NEW=0,DB DEBUG,fe_LotRecipeRowCheckCreateByRecipe,c05dcd762e4b4b5a99224c48445d7683,3
51285,05/05/2026 06:26:12,INSERT in LOT_RECIPE_ROW TAG: [GI4_RECIPE_Data_OP10_PTL_10_Cell] value: [0] (FROM RECIPE_ROW) recipeId: [38dd77c3c18c472dab59901f95e32e64] tagID=[6334e6464e5a46cfae9d8eccef28324b] set TAG_NEW=0,DB DEBUG,fe_LotRecipeRowCheckCreateByRecipe,c05dcd762e4b4b5a99224c48445d7683,3
51286,05/05/2026 06:26:12,INSERT in LOT_RECIPE_ROW TAG: [GI4_RECIPE_Data_OP30_PTL_12_CellUnion] value: [0] (FROM RECIPE_ROW) recipeId: [38dd77c3c18c472dab59901f95e32e64] tagID=[6475ee9189ba4a2ca7794bfaa97837d0] set TAG_NEW=0,DB DEBUG,fe_LotRecipeRowCheckCreateByRecipe,c05dcd762e4b4b5a99224c48445d7683,3
51287,05/05/2026 06:26:12,INSERT in LOT_RECIPE_ROW TAG: [GI4_RECIPE_Data_OP10_PTL_3_Qta] value: [0] (FROM RECIPE_ROW) recipeId: [38dd77c3c18c472dab59901f95e32e64] tagID=[64b99ad7f39b4af1a1e9626de282e024] set TAG_NEW=0,DB DEBUG,fe_LotRecipeRowCheckCreateByRecipe,c05dcd762e4b4b5a99224c48445d7683,3
51288,05/05/2026 06:26:12,INSERT in LOT_RECIPE_ROW TAG: [GI4_RECIPE_Data_OP10_PTL_12_CellUnion] value: [0] (FROM RECIPE_ROW) recipeId: [38dd77c3c18c472dab59901f95e32e64] tagID=[64fec27c79b74da9a1900ac61d2a61f4] set TAG_NEW=0,DB DEBUG,fe_LotRecipeRowCheckCreateByRecipe,c05dcd762e4b4b5a99224c48445d7683,3
51289,05/05/2026 06:26:12,INSERT in LOT_RECIPE_ROW TAG: [GI4_RECIPE_Data_QtaOrd] value: [1] (FROM RECIPE_ROW) recipeId: [38dd77c3c18c472dab59901f95e32e64] tagID=[651c889b30e34366b6504e28badaf6ad] set TAG_NEW=0,DB DEBUG,fe_LotRecipeRowCheckCreateByRecipe,c05dcd762e4b4b5a99224c48445d7683,3
