ID,DATE_TIME_LOG,MESSAGE,UNIT_NAME,ROUTINE_NAME,KEY_TAG,STATE
64524,06/05/2026 13:08:42,INIZIO sp_LotEndOnPlc machine=[c05dcd762e4b4b5a99224c48445d7683] user=[NULL],DB DEBUG,sp_LotEndOnPlc,c05dcd762e4b4b5a99224c48445d7683,3
64525,06/05/2026 13:08:51,"Query execution was interrupted (max_statement_time exceeded) code:70100; (c05dcd762e4b4b5a99224c48445d7683,ZZZZZZZZZZZZZZZZZZZZZZZZZZZZZZZZZZZZ)",DB,sp_LotMachineCloseOther,c05dcd762e4b4b5a99224c48445d7683,2
64526,06/05/2026 13:09:21,"Query execution was interrupted (max_statement_time exceeded) code:70100; (c05dcd762e4b4b5a99224c48445d7683,NULL)",DB,sp_LotEndOnPlc,c05dcd762e4b4b5a99224c48445d7683,2
64527,06/05/2026 13:10:06,INIZIO sp_LotEndOnPlc machine=[c05dcd762e4b4b5a99224c48445d7683] user=[NULL],DB DEBUG,sp_LotEndOnPlc,c05dcd762e4b4b5a99224c48445d7683,3
64528,06/05/2026 13:10:06,INIZIO sp_LotMachineCloseOther machine=[c05dcd762e4b4b5a99224c48445d7683] not_to_close=[ZZZZZZZZZZZZZZZZZZZZZZZZZZZZZZZZZZZZ],DB DEBUG,sp_LotMachineCloseOther,c05dcd762e4b4b5a99224c48445d7683,3
64529,06/05/2026 13:10:06,CHIUDO LOT_MACHINE(lot:f2f622c94fb7407d997fd9bd9493371e;machine:c05dcd762e4b4b5a99224c48445d7683),DB DEBUG,sp_LotMachineCloseOther,c05dcd762e4b4b5a99224c48445d7683,3
64530,06/05/2026 13:10:06,FINE sp_LotMachineCloseOther machine=[c05dcd762e4b4b5a99224c48445d7683] lot_chiusi=[1],DB DEBUG,sp_LotMachineCloseOther,c05dcd762e4b4b5a99224c48445d7683,3
64531,06/05/2026 13:10:06,Azzerato lotto attivo e chiusi lot_machine - line=[fc0ef60c8da844d5a531b293ac0b857b],DB DEBUG,sp_LotEndOnPlc,c05dcd762e4b4b5a99224c48445d7683,3
64532,06/05/2026 13:10:06,Elaboro lotti in coda per linea=fc0ef60c8da844d5a531b293ac0b857b,DB DEBUG,fe_LineSetNextLot,fc0ef60c8da844d5a531b293ac0b857b,3
64533,06/05/2026 13:10:06,FINE sp_LotEndOnPlc machine=[c05dcd762e4b4b5a99224c48445d7683],DB DEBUG,sp_LotEndOnPlc,c05dcd762e4b4b5a99224c48445d7683,3
64862,06/05/2026 13:12:19,ROWS CREATED/UPDATED 328; LOT: 74c044b07a5e4e89bce1b3f2fa6e2591; RECIPE: 35a76e25bee144578b8d41543ae911fd,DB,fe_LotRecipeRowCheckCreateByRecipe,c05dcd762e4b4b5a99224c48445d7683,0
64861,06/05/2026 13:12:19,INSERT in LOT_RECIPE_ROW TAG: [GI4_RECIPE_Data_OP10_PTL_14_Description] value: [] (FROM RECIPE_ROW) recipeId: [35a76e25bee144578b8d41543ae911fd] tagID=[ff5f86aa8935495ebafe9cc8a04f010d] set TAG_NEW=0,DB DEBUG,fe_LotRecipeRowCheckCreateByRecipe,c05dcd762e4b4b5a99224c48445d7683,3
64860,06/05/2026 13:12:19,INSERT in LOT_RECIPE_ROW TAG: [GI4_RECIPE_Data_OP30_PTL_20_CellUnion] value: [0] (FROM RECIPE_ROW) recipeId: [35a76e25bee144578b8d41543ae911fd] tagID=[fce237bc68594e2eabdc6cb046c16942] set TAG_NEW=0,DB DEBUG,fe_LotRecipeRowCheckCreateByRecipe,c05dcd762e4b4b5a99224c48445d7683,3
64859,06/05/2026 13:12:19,INSERT in LOT_RECIPE_ROW TAG: [GI4_RECIPE_Data_OP30_PTL_13_Description] value: [SPINA COLL. D.8x15 sim. UNI E] (FROM RECIPE_ROW) recipeId: [35a76e25bee144578b8d41543ae911fd] tagID=[fc7c0d2bb0404817a3b5522808550b35] set TAG_NEW=0,DB DEBUG,fe_LotRecipeRowCheckCreateByRecipe,c05dcd762e4b4b5a99224c48445d7683,3
64858,06/05/2026 13:12:19,INSERT in LOT_RECIPE_ROW TAG: [GI4_RECIPE_Data_OP30_PTL_9_PartNumber] value: [313.0039.1.00] (FROM RECIPE_ROW) recipeId: [35a76e25bee144578b8d41543ae911fd] tagID=[fc2257a112b54dc2a793c18e6f620bae] set TAG_NEW=0,DB DEBUG,fe_LotRecipeRowCheckCreateByRecipe,c05dcd762e4b4b5a99224c48445d7683,3
64857,06/05/2026 13:12:19,INSERT in LOT_RECIPE_ROW TAG: [GI4_RECIPE_Data_OP30_PTL_18_Qta] value: [0] (FROM RECIPE_ROW) recipeId: [35a76e25bee144578b8d41543ae911fd] tagID=[fbaa718a6f79489791c6078feeef72b7] set TAG_NEW=0,DB DEBUG,fe_LotRecipeRowCheckCreateByRecipe,c05dcd762e4b4b5a99224c48445d7683,3
64856,06/05/2026 13:12:19,INSERT in LOT_RECIPE_ROW TAG: [GI4_RECIPE_Data_OP10_PTL_31_Cell] value: [0] (FROM RECIPE_ROW) recipeId: [35a76e25bee144578b8d41543ae911fd] tagID=[fb8d0c02ebab45d2bc0d2c8de4d6a79c] set TAG_NEW=0,DB DEBUG,fe_LotRecipeRowCheckCreateByRecipe,c05dcd762e4b4b5a99224c48445d7683,3
64855,06/05/2026 13:12:19,INSERT in LOT_RECIPE_ROW TAG: [GI4_RECIPE_Data_OP10_PTL_20_Description] value: [] (FROM RECIPE_ROW) recipeId: [35a76e25bee144578b8d41543ae911fd] tagID=[fa48aff35e18435bad4be161c3272962] set TAG_NEW=0,DB DEBUG,fe_LotRecipeRowCheckCreateByRecipe,c05dcd762e4b4b5a99224c48445d7683,3
64854,06/05/2026 13:12:19,INSERT in LOT_RECIPE_ROW TAG: [GI4_RECIPE_Data_OP10_PTL_29_PartNumber] value: [] (FROM RECIPE_ROW) recipeId: [35a76e25bee144578b8d41543ae911fd] tagID=[f862b30adadf4701af27264d8f168a33] set TAG_NEW=0,DB DEBUG,fe_LotRecipeRowCheckCreateByRecipe,c05dcd762e4b4b5a99224c48445d7683,3
64853,06/05/2026 13:12:19,INSERT in LOT_RECIPE_ROW TAG: [GI4_RECIPE_Data_OP30_PTL_1_Cell] value: [0] (FROM RECIPE_ROW) recipeId: [35a76e25bee144578b8d41543ae911fd] tagID=[f7bf91d82ec84d33a1063238fb891ff0] set TAG_NEW=0,DB DEBUG,fe_LotRecipeRowCheckCreateByRecipe,c05dcd762e4b4b5a99224c48445d7683,3
64852,06/05/2026 13:12:19,INSERT in LOT_RECIPE_ROW TAG: [GI4_RECIPE_Data_OP10_PTL_6_PartNumber] value: [5011.31.2215] (FROM RECIPE_ROW) recipeId: [35a76e25bee144578b8d41543ae911fd] tagID=[f7ab839aa8ad49d8a42784dccb4de06a] set TAG_NEW=0,DB DEBUG,fe_LotRecipeRowCheckCreateByRecipe,c05dcd762e4b4b5a99224c48445d7683,3
64851,06/05/2026 13:12:19,INSERT in LOT_RECIPE_ROW TAG: [GI4_RECIPE_Data_OP10_PTL_26_PartNumber] value: [] (FROM RECIPE_ROW) recipeId: [35a76e25bee144578b8d41543ae911fd] tagID=[f776a20b0ffa4196ac72dd0cd1592556] set TAG_NEW=0,DB DEBUG,fe_LotRecipeRowCheckCreateByRecipe,c05dcd762e4b4b5a99224c48445d7683,3
64850,06/05/2026 13:12:19,INSERT in LOT_RECIPE_ROW TAG: [GI4_RECIPE_Data_OP10_PTL_26_Qta] value: [0] (FROM RECIPE_ROW) recipeId: [35a76e25bee144578b8d41543ae911fd] tagID=[f75b5630895645378efe2bc6b6c0414b] set TAG_NEW=0,DB DEBUG,fe_LotRecipeRowCheckCreateByRecipe,c05dcd762e4b4b5a99224c48445d7683,3
64849,06/05/2026 13:12:19,INSERT in LOT_RECIPE_ROW TAG: [GI4_RECIPE_Data_OP10_PTL_26_Description] value: [] (FROM RECIPE_ROW) recipeId: [35a76e25bee144578b8d41543ae911fd] tagID=[f69107804d514517aedb88aed8771094] set TAG_NEW=0,DB DEBUG,fe_LotRecipeRowCheckCreateByRecipe,c05dcd762e4b4b5a99224c48445d7683,3
64848,06/05/2026 13:12:19,INSERT in LOT_RECIPE_ROW TAG: [GI4_RECIPE_Data_OP10_PTL_32_CellUnion] value: [0] (FROM RECIPE_ROW) recipeId: [35a76e25bee144578b8d41543ae911fd] tagID=[f63566928b984caca3d9e3cd128949aa] set TAG_NEW=0,DB DEBUG,fe_LotRecipeRowCheckCreateByRecipe,c05dcd762e4b4b5a99224c48445d7683,3
64847,06/05/2026 13:12:19,INSERT in LOT_RECIPE_ROW TAG: [GI4_RECIPE_Data_OP30_PTL_3_Qta] value: [15] (FROM RECIPE_ROW) recipeId: [35a76e25bee144578b8d41543ae911fd] tagID=[f5092d456a0f4d6ba72d15f5021c30ef] set TAG_NEW=0,DB DEBUG,fe_LotRecipeRowCheckCreateByRecipe,c05dcd762e4b4b5a99224c48445d7683,3
64846,06/05/2026 13:12:19,INSERT in LOT_RECIPE_ROW TAG: [GI4_RECIPE_Data_OP10_PTL_26_CellUnion] value: [0] (FROM RECIPE_ROW) recipeId: [35a76e25bee144578b8d41543ae911fd] tagID=[f4f9c7bc80fd4159a647f1e0df6999c4] set TAG_NEW=0,DB DEBUG,fe_LotRecipeRowCheckCreateByRecipe,c05dcd762e4b4b5a99224c48445d7683,3
64845,06/05/2026 13:12:19,INSERT in LOT_RECIPE_ROW TAG: [GI4_RECIPE_Data_OP10_PTL_13_CellUnion] value: [0] (FROM RECIPE_ROW) recipeId: [35a76e25bee144578b8d41543ae911fd] tagID=[f3e3235d2d9a43498727f0d3bb6d5813] set TAG_NEW=0,DB DEBUG,fe_LotRecipeRowCheckCreateByRecipe,c05dcd762e4b4b5a99224c48445d7683,3
64844,06/05/2026 13:12:19,INSERT in LOT_RECIPE_ROW TAG: [GI4_RECIPE_Data_OP10_PTL_32_PartNumber] value: [] (FROM RECIPE_ROW) recipeId: [35a76e25bee144578b8d41543ae911fd] tagID=[f3b7aa068e2046828472c6595f30f660] set TAG_NEW=0,DB DEBUG,fe_LotRecipeRowCheckCreateByRecipe,c05dcd762e4b4b5a99224c48445d7683,3
64843,06/05/2026 13:12:19,INSERT in LOT_RECIPE_ROW TAG: [GI4_RECIPE_Data_OP10_PTL_8_Description] value: [] (FROM RECIPE_ROW) recipeId: [35a76e25bee144578b8d41543ae911fd] tagID=[f30a2cf393c54c92ad6ec87a9e19aaf9] set TAG_NEW=0,DB DEBUG,fe_LotRecipeRowCheckCreateByRecipe,c05dcd762e4b4b5a99224c48445d7683,3
64842,06/05/2026 13:12:19,INSERT in LOT_RECIPE_ROW TAG: [GI4_RECIPE_Data_OP10_PTL_28_CellUnion] value: [0] (FROM RECIPE_ROW) recipeId: [35a76e25bee144578b8d41543ae911fd] tagID=[f2416656c6b64e1a8857ca7db5455647] set TAG_NEW=0,DB DEBUG,fe_LotRecipeRowCheckCreateByRecipe,c05dcd762e4b4b5a99224c48445d7683,3
64841,06/05/2026 13:12:19,INSERT in LOT_RECIPE_ROW TAG: [GI4_RECIPE_Data_OP30_PTL_21_CellUnion] value: [0] (FROM RECIPE_ROW) recipeId: [35a76e25bee144578b8d41543ae911fd] tagID=[f217397b0b5d4df680453eaa9e1e66c2] set TAG_NEW=0,DB DEBUG,fe_LotRecipeRowCheckCreateByRecipe,c05dcd762e4b4b5a99224c48445d7683,3
64840,06/05/2026 13:12:19,INSERT in LOT_RECIPE_ROW TAG: [GI4_RECIPE_Data_QtaDone] value: [0] (FROM RECIPE_ROW) recipeId: [35a76e25bee144578b8d41543ae911fd] tagID=[f190a4c4537840aea6df363fd513026a] set TAG_NEW=0,DB DEBUG,fe_LotRecipeRowCheckCreateByRecipe,c05dcd762e4b4b5a99224c48445d7683,3
64839,06/05/2026 13:12:19,INSERT in LOT_RECIPE_ROW TAG: [GI4_RECIPE_Data_OP30_PTL_23_Description] value: [] (FROM RECIPE_ROW) recipeId: [35a76e25bee144578b8d41543ae911fd] tagID=[f05cf5b190ad44a4aa74be67b4f47a4e] set TAG_NEW=0,DB DEBUG,fe_LotRecipeRowCheckCreateByRecipe,c05dcd762e4b4b5a99224c48445d7683,3
64838,06/05/2026 13:12:19,INSERT in LOT_RECIPE_ROW TAG: [GI4_RECIPE_Data_OP10_PTL_14_Cell] value: [0] (FROM RECIPE_ROW) recipeId: [35a76e25bee144578b8d41543ae911fd] tagID=[ef973a2153a9457f819f04821531200a] set TAG_NEW=0,DB DEBUG,fe_LotRecipeRowCheckCreateByRecipe,c05dcd762e4b4b5a99224c48445d7683,3
64837,06/05/2026 13:12:19,INSERT in LOT_RECIPE_ROW TAG: [GI4_RECIPE_Data_OP30_PTL_28_CellUnion] value: [0] (FROM RECIPE_ROW) recipeId: [35a76e25bee144578b8d41543ae911fd] tagID=[edad4e2a28f54d41ad667d29dcbad1cc] set TAG_NEW=0,DB DEBUG,fe_LotRecipeRowCheckCreateByRecipe,c05dcd762e4b4b5a99224c48445d7683,3
64836,06/05/2026 13:12:19,INSERT in LOT_RECIPE_ROW TAG: [GI4_RECIPE_Data_OP10_PTL_3_Description] value: [GUAR.DI CONT. BOCC.SNP3] (FROM RECIPE_ROW) recipeId: [35a76e25bee144578b8d41543ae911fd] tagID=[ed4ebb4df0674166b847678c553a27d8] set TAG_NEW=0,DB DEBUG,fe_LotRecipeRowCheckCreateByRecipe,c05dcd762e4b4b5a99224c48445d7683,3
64835,06/05/2026 13:12:19,INSERT in LOT_RECIPE_ROW TAG: [GI4_RECIPE_Data_OP10_PTL_23_Description] value: [] (FROM RECIPE_ROW) recipeId: [35a76e25bee144578b8d41543ae911fd] tagID=[ed37b1d14e694e758a7f79cafc355cf4] set TAG_NEW=0,DB DEBUG,fe_LotRecipeRowCheckCreateByRecipe,c05dcd762e4b4b5a99224c48445d7683,3
64834,06/05/2026 13:12:19,INSERT in LOT_RECIPE_ROW TAG: [GI4_RECIPE_Data_OP30_PTL_17_Qta] value: [0] (FROM RECIPE_ROW) recipeId: [35a76e25bee144578b8d41543ae911fd] tagID=[ed0f4ff5e80b483abd0c4e253163a0d0] set TAG_NEW=0,DB DEBUG,fe_LotRecipeRowCheckCreateByRecipe,c05dcd762e4b4b5a99224c48445d7683,3
64833,06/05/2026 13:12:19,INSERT in LOT_RECIPE_ROW TAG: [GI4_RECIPE_Data_OP30_PTL_29_CellUnion] value: [0] (FROM RECIPE_ROW) recipeId: [35a76e25bee144578b8d41543ae911fd] tagID=[eb3f3c74f10049cb84bd30a9ebfe909f] set TAG_NEW=0,DB DEBUG,fe_LotRecipeRowCheckCreateByRecipe,c05dcd762e4b4b5a99224c48445d7683,3
64832,06/05/2026 13:12:19,INSERT in LOT_RECIPE_ROW TAG: [GI4_RECIPE_Data_OP10_PTL_25_Description] value: [] (FROM RECIPE_ROW) recipeId: [35a76e25bee144578b8d41543ae911fd] tagID=[eb1be58597a84e53bec0e1de8479f201] set TAG_NEW=0,DB DEBUG,fe_LotRecipeRowCheckCreateByRecipe,c05dcd762e4b4b5a99224c48445d7683,3
64831,06/05/2026 13:12:19,INSERT in LOT_RECIPE_ROW TAG: [GI4_RECIPE_Data_OP10_PTL_17_Cell] value: [0] (FROM RECIPE_ROW) recipeId: [35a76e25bee144578b8d41543ae911fd] tagID=[eae39ac2a01746088c87bc2efe8043ce] set TAG_NEW=0,DB DEBUG,fe_LotRecipeRowCheckCreateByRecipe,c05dcd762e4b4b5a99224c48445d7683,3
64830,06/05/2026 13:12:19,INSERT in LOT_RECIPE_ROW TAG: [GI4_RECIPE_Data_OP10_PTL_24_PartNumber] value: [] (FROM RECIPE_ROW) recipeId: [35a76e25bee144578b8d41543ae911fd] tagID=[ea551020792c43dfa88a235f4fe51bcf] set TAG_NEW=0,DB DEBUG,fe_LotRecipeRowCheckCreateByRecipe,c05dcd762e4b4b5a99224c48445d7683,3
64829,06/05/2026 13:12:19,INSERT in LOT_RECIPE_ROW TAG: [GI4_RECIPE_Data_OP30_PTL_25_Qta] value: [0] (FROM RECIPE_ROW) recipeId: [35a76e25bee144578b8d41543ae911fd] tagID=[ea0cd52f94d0490b8c3a6dd3b39af23d] set TAG_NEW=0,DB DEBUG,fe_LotRecipeRowCheckCreateByRecipe,c05dcd762e4b4b5a99224c48445d7683,3
64828,06/05/2026 13:12:19,INSERT in LOT_RECIPE_ROW TAG: [GI4_RECIPE_Data_OP10_PTL_23_Cell] value: [0] (FROM RECIPE_ROW) recipeId: [35a76e25bee144578b8d41543ae911fd] tagID=[e8258d79246e48ee99ea01457b4c60ff] set TAG_NEW=0,DB DEBUG,fe_LotRecipeRowCheckCreateByRecipe,c05dcd762e4b4b5a99224c48445d7683,3
64827,06/05/2026 13:12:19,INSERT in LOT_RECIPE_ROW TAG: [GI4_RECIPE_Data_OP30_PTL_5_Description] value: [TAPPO PER FORO DIAM. 20] (FROM RECIPE_ROW) recipeId: [35a76e25bee144578b8d41543ae911fd] tagID=[e53c254a4d5645ba96ad637a909db04d] set TAG_NEW=0,DB DEBUG,fe_LotRecipeRowCheckCreateByRecipe,c05dcd762e4b4b5a99224c48445d7683,3
64826,06/05/2026 13:12:19,INSERT in LOT_RECIPE_ROW TAG: [GI4_RECIPE_Data_OP10_PTL_5_CellUnion] value: [0] (FROM RECIPE_ROW) recipeId: [35a76e25bee144578b8d41543ae911fd] tagID=[e36cb249a51144fcab3b255cd363eb04] set TAG_NEW=0,DB DEBUG,fe_LotRecipeRowCheckCreateByRecipe,c05dcd762e4b4b5a99224c48445d7683,3
64825,06/05/2026 13:12:19,INSERT in LOT_RECIPE_ROW TAG: [GI4_RECIPE_Data_OP10_PTL_21_Cell] value: [0] (FROM RECIPE_ROW) recipeId: [35a76e25bee144578b8d41543ae911fd] tagID=[e306e5db0b134cbfbb4d284cc8112e52] set TAG_NEW=0,DB DEBUG,fe_LotRecipeRowCheckCreateByRecipe,c05dcd762e4b4b5a99224c48445d7683,3
64824,06/05/2026 13:12:19,INSERT in LOT_RECIPE_ROW TAG: [GI4_RECIPE_Data_OP30_PTL_26_Description] value: [] (FROM RECIPE_ROW) recipeId: [35a76e25bee144578b8d41543ae911fd] tagID=[e2c718d710ce489dbf803fba340ebaab] set TAG_NEW=0,DB DEBUG,fe_LotRecipeRowCheckCreateByRecipe,c05dcd762e4b4b5a99224c48445d7683,3
64823,06/05/2026 13:12:19,INSERT in LOT_RECIPE_ROW TAG: [GI4_RECIPE_Data_OP30_PTL_12_Qta] value: [7] (FROM RECIPE_ROW) recipeId: [35a76e25bee144578b8d41543ae911fd] tagID=[e272e191e59948aeb7ea87968fe68743] set TAG_NEW=0,DB DEBUG,fe_LotRecipeRowCheckCreateByRecipe,c05dcd762e4b4b5a99224c48445d7683,3
64822,06/05/2026 13:12:19,INSERT in LOT_RECIPE_ROW TAG: [GI4_RECIPE_Data_OP10_PTL_1_CellUnion] value: [0] (FROM RECIPE_ROW) recipeId: [35a76e25bee144578b8d41543ae911fd] tagID=[e1dd704bed0c4c08ad13ea939bcc6975] set TAG_NEW=0,DB DEBUG,fe_LotRecipeRowCheckCreateByRecipe,c05dcd762e4b4b5a99224c48445d7683,3
64821,06/05/2026 13:12:19,INSERT in LOT_RECIPE_ROW TAG: [GI4_RECIPE_Data_OP30_PTL_15_CellUnion] value: [0] (FROM RECIPE_ROW) recipeId: [35a76e25bee144578b8d41543ae911fd] tagID=[e13820d1064248a4b2b45a7155a439a0] set TAG_NEW=0,DB DEBUG,fe_LotRecipeRowCheckCreateByRecipe,c05dcd762e4b4b5a99224c48445d7683,3
64820,06/05/2026 13:12:19,INSERT in LOT_RECIPE_ROW TAG: [GI4_RECIPE_Data_OP10_PTL_19_Cell] value: [0] (FROM RECIPE_ROW) recipeId: [35a76e25bee144578b8d41543ae911fd] tagID=[e02f1c7cc4bf4a7aa41fde139a74426e] set TAG_NEW=0,DB DEBUG,fe_LotRecipeRowCheckCreateByRecipe,c05dcd762e4b4b5a99224c48445d7683,3
64819,06/05/2026 13:12:19,INSERT in LOT_RECIPE_ROW TAG: [GI4_RECIPE_Data_OP30_PTL_7_PartNumber] value: [5009.01.0034] (FROM RECIPE_ROW) recipeId: [35a76e25bee144578b8d41543ae911fd] tagID=[dfbda0b35a5c49b8819953f342e53512] set TAG_NEW=0,DB DEBUG,fe_LotRecipeRowCheckCreateByRecipe,c05dcd762e4b4b5a99224c48445d7683,3
64818,06/05/2026 13:12:19,INSERT in LOT_RECIPE_ROW TAG: [GI4_RECIPE_Data_OP10_PTL_21_PartNumber] value: [] (FROM RECIPE_ROW) recipeId: [35a76e25bee144578b8d41543ae911fd] tagID=[ddde32e8bc294db885e8931257aace8c] set TAG_NEW=0,DB DEBUG,fe_LotRecipeRowCheckCreateByRecipe,c05dcd762e4b4b5a99224c48445d7683,3
64817,06/05/2026 13:12:19,INSERT in LOT_RECIPE_ROW TAG: [GI4_RECIPE_Data_OP30_PTL_25_PartNumber] value: [] (FROM RECIPE_ROW) recipeId: [35a76e25bee144578b8d41543ae911fd] tagID=[dd870214849b4005b0ff08e88a4f2cdb] set TAG_NEW=0,DB DEBUG,fe_LotRecipeRowCheckCreateByRecipe,c05dcd762e4b4b5a99224c48445d7683,3
64816,06/05/2026 13:12:19,INSERT in LOT_RECIPE_ROW TAG: [GI4_RECIPE_Data_OP30_PTL_17_PartNumber] value: [] (FROM RECIPE_ROW) recipeId: [35a76e25bee144578b8d41543ae911fd] tagID=[dc6d34d72e764dc39923d42256ea925e] set TAG_NEW=0,DB DEBUG,fe_LotRecipeRowCheckCreateByRecipe,c05dcd762e4b4b5a99224c48445d7683,3
64815,06/05/2026 13:12:19,INSERT in LOT_RECIPE_ROW TAG: [GI4_RECIPE_Data_OP30_PTL_31_Qta] value: [0] (FROM RECIPE_ROW) recipeId: [35a76e25bee144578b8d41543ae911fd] tagID=[db61411464a54b4d95d9485a139665b8] set TAG_NEW=0,DB DEBUG,fe_LotRecipeRowCheckCreateByRecipe,c05dcd762e4b4b5a99224c48445d7683,3
64814,06/05/2026 13:12:19,INSERT in LOT_RECIPE_ROW TAG: [GI4_RECIPE_Data_OP10_PTL_7_Cell] value: [13] (FROM RECIPE_ROW) recipeId: [35a76e25bee144578b8d41543ae911fd] tagID=[db50e99aa2c24f838f434a2528b515a5] set TAG_NEW=0,DB DEBUG,fe_LotRecipeRowCheckCreateByRecipe,c05dcd762e4b4b5a99224c48445d7683,3
64813,06/05/2026 13:12:19,INSERT in LOT_RECIPE_ROW TAG: [GI4_RECIPE_Data_OP10_PTL_32_Description] value: [] (FROM RECIPE_ROW) recipeId: [35a76e25bee144578b8d41543ae911fd] tagID=[db26141f0c364bf58cbb64cb2ffbb1b7] set TAG_NEW=0,DB DEBUG,fe_LotRecipeRowCheckCreateByRecipe,c05dcd762e4b4b5a99224c48445d7683,3
64812,06/05/2026 13:12:19,INSERT in LOT_RECIPE_ROW TAG: [GI4_RECIPE_Data_OP30_PTL_4_PartNumber] value: [315.0017.0.00] (FROM RECIPE_ROW) recipeId: [35a76e25bee144578b8d41543ae911fd] tagID=[db25e4537dce4403bb74d9bd31294088] set TAG_NEW=0,DB DEBUG,fe_LotRecipeRowCheckCreateByRecipe,c05dcd762e4b4b5a99224c48445d7683,3
64811,06/05/2026 13:12:19,INSERT in LOT_RECIPE_ROW TAG: [GI4_RECIPE_Data_OP10_PTL_18_Qta] value: [0] (FROM RECIPE_ROW) recipeId: [35a76e25bee144578b8d41543ae911fd] tagID=[da9bdbf7d2d8445dbc0074564ae9e5d2] set TAG_NEW=0,DB DEBUG,fe_LotRecipeRowCheckCreateByRecipe,c05dcd762e4b4b5a99224c48445d7683,3
64810,06/05/2026 13:12:19,INSERT in LOT_RECIPE_ROW TAG: [GI4_RECIPE_Data_OP30_PTL_21_PartNumber] value: [] (FROM RECIPE_ROW) recipeId: [35a76e25bee144578b8d41543ae911fd] tagID=[d9503fc762da49519d6310f41e4542a7] set TAG_NEW=0,DB DEBUG,fe_LotRecipeRowCheckCreateByRecipe,c05dcd762e4b4b5a99224c48445d7683,3
64809,06/05/2026 13:12:19,INSERT in LOT_RECIPE_ROW TAG: [GI4_RECIPE_Data_OP30_PTL_26_Cell] value: [0] (FROM RECIPE_ROW) recipeId: [35a76e25bee144578b8d41543ae911fd] tagID=[d8cbe6e09d32402d928fc658dc0fd7af] set TAG_NEW=0,DB DEBUG,fe_LotRecipeRowCheckCreateByRecipe,c05dcd762e4b4b5a99224c48445d7683,3
64808,06/05/2026 13:12:19,INSERT in LOT_RECIPE_ROW TAG: [GI4_RECIPE_Data_OP10_PTL_9_Description] value: [] (FROM RECIPE_ROW) recipeId: [35a76e25bee144578b8d41543ae911fd] tagID=[d8a1593280024ca8bcb63d18648172c0] set TAG_NEW=0,DB DEBUG,fe_LotRecipeRowCheckCreateByRecipe,c05dcd762e4b4b5a99224c48445d7683,3
64807,06/05/2026 13:12:19,INSERT in LOT_RECIPE_ROW TAG: [GI4_RECIPE_Data_OP30_PTL_6_Qta] value: [15] (FROM RECIPE_ROW) recipeId: [35a76e25bee144578b8d41543ae911fd] tagID=[d8586c93e6cf42cf8b806d67a901041c] set TAG_NEW=0,DB DEBUG,fe_LotRecipeRowCheckCreateByRecipe,c05dcd762e4b4b5a99224c48445d7683,3
64806,06/05/2026 13:12:19,INSERT in LOT_RECIPE_ROW TAG: [GI4_RECIPE_Data_OP30_PTL_4_Cell] value: [0] (FROM RECIPE_ROW) recipeId: [35a76e25bee144578b8d41543ae911fd] tagID=[d82e322e3913451fbedf33e5d18a7ec3] set TAG_NEW=0,DB DEBUG,fe_LotRecipeRowCheckCreateByRecipe,c05dcd762e4b4b5a99224c48445d7683,3
64805,06/05/2026 13:12:19,INSERT in LOT_RECIPE_ROW TAG: [GI4_RECIPE_Data_OP10_PTL_5_Cell] value: [27] (FROM RECIPE_ROW) recipeId: [35a76e25bee144578b8d41543ae911fd] tagID=[d666969d2ef44fd2ae1aba775b049a59] set TAG_NEW=0,DB DEBUG,fe_LotRecipeRowCheckCreateByRecipe,c05dcd762e4b4b5a99224c48445d7683,3
64804,06/05/2026 13:12:19,INSERT in LOT_RECIPE_ROW TAG: [GI4_RECIPE_Data_OP30_PTL_1_Qta] value: [15] (FROM RECIPE_ROW) recipeId: [35a76e25bee144578b8d41543ae911fd] tagID=[d65957a68f104b35b957c4a45caf82c7] set TAG_NEW=0,DB DEBUG,fe_LotRecipeRowCheckCreateByRecipe,c05dcd762e4b4b5a99224c48445d7683,3
64803,06/05/2026 13:12:19,INSERT in LOT_RECIPE_ROW TAG: [GI4_RECIPE_Data_OP10_PTL_1_Description] value: [GUAR.BILANC.PIASTRA SNP3] (FROM RECIPE_ROW) recipeId: [35a76e25bee144578b8d41543ae911fd] tagID=[d6291a14f33944dfa23f56376299e43c] set TAG_NEW=0,DB DEBUG,fe_LotRecipeRowCheckCreateByRecipe,c05dcd762e4b4b5a99224c48445d7683,3
64802,06/05/2026 13:12:19,INSERT in LOT_RECIPE_ROW TAG: [GI4_RECIPE_Data_ScrewProgram] value: [1] (FROM RECIPE_ROW) recipeId: [35a76e25bee144578b8d41543ae911fd] tagID=[d512b9acdfc144c5a79d23a266dcbe3d] set TAG_NEW=0,DB DEBUG,fe_LotRecipeRowCheckCreateByRecipe,c05dcd762e4b4b5a99224c48445d7683,3
64801,06/05/2026 13:12:19,INSERT in LOT_RECIPE_ROW TAG: [GI4_RECIPE_Data_OP30_PTL_22_CellUnion] value: [0] (FROM RECIPE_ROW) recipeId: [35a76e25bee144578b8d41543ae911fd] tagID=[d4e0ceda11944ed7b53cc2a99755b63e] set TAG_NEW=0,DB DEBUG,fe_LotRecipeRowCheckCreateByRecipe,c05dcd762e4b4b5a99224c48445d7683,3
64800,06/05/2026 13:12:19,INSERT in LOT_RECIPE_ROW TAG: [GI4_RECIPE_Data_OP30_PTL_16_Description] value: [] (FROM RECIPE_ROW) recipeId: [35a76e25bee144578b8d41543ae911fd] tagID=[d4dd1b0e36854cb0b97ca5a2083a5e97] set TAG_NEW=0,DB DEBUG,fe_LotRecipeRowCheckCreateByRecipe,c05dcd762e4b4b5a99224c48445d7683,3
64799,06/05/2026 13:12:19,INSERT in LOT_RECIPE_ROW TAG: [GI4_RECIPE_Data_OP30_PTL_27_CellUnion] value: [0] (FROM RECIPE_ROW) recipeId: [35a76e25bee144578b8d41543ae911fd] tagID=[d4777004cf6048599c737b7fe2ffa0ef] set TAG_NEW=0,DB DEBUG,fe_LotRecipeRowCheckCreateByRecipe,c05dcd762e4b4b5a99224c48445d7683,3
64798,06/05/2026 13:12:19,INSERT in LOT_RECIPE_ROW TAG: [GI4_RECIPE_Data_OP30_PTL_23_Cell] value: [0] (FROM RECIPE_ROW) recipeId: [35a76e25bee144578b8d41543ae911fd] tagID=[d400b964d19e4cce8117ab1651d779af] set TAG_NEW=0,DB DEBUG,fe_LotRecipeRowCheckCreateByRecipe,c05dcd762e4b4b5a99224c48445d7683,3
64797,06/05/2026 13:12:19,INSERT in LOT_RECIPE_ROW TAG: [GI4_RECIPE_Data_OP30_PTL_5_PartNumber] value: [5009.01.0004] (FROM RECIPE_ROW) recipeId: [35a76e25bee144578b8d41543ae911fd] tagID=[d3ef201d06a94d69bb216c88bf4a33ea] set TAG_NEW=0,DB DEBUG,fe_LotRecipeRowCheckCreateByRecipe,c05dcd762e4b4b5a99224c48445d7683,3
64796,06/05/2026 13:12:19,INSERT in LOT_RECIPE_ROW TAG: [GI4_RECIPE_Data_OP10_PTL_7_Qta] value: [7] (FROM RECIPE_ROW) recipeId: [35a76e25bee144578b8d41543ae911fd] tagID=[d25c3d47b2b94538ba9fac551fd3af4b] set TAG_NEW=0,DB DEBUG,fe_LotRecipeRowCheckCreateByRecipe,c05dcd762e4b4b5a99224c48445d7683,3
64795,06/05/2026 13:12:19,INSERT in LOT_RECIPE_ROW TAG: [GI4_RECIPE_Data_OP30_PTL_19_Qta] value: [0] (FROM RECIPE_ROW) recipeId: [35a76e25bee144578b8d41543ae911fd] tagID=[d20b05552f07497ebda26ccb177f2dbc] set TAG_NEW=0,DB DEBUG,fe_LotRecipeRowCheckCreateByRecipe,c05dcd762e4b4b5a99224c48445d7683,3
64794,06/05/2026 13:12:19,INSERT in LOT_RECIPE_ROW TAG: [GI4_RECIPE_Data_OP30_PTL_18_Cell] value: [0] (FROM RECIPE_ROW) recipeId: [35a76e25bee144578b8d41543ae911fd] tagID=[d1fb08f8dfe8459ca943cb806aafa3d7] set TAG_NEW=0,DB DEBUG,fe_LotRecipeRowCheckCreateByRecipe,c05dcd762e4b4b5a99224c48445d7683,3
64793,06/05/2026 13:12:19,INSERT in LOT_RECIPE_ROW TAG: [GI4_RECIPE_Data_OP30_PTL_16_Cell] value: [0] (FROM RECIPE_ROW) recipeId: [35a76e25bee144578b8d41543ae911fd] tagID=[d123070cd4a345bc89bf30fe22794bc1] set TAG_NEW=0,DB DEBUG,fe_LotRecipeRowCheckCreateByRecipe,c05dcd762e4b4b5a99224c48445d7683,3
64792,06/05/2026 13:12:19,INSERT in LOT_RECIPE_ROW TAG: [GI4_RECIPE_Data_OP10_PTL_11_Description] value: [] (FROM RECIPE_ROW) recipeId: [35a76e25bee144578b8d41543ae911fd] tagID=[cf808fdffd77430f9cf3082bfd2699df] set TAG_NEW=0,DB DEBUG,fe_LotRecipeRowCheckCreateByRecipe,c05dcd762e4b4b5a99224c48445d7683,3
64791,06/05/2026 13:12:19,INSERT in LOT_RECIPE_ROW TAG: [GI4_RECIPE_Data_OP10_PTL_11_Qta] value: [0] (FROM RECIPE_ROW) recipeId: [35a76e25bee144578b8d41543ae911fd] tagID=[cc8c0e89be2048d186990555b1a44840] set TAG_NEW=0,DB DEBUG,fe_LotRecipeRowCheckCreateByRecipe,c05dcd762e4b4b5a99224c48445d7683,3
64790,06/05/2026 13:12:19,INSERT in LOT_RECIPE_ROW TAG: [GI4_RECIPE_Data_OP30_PTL_22_Description] value: [] (FROM RECIPE_ROW) recipeId: [35a76e25bee144578b8d41543ae911fd] tagID=[cc597808527b4b459e0846ffb02480e1] set TAG_NEW=0,DB DEBUG,fe_LotRecipeRowCheckCreateByRecipe,c05dcd762e4b4b5a99224c48445d7683,3
64789,06/05/2026 13:12:19,INSERT in LOT_RECIPE_ROW TAG: [GI4_RECIPE_Data_OP10_PTL_9_PartNumber] value: [] (FROM RECIPE_ROW) recipeId: [35a76e25bee144578b8d41543ae911fd] tagID=[cbb7678eb3b54ba8a956d341db4ff661] set TAG_NEW=0,DB DEBUG,fe_LotRecipeRowCheckCreateByRecipe,c05dcd762e4b4b5a99224c48445d7683,3
64788,06/05/2026 13:12:19,INSERT in LOT_RECIPE_ROW TAG: [GI4_RECIPE_Data_OP10_PTL_26_Cell] value: [0] (FROM RECIPE_ROW) recipeId: [35a76e25bee144578b8d41543ae911fd] tagID=[cac61cb92d4b40bc984efe67651d8e4e] set TAG_NEW=0,DB DEBUG,fe_LotRecipeRowCheckCreateByRecipe,c05dcd762e4b4b5a99224c48445d7683,3
64787,06/05/2026 13:12:19,INSERT in LOT_RECIPE_ROW TAG: [GI4_RECIPE_Data_OP30_PTL_27_Qta] value: [0] (FROM RECIPE_ROW) recipeId: [35a76e25bee144578b8d41543ae911fd] tagID=[c942d48f7ee4443ba82f2c656dd30ec2] set TAG_NEW=0,DB DEBUG,fe_LotRecipeRowCheckCreateByRecipe,c05dcd762e4b4b5a99224c48445d7683,3
64786,06/05/2026 13:12:19,INSERT in LOT_RECIPE_ROW TAG: [GI4_RECIPE_Data_PartNumber] value: [11278381] (FROM RECIPE_ROW) recipeId: [35a76e25bee144578b8d41543ae911fd] tagID=[c83d6a238f06459f8a8779a32bb67758] set TAG_NEW=0,DB DEBUG,fe_LotRecipeRowCheckCreateByRecipe,c05dcd762e4b4b5a99224c48445d7683,3
64785,06/05/2026 13:12:19,INSERT in LOT_RECIPE_ROW TAG: [GI4_RECIPE_Data_OP30_PTL_22_PartNumber] value: [] (FROM RECIPE_ROW) recipeId: [35a76e25bee144578b8d41543ae911fd] tagID=[c76153368d324d41a1253e0e03e0e7d8] set TAG_NEW=0,DB DEBUG,fe_LotRecipeRowCheckCreateByRecipe,c05dcd762e4b4b5a99224c48445d7683,3
64784,06/05/2026 13:12:19,INSERT in LOT_RECIPE_ROW TAG: [GI4_RECIPE_Data_OP10_PTL_4_PartNumber] value: [MEZZO CORPO] (FROM RECIPE_ROW) recipeId: [35a76e25bee144578b8d41543ae911fd] tagID=[c72ce596a083481fba045f168c9a6b39] set TAG_NEW=0,DB DEBUG,fe_LotRecipeRowCheckCreateByRecipe,c05dcd762e4b4b5a99224c48445d7683,3
64783,06/05/2026 13:12:19,INSERT in LOT_RECIPE_ROW TAG: [GI4_RECIPE_Data_OP10_PTL_30_Description] value: [] (FROM RECIPE_ROW) recipeId: [35a76e25bee144578b8d41543ae911fd] tagID=[c56e92e2122a41b89779605bc0cf4fe5] set TAG_NEW=0,DB DEBUG,fe_LotRecipeRowCheckCreateByRecipe,c05dcd762e4b4b5a99224c48445d7683,3
64782,06/05/2026 13:12:19,INSERT in LOT_RECIPE_ROW TAG: [GI4_RECIPE_Data_OP10_PTL_16_Qta] value: [0] (FROM RECIPE_ROW) recipeId: [35a76e25bee144578b8d41543ae911fd] tagID=[c4e63e6a207546dd9a0d7a51fd7a8467] set TAG_NEW=0,DB DEBUG,fe_LotRecipeRowCheckCreateByRecipe,c05dcd762e4b4b5a99224c48445d7683,3
64781,06/05/2026 13:12:19,INSERT in LOT_RECIPE_ROW TAG: [GI4_RECIPE_Data_OP10_PTL_4_CellUnion] value: [0] (FROM RECIPE_ROW) recipeId: [35a76e25bee144578b8d41543ae911fd] tagID=[c3baf9c71d13472fa6cdaaca86f9002f] set TAG_NEW=0,DB DEBUG,fe_LotRecipeRowCheckCreateByRecipe,c05dcd762e4b4b5a99224c48445d7683,3
64780,06/05/2026 13:12:19,INSERT in LOT_RECIPE_ROW TAG: [GI4_RECIPE_Data_OP30_PTL_32_Description] value: [] (FROM RECIPE_ROW) recipeId: [35a76e25bee144578b8d41543ae911fd] tagID=[c2b389e7b0dd4fa2bddfb6faa78caa2b] set TAG_NEW=0,DB DEBUG,fe_LotRecipeRowCheckCreateByRecipe,c05dcd762e4b4b5a99224c48445d7683,3
64779,06/05/2026 13:12:19,INSERT in LOT_RECIPE_ROW TAG: [GI4_RECIPE_Data_OP30_PTL_18_PartNumber] value: [] (FROM RECIPE_ROW) recipeId: [35a76e25bee144578b8d41543ae911fd] tagID=[c26f43793c1d47c59d1e85e4b3346a7d] set TAG_NEW=0,DB DEBUG,fe_LotRecipeRowCheckCreateByRecipe,c05dcd762e4b4b5a99224c48445d7683,3
64778,06/05/2026 13:12:19,INSERT in LOT_RECIPE_ROW TAG: [GI4_RECIPE_Data_OP10_PTL_29_Description] value: [] (FROM RECIPE_ROW) recipeId: [35a76e25bee144578b8d41543ae911fd] tagID=[c1af14d7f1ab4b289e63457352547ec8] set TAG_NEW=0,DB DEBUG,fe_LotRecipeRowCheckCreateByRecipe,c05dcd762e4b4b5a99224c48445d7683,3
64777,06/05/2026 13:12:19,INSERT in LOT_RECIPE_ROW TAG: [GI4_RECIPE_Data_OP10_PTL_20_PartNumber] value: [] (FROM RECIPE_ROW) recipeId: [35a76e25bee144578b8d41543ae911fd] tagID=[c12fb192e4684af1a0076e569693b60a] set TAG_NEW=0,DB DEBUG,fe_LotRecipeRowCheckCreateByRecipe,c05dcd762e4b4b5a99224c48445d7683,3
64776,06/05/2026 13:12:19,INSERT in LOT_RECIPE_ROW TAG: [GI4_RECIPE_Data_OP30_PTL_10_Description] value: [GUAR.DI CONT. BOCC.SNP3] (FROM RECIPE_ROW) recipeId: [35a76e25bee144578b8d41543ae911fd] tagID=[c106b0472bc946af8adb552982d35391] set TAG_NEW=0,DB DEBUG,fe_LotRecipeRowCheckCreateByRecipe,c05dcd762e4b4b5a99224c48445d7683,3
64775,06/05/2026 13:12:19,INSERT in LOT_RECIPE_ROW TAG: [GI4_RECIPE_Data_OP10_PTL_17_Description] value: [] (FROM RECIPE_ROW) recipeId: [35a76e25bee144578b8d41543ae911fd] tagID=[c070a6bd45634e6cb48e3f33257074a4] set TAG_NEW=0,DB DEBUG,fe_LotRecipeRowCheckCreateByRecipe,c05dcd762e4b4b5a99224c48445d7683,3
64774,06/05/2026 13:12:19,INSERT in LOT_RECIPE_ROW TAG: [GI4_RECIPE_Data_OP10_PTL_2_Cell] value: [22] (FROM RECIPE_ROW) recipeId: [35a76e25bee144578b8d41543ae911fd] tagID=[bf8911c5ef4d46cca50bc6607b301bcb] set TAG_NEW=0,DB DEBUG,fe_LotRecipeRowCheckCreateByRecipe,c05dcd762e4b4b5a99224c48445d7683,3
64773,06/05/2026 13:12:19,INSERT in LOT_RECIPE_ROW TAG: [GI4_RECIPE_Data_OP30_PTL_31_PartNumber] value: [] (FROM RECIPE_ROW) recipeId: [35a76e25bee144578b8d41543ae911fd] tagID=[be5401d776254fb491ba083fe0c2c746] set TAG_NEW=0,DB DEBUG,fe_LotRecipeRowCheckCreateByRecipe,c05dcd762e4b4b5a99224c48445d7683,3
64772,06/05/2026 13:12:19,INSERT in LOT_RECIPE_ROW TAG: [GI4_RECIPE_Data_OP10_PTL_24_CellUnion] value: [0] (FROM RECIPE_ROW) recipeId: [35a76e25bee144578b8d41543ae911fd] tagID=[be073a12937c458d84834dace368a187] set TAG_NEW=0,DB DEBUG,fe_LotRecipeRowCheckCreateByRecipe,c05dcd762e4b4b5a99224c48445d7683,3
64771,06/05/2026 13:12:19,INSERT in LOT_RECIPE_ROW TAG: [GI4_RECIPE_Data_OP30_PTL_29_Qta] value: [0] (FROM RECIPE_ROW) recipeId: [35a76e25bee144578b8d41543ae911fd] tagID=[bc3fc782f88f41ee9ca37dbbf13c9a30] set TAG_NEW=0,DB DEBUG,fe_LotRecipeRowCheckCreateByRecipe,c05dcd762e4b4b5a99224c48445d7683,3
64770,06/05/2026 13:12:19,INSERT in LOT_RECIPE_ROW TAG: [GI4_RECIPE_Data_OP30_PTL_26_PartNumber] value: [] (FROM RECIPE_ROW) recipeId: [35a76e25bee144578b8d41543ae911fd] tagID=[bc25f7ecf75e421c97fb25804c34fb13] set TAG_NEW=0,DB DEBUG,fe_LotRecipeRowCheckCreateByRecipe,c05dcd762e4b4b5a99224c48445d7683,3
64769,06/05/2026 13:12:19,INSERT in LOT_RECIPE_ROW TAG: [GI4_RECIPE_Data_OP10_PTL_27_PartNumber] value: [] (FROM RECIPE_ROW) recipeId: [35a76e25bee144578b8d41543ae911fd] tagID=[bbd55296f3d9459c9cbced2ba6f0a77d] set TAG_NEW=0,DB DEBUG,fe_LotRecipeRowCheckCreateByRecipe,c05dcd762e4b4b5a99224c48445d7683,3
64768,06/05/2026 13:12:19,INSERT in LOT_RECIPE_ROW TAG: [GI4_RECIPE_Data_OP30_PTL_8_Cell] value: [22] (FROM RECIPE_ROW) recipeId: [35a76e25bee144578b8d41543ae911fd] tagID=[bb92791e866e4d888fd699bdab2462a3] set TAG_NEW=0,DB DEBUG,fe_LotRecipeRowCheckCreateByRecipe,c05dcd762e4b4b5a99224c48445d7683,3
64767,06/05/2026 13:12:19,INSERT in LOT_RECIPE_ROW TAG: [GI4_RECIPE_Data_OP10_PTL_8_Cell] value: [0] (FROM RECIPE_ROW) recipeId: [35a76e25bee144578b8d41543ae911fd] tagID=[b97671bc53ef430da0c80fcd2c7e6b05] set TAG_NEW=0,DB DEBUG,fe_LotRecipeRowCheckCreateByRecipe,c05dcd762e4b4b5a99224c48445d7683,3
64766,06/05/2026 13:12:19,INSERT in LOT_RECIPE_ROW TAG: [GI4_RECIPE_Data_OP30_PTL_6_PartNumber] value: [5009.01.0021] (FROM RECIPE_ROW) recipeId: [35a76e25bee144578b8d41543ae911fd] tagID=[b8b9fa36e33a4e14a2374c935ab0585d] set TAG_NEW=0,DB DEBUG,fe_LotRecipeRowCheckCreateByRecipe,c05dcd762e4b4b5a99224c48445d7683,3
64765,06/05/2026 13:12:19,INSERT in LOT_RECIPE_ROW TAG: [GI4_RECIPE_Data_OP10_PTL_22_Qta] value: [0] (FROM RECIPE_ROW) recipeId: [35a76e25bee144578b8d41543ae911fd] tagID=[b7d668115615414499c34d74a9b620e5] set TAG_NEW=0,DB DEBUG,fe_LotRecipeRowCheckCreateByRecipe,c05dcd762e4b4b5a99224c48445d7683,3
64764,06/05/2026 13:12:19,INSERT in LOT_RECIPE_ROW TAG: [GI4_RECIPE_Data_OP30_PTL_5_CellUnion] value: [0] (FROM RECIPE_ROW) recipeId: [35a76e25bee144578b8d41543ae911fd] tagID=[b63c4febbeee4ebeaba4b956239c4c4e] set TAG_NEW=0,DB DEBUG,fe_LotRecipeRowCheckCreateByRecipe,c05dcd762e4b4b5a99224c48445d7683,3
64763,06/05/2026 13:12:19,INSERT in LOT_RECIPE_ROW TAG: [GI4_RECIPE_Data_OP10_PTL_25_Qta] value: [0] (FROM RECIPE_ROW) recipeId: [35a76e25bee144578b8d41543ae911fd] tagID=[b5cbc5b84b64466789f2b58cc5e5bbb4] set TAG_NEW=0,DB DEBUG,fe_LotRecipeRowCheckCreateByRecipe,c05dcd762e4b4b5a99224c48445d7683,3
64762,06/05/2026 13:12:19,INSERT in LOT_RECIPE_ROW TAG: [GI4_RECIPE_Data_OP10_PTL_10_Qta] value: [0] (FROM RECIPE_ROW) recipeId: [35a76e25bee144578b8d41543ae911fd] tagID=[affad80389084da3899b526e402ed673] set TAG_NEW=0,DB DEBUG,fe_LotRecipeRowCheckCreateByRecipe,c05dcd762e4b4b5a99224c48445d7683,3
64761,06/05/2026 13:12:19,INSERT in LOT_RECIPE_ROW TAG: [GI4_RECIPE_Data_OP30_PTL_14_PartNumber] value: [5713.54.2579] (FROM RECIPE_ROW) recipeId: [35a76e25bee144578b8d41543ae911fd] tagID=[adc6dee299e94b74a6c5d5d7fc477174] set TAG_NEW=0,DB DEBUG,fe_LotRecipeRowCheckCreateByRecipe,c05dcd762e4b4b5a99224c48445d7683,3
64760,06/05/2026 13:12:19,INSERT in LOT_RECIPE_ROW TAG: [GI4_RECIPE_Data_OP30_PTL_30_CellUnion] value: [0] (FROM RECIPE_ROW) recipeId: [35a76e25bee144578b8d41543ae911fd] tagID=[adc5415e252f479f81b9a6c599dbb9d0] set TAG_NEW=0,DB DEBUG,fe_LotRecipeRowCheckCreateByRecipe,c05dcd762e4b4b5a99224c48445d7683,3
64759,06/05/2026 13:12:19,INSERT in LOT_RECIPE_ROW TAG: [GI4_RECIPE_Data_OP30_PTL_11_Cell] value: [32] (FROM RECIPE_ROW) recipeId: [35a76e25bee144578b8d41543ae911fd] tagID=[ad7f7fe44f0a4a5cbd5acbab5052351e] set TAG_NEW=0,DB DEBUG,fe_LotRecipeRowCheckCreateByRecipe,c05dcd762e4b4b5a99224c48445d7683,3
64758,06/05/2026 13:12:19,INSERT in LOT_RECIPE_ROW TAG: [GI4_RECIPE_Data_OP10_PTL_7_Description] value: [TCCE M10x30 UNI5931-12K- br.] (FROM RECIPE_ROW) recipeId: [35a76e25bee144578b8d41543ae911fd] tagID=[ac7747aadd5a48bc8af7192c4715ad52] set TAG_NEW=0,DB DEBUG,fe_LotRecipeRowCheckCreateByRecipe,c05dcd762e4b4b5a99224c48445d7683,3
64757,06/05/2026 13:12:19,INSERT in LOT_RECIPE_ROW TAG: [GI4_RECIPE_Data_OP10_PTL_24_Qta] value: [0] (FROM RECIPE_ROW) recipeId: [35a76e25bee144578b8d41543ae911fd] tagID=[ac05b3ef6b984070964f44c6a386b03e] set TAG_NEW=0,DB DEBUG,fe_LotRecipeRowCheckCreateByRecipe,c05dcd762e4b4b5a99224c48445d7683,3
64756,06/05/2026 13:12:19,INSERT in LOT_RECIPE_ROW TAG: [GI4_RECIPE_Data_OP10_PTL_19_Qta] value: [0] (FROM RECIPE_ROW) recipeId: [35a76e25bee144578b8d41543ae911fd] tagID=[a854b6342fee41a6a95bf7a66f91f2f2] set TAG_NEW=0,DB DEBUG,fe_LotRecipeRowCheckCreateByRecipe,c05dcd762e4b4b5a99224c48445d7683,3
64755,06/05/2026 13:12:19,INSERT in LOT_RECIPE_ROW TAG: [GI4_RECIPE_Data_OP10_PTL_15_Qta] value: [0] (FROM RECIPE_ROW) recipeId: [35a76e25bee144578b8d41543ae911fd] tagID=[a62c40231ea046c392bd93ca69a7eb93] set TAG_NEW=0,DB DEBUG,fe_LotRecipeRowCheckCreateByRecipe,c05dcd762e4b4b5a99224c48445d7683,3
64754,06/05/2026 13:12:19,INSERT in LOT_RECIPE_ROW TAG: [GI4_RECIPE_Data_OP10_PTL_12_Cell] value: [0] (FROM RECIPE_ROW) recipeId: [35a76e25bee144578b8d41543ae911fd] tagID=[a536e08c7e0646a1a3bf8cbf76ff4d06] set TAG_NEW=0,DB DEBUG,fe_LotRecipeRowCheckCreateByRecipe,c05dcd762e4b4b5a99224c48445d7683,3
64753,06/05/2026 13:12:19,INSERT in LOT_RECIPE_ROW TAG: [GI4_RECIPE_Data_OP10_PTL_22_Cell] value: [0] (FROM RECIPE_ROW) recipeId: [35a76e25bee144578b8d41543ae911fd] tagID=[a06dc51fecd4478cab7219b5a81f561e] set TAG_NEW=0,DB DEBUG,fe_LotRecipeRowCheckCreateByRecipe,c05dcd762e4b4b5a99224c48445d7683,3
64752,06/05/2026 13:12:19,INSERT in LOT_RECIPE_ROW TAG: [GI4_RECIPE_Data_OP10_PTL_8_CellUnion] value: [0] (FROM RECIPE_ROW) recipeId: [35a76e25bee144578b8d41543ae911fd] tagID=[9f675bf8a3fc4baf9600424a6e6e7dfc] set TAG_NEW=0,DB DEBUG,fe_LotRecipeRowCheckCreateByRecipe,c05dcd762e4b4b5a99224c48445d7683,3
64751,06/05/2026 13:12:19,INSERT in LOT_RECIPE_ROW TAG: [GI4_RECIPE_Data_OP30_PTL_30_Description] value: [] (FROM RECIPE_ROW) recipeId: [35a76e25bee144578b8d41543ae911fd] tagID=[9f49aa7d8fe74c4ebe0822c76b1d6809] set TAG_NEW=0,DB DEBUG,fe_LotRecipeRowCheckCreateByRecipe,c05dcd762e4b4b5a99224c48445d7683,3
64750,06/05/2026 13:12:19,INSERT in LOT_RECIPE_ROW TAG: [GI4_RECIPE_Data_OP10_PTL_3_CellUnion] value: [0] (FROM RECIPE_ROW) recipeId: [35a76e25bee144578b8d41543ae911fd] tagID=[9f494ab1a6b240f0a92431fa148ecacd] set TAG_NEW=0,DB DEBUG,fe_LotRecipeRowCheckCreateByRecipe,c05dcd762e4b4b5a99224c48445d7683,3
64749,06/05/2026 13:12:19,INSERT in LOT_RECIPE_ROW TAG: [GI4_RECIPE_Data_OP30_PTL_23_CellUnion] value: [0] (FROM RECIPE_ROW) recipeId: [35a76e25bee144578b8d41543ae911fd] tagID=[9f3ce9c5657c4081a44076684abed128] set TAG_NEW=0,DB DEBUG,fe_LotRecipeRowCheckCreateByRecipe,c05dcd762e4b4b5a99224c48445d7683,3
64748,06/05/2026 13:12:19,INSERT in LOT_RECIPE_ROW TAG: [GI4_RECIPE_Data_OP10_PTL_31_CellUnion] value: [0] (FROM RECIPE_ROW) recipeId: [35a76e25bee144578b8d41543ae911fd] tagID=[9e841f7f5b044a1693ad08752fc3583d] set TAG_NEW=0,DB DEBUG,fe_LotRecipeRowCheckCreateByRecipe,c05dcd762e4b4b5a99224c48445d7683,3
64747,06/05/2026 13:12:19,INSERT in LOT_RECIPE_ROW TAG: [GI4_RECIPE_Data_OP30_PTL_26_Qta] value: [0] (FROM RECIPE_ROW) recipeId: [35a76e25bee144578b8d41543ae911fd] tagID=[9da728b46768497c82e8ee97dab5c77f] set TAG_NEW=0,DB DEBUG,fe_LotRecipeRowCheckCreateByRecipe,c05dcd762e4b4b5a99224c48445d7683,3
64746,06/05/2026 13:12:19,INSERT in LOT_RECIPE_ROW TAG: [GI4_RECIPE_Data_OP30_PTL_29_Cell] value: [0] (FROM RECIPE_ROW) recipeId: [35a76e25bee144578b8d41543ae911fd] tagID=[9d894fc434dd4e128348f7295f11a416] set TAG_NEW=0,DB DEBUG,fe_LotRecipeRowCheckCreateByRecipe,c05dcd762e4b4b5a99224c48445d7683,3
64745,06/05/2026 13:12:19,INSERT in LOT_RECIPE_ROW TAG: [GI4_RECIPE_Data_OP30_PTL_18_Description] value: [] (FROM RECIPE_ROW) recipeId: [35a76e25bee144578b8d41543ae911fd] tagID=[9d6181a89a3b42b089cdea11cde8d5aa] set TAG_NEW=0,DB DEBUG,fe_LotRecipeRowCheckCreateByRecipe,c05dcd762e4b4b5a99224c48445d7683,3
64744,06/05/2026 13:12:19,INSERT in LOT_RECIPE_ROW TAG: [GI4_RECIPE_Data_OP10_PTL_6_Cell] value: [28] (FROM RECIPE_ROW) recipeId: [35a76e25bee144578b8d41543ae911fd] tagID=[9ca743ce62c64ec19306f9a7f58ee4b2] set TAG_NEW=0,DB DEBUG,fe_LotRecipeRowCheckCreateByRecipe,c05dcd762e4b4b5a99224c48445d7683,3
64743,06/05/2026 13:12:19,"INSERT in LOT_RECIPE_ROW TAG: [GI4_RECIPE_Data_OP30_PTL_12_Description] value: [PRE-SHAPED  OR SEAL88,57 x 2,] (FROM RECIPE_ROW) recipeId: [35a76e25bee144578b8d41543ae911fd] tagID=[9968ccfe92584960b1373e007a2970ca] set TAG_NEW=0",DB DEBUG,fe_LotRecipeRowCheckCreateByRecipe,c05dcd762e4b4b5a99224c48445d7683,3
64742,06/05/2026 13:12:19,INSERT in LOT_RECIPE_ROW TAG: [GI4_RECIPE_Data_OP30_PTL_15_Description] value: [] (FROM RECIPE_ROW) recipeId: [35a76e25bee144578b8d41543ae911fd] tagID=[980dc20e83254cfa8b43b2e84a4dc2f3] set TAG_NEW=0,DB DEBUG,fe_LotRecipeRowCheckCreateByRecipe,c05dcd762e4b4b5a99224c48445d7683,3
64741,06/05/2026 13:12:19,INSERT in LOT_RECIPE_ROW TAG: [GI4_RECIPE_Data_OP10_PTL_2_PartNumber] value: [313.0039.1.00] (FROM RECIPE_ROW) recipeId: [35a76e25bee144578b8d41543ae911fd] tagID=[97725c7e1be64b50af0a8ea3be69c4ab] set TAG_NEW=0,DB DEBUG,fe_LotRecipeRowCheckCreateByRecipe,c05dcd762e4b4b5a99224c48445d7683,3
64740,06/05/2026 13:12:19,INSERT in LOT_RECIPE_ROW TAG: [GI4_RECIPE_Data_OP10_PTL_30_Cell] value: [0] (FROM RECIPE_ROW) recipeId: [35a76e25bee144578b8d41543ae911fd] tagID=[96e62cf2a766464aa0d7953351080569] set TAG_NEW=0,DB DEBUG,fe_LotRecipeRowCheckCreateByRecipe,c05dcd762e4b4b5a99224c48445d7683,3
64739,06/05/2026 13:12:19,INSERT in LOT_RECIPE_ROW TAG: [GI4_RECIPE_Data_OP30_PTL_15_Qta] value: [0] (FROM RECIPE_ROW) recipeId: [35a76e25bee144578b8d41543ae911fd] tagID=[968856ca602e46fea96e5ad25133b385] set TAG_NEW=0,DB DEBUG,fe_LotRecipeRowCheckCreateByRecipe,c05dcd762e4b4b5a99224c48445d7683,3
64738,06/05/2026 13:12:19,INSERT in LOT_RECIPE_ROW TAG: [GI4_RECIPE_Data_OP30_PTL_29_PartNumber] value: [] (FROM RECIPE_ROW) recipeId: [35a76e25bee144578b8d41543ae911fd] tagID=[94dd4cd7263e45239951c5b10677bf6c] set TAG_NEW=0,DB DEBUG,fe_LotRecipeRowCheckCreateByRecipe,c05dcd762e4b4b5a99224c48445d7683,3
64737,06/05/2026 13:12:19,INSERT in LOT_RECIPE_ROW TAG: [GI4_RECIPE_Data_OP30_PTL_19_Description] value: [] (FROM RECIPE_ROW) recipeId: [35a76e25bee144578b8d41543ae911fd] tagID=[94c2f74c34bb4d6cb2166ebd7712ff25] set TAG_NEW=0,DB DEBUG,fe_LotRecipeRowCheckCreateByRecipe,c05dcd762e4b4b5a99224c48445d7683,3
64736,06/05/2026 13:12:19,INSERT in LOT_RECIPE_ROW TAG: [GI4_RECIPE_Data_OP30_PTL_7_Description] value: [TAPPO PER FORO DIAM. 27] (FROM RECIPE_ROW) recipeId: [35a76e25bee144578b8d41543ae911fd] tagID=[94025c26c59641fa8ca85675332ce390] set TAG_NEW=0,DB DEBUG,fe_LotRecipeRowCheckCreateByRecipe,c05dcd762e4b4b5a99224c48445d7683,3
64735,06/05/2026 13:12:19,INSERT in LOT_RECIPE_ROW TAG: [GI4_RECIPE_Data_OP30_PTL_24_Cell] value: [0] (FROM RECIPE_ROW) recipeId: [35a76e25bee144578b8d41543ae911fd] tagID=[93740c4ee2724d1b94687ed48e1e00e4] set TAG_NEW=0,DB DEBUG,fe_LotRecipeRowCheckCreateByRecipe,c05dcd762e4b4b5a99224c48445d7683,3
64734,06/05/2026 13:12:19,INSERT in LOT_RECIPE_ROW TAG: [GI4_RECIPE_Data_OP10_PTL_29_Qta] value: [0] (FROM RECIPE_ROW) recipeId: [35a76e25bee144578b8d41543ae911fd] tagID=[92b271e48ed641e6ad129bac0809f533] set TAG_NEW=0,DB DEBUG,fe_LotRecipeRowCheckCreateByRecipe,c05dcd762e4b4b5a99224c48445d7683,3
64733,06/05/2026 13:12:19,INSERT in LOT_RECIPE_ROW TAG: [GI4_RECIPE_Data_OP30_PTL_27_Description] value: [] (FROM RECIPE_ROW) recipeId: [35a76e25bee144578b8d41543ae911fd] tagID=[9268db9795f2473ba4a24cac807882a1] set TAG_NEW=0,DB DEBUG,fe_LotRecipeRowCheckCreateByRecipe,c05dcd762e4b4b5a99224c48445d7683,3
64732,06/05/2026 13:12:19,INSERT in LOT_RECIPE_ROW TAG: [GI4_RECIPE_Data_OP10_PTL_24_Description] value: [] (FROM RECIPE_ROW) recipeId: [35a76e25bee144578b8d41543ae911fd] tagID=[9087a3791a4b4f6793a64e1cee3db501] set TAG_NEW=0,DB DEBUG,fe_LotRecipeRowCheckCreateByRecipe,c05dcd762e4b4b5a99224c48445d7683,3
64731,06/05/2026 13:12:19,INSERT in LOT_RECIPE_ROW TAG: [GI4_RECIPE_Data_OP10_PTL_27_Cell] value: [0] (FROM RECIPE_ROW) recipeId: [35a76e25bee144578b8d41543ae911fd] tagID=[8f2745f0a12842afaa70318e3cd1f7a8] set TAG_NEW=0,DB DEBUG,fe_LotRecipeRowCheckCreateByRecipe,c05dcd762e4b4b5a99224c48445d7683,3
64730,06/05/2026 13:12:19,INSERT in LOT_RECIPE_ROW TAG: [GI4_RECIPE_Data_OP30_PTL_7_Cell] value: [0] (FROM RECIPE_ROW) recipeId: [35a76e25bee144578b8d41543ae911fd] tagID=[8da5355aad07486dafba036bfff05750] set TAG_NEW=0,DB DEBUG,fe_LotRecipeRowCheckCreateByRecipe,c05dcd762e4b4b5a99224c48445d7683,3
64729,06/05/2026 13:12:19,INSERT in LOT_RECIPE_ROW TAG: [GI4_RECIPE_Data_OP10_PTL_6_CellUnion] value: [0] (FROM RECIPE_ROW) recipeId: [35a76e25bee144578b8d41543ae911fd] tagID=[8d2e3fe01eeb446292888b44f818a1f9] set TAG_NEW=0,DB DEBUG,fe_LotRecipeRowCheckCreateByRecipe,c05dcd762e4b4b5a99224c48445d7683,3
64728,06/05/2026 13:12:19,INSERT in LOT_RECIPE_ROW TAG: [GI4_RECIPE_Data_OP30_PTL_21_Description] value: [] (FROM RECIPE_ROW) recipeId: [35a76e25bee144578b8d41543ae911fd] tagID=[8c2620cd63eb4df79760a38874c39e8b] set TAG_NEW=0,DB DEBUG,fe_LotRecipeRowCheckCreateByRecipe,c05dcd762e4b4b5a99224c48445d7683,3
64727,06/05/2026 13:12:19,INSERT in LOT_RECIPE_ROW TAG: [GI4_RECIPE_Data_OP30_PTL_23_Qta] value: [0] (FROM RECIPE_ROW) recipeId: [35a76e25bee144578b8d41543ae911fd] tagID=[8bcb146e530c4d34ac0f620c1d076067] set TAG_NEW=0,DB DEBUG,fe_LotRecipeRowCheckCreateByRecipe,c05dcd762e4b4b5a99224c48445d7683,3
64726,06/05/2026 13:12:19,INSERT in LOT_RECIPE_ROW TAG: [GI4_RECIPE_Data_OP10_PTL_12_Description] value: [] (FROM RECIPE_ROW) recipeId: [35a76e25bee144578b8d41543ae911fd] tagID=[8917fa3d84b94453897c15f5eb6a1bc7] set TAG_NEW=0,DB DEBUG,fe_LotRecipeRowCheckCreateByRecipe,c05dcd762e4b4b5a99224c48445d7683,3
64725,06/05/2026 13:12:19,INSERT in LOT_RECIPE_ROW TAG: [GI4_RECIPE_Data_OP10_PTL_6_Description] value: [SPINA COLL. D.8x15 sim. UNI E] (FROM RECIPE_ROW) recipeId: [35a76e25bee144578b8d41543ae911fd] tagID=[8888b6c2b336454ea1dde3d0e777e26c] set TAG_NEW=0,DB DEBUG,fe_LotRecipeRowCheckCreateByRecipe,c05dcd762e4b4b5a99224c48445d7683,3
64724,06/05/2026 13:12:19,INSERT in LOT_RECIPE_ROW TAG: [GI4_RECIPE_Data_OP30_PTL_8_Qta] value: [7] (FROM RECIPE_ROW) recipeId: [35a76e25bee144578b8d41543ae911fd] tagID=[85fb34eba80d4fb38ad706d6bc51c136] set TAG_NEW=0,DB DEBUG,fe_LotRecipeRowCheckCreateByRecipe,c05dcd762e4b4b5a99224c48445d7683,3
64723,06/05/2026 13:12:19,INSERT in LOT_RECIPE_ROW TAG: [GI4_RECIPE_Data_OP30_PTL_4_Description] value: [PIASTRA DI BILANC. SNP3] (FROM RECIPE_ROW) recipeId: [35a76e25bee144578b8d41543ae911fd] tagID=[85dd705906f34a43a06a48e2fa5562d0] set TAG_NEW=0,DB DEBUG,fe_LotRecipeRowCheckCreateByRecipe,c05dcd762e4b4b5a99224c48445d7683,3
64722,06/05/2026 13:12:19,INSERT in LOT_RECIPE_ROW TAG: [GI4_RECIPE_Data_OP10_PTL_20_CellUnion] value: [0] (FROM RECIPE_ROW) recipeId: [35a76e25bee144578b8d41543ae911fd] tagID=[85556a15889e4c90b875e2fa81df305e] set TAG_NEW=0,DB DEBUG,fe_LotRecipeRowCheckCreateByRecipe,c05dcd762e4b4b5a99224c48445d7683,3
64721,06/05/2026 13:12:19,INSERT in LOT_RECIPE_ROW TAG: [GI4_RECIPE_Data_OP30_PTL_11_Description] value: [MEZZO CORPO INSERIMENTO BOCCOLE] (FROM RECIPE_ROW) recipeId: [35a76e25bee144578b8d41543ae911fd] tagID=[8221d86a3f8d40afa93cc9f830cee8ce] set TAG_NEW=0,DB DEBUG,fe_LotRecipeRowCheckCreateByRecipe,c05dcd762e4b4b5a99224c48445d7683,3
64720,06/05/2026 13:12:19,INSERT in LOT_RECIPE_ROW TAG: [GI4_RECIPE_Data_OP10_PTL_7_PartNumber] value: [5713.54.2579] (FROM RECIPE_ROW) recipeId: [35a76e25bee144578b8d41543ae911fd] tagID=[81ede46cf2a0429eb773b4da4e5f1846] set TAG_NEW=0,DB DEBUG,fe_LotRecipeRowCheckCreateByRecipe,c05dcd762e4b4b5a99224c48445d7683,3
64719,06/05/2026 13:12:19,INSERT in LOT_RECIPE_ROW TAG: [GI4_RECIPE_Data_OP30_PTL_27_Cell] value: [0] (FROM RECIPE_ROW) recipeId: [35a76e25bee144578b8d41543ae911fd] tagID=[819d3ffd99bb4d46afeea3540ec7844c] set TAG_NEW=0,DB DEBUG,fe_LotRecipeRowCheckCreateByRecipe,c05dcd762e4b4b5a99224c48445d7683,3
64718,06/05/2026 13:12:19,INSERT in LOT_RECIPE_ROW TAG: [GI4_RECIPE_Data_OP30_PTL_28_Qta] value: [0] (FROM RECIPE_ROW) recipeId: [35a76e25bee144578b8d41543ae911fd] tagID=[8016fe4df75b47bdad750766152a7bf9] set TAG_NEW=0,DB DEBUG,fe_LotRecipeRowCheckCreateByRecipe,c05dcd762e4b4b5a99224c48445d7683,3
64717,06/05/2026 13:12:19,INSERT in LOT_RECIPE_ROW TAG: [GI4_RECIPE_Data_OP10_PTL_17_PartNumber] value: [] (FROM RECIPE_ROW) recipeId: [35a76e25bee144578b8d41543ae911fd] tagID=[7f7739bc347f45608ba21aa04342c2dc] set TAG_NEW=0,DB DEBUG,fe_LotRecipeRowCheckCreateByRecipe,c05dcd762e4b4b5a99224c48445d7683,3
64716,06/05/2026 13:12:19,INSERT in LOT_RECIPE_ROW TAG: [GI4_RECIPE_Data_OP30_PTL_5_Cell] value: [0] (FROM RECIPE_ROW) recipeId: [35a76e25bee144578b8d41543ae911fd] tagID=[7f00999f806f469994cc8e2c2ef27728] set TAG_NEW=0,DB DEBUG,fe_LotRecipeRowCheckCreateByRecipe,c05dcd762e4b4b5a99224c48445d7683,3
64715,06/05/2026 13:12:19,INSERT in LOT_RECIPE_ROW TAG: [GI4_RECIPE_Data_OP30_PTL_20_Cell] value: [0] (FROM RECIPE_ROW) recipeId: [35a76e25bee144578b8d41543ae911fd] tagID=[7f0097e64d4e42568f87353f6886771e] set TAG_NEW=0,DB DEBUG,fe_LotRecipeRowCheckCreateByRecipe,c05dcd762e4b4b5a99224c48445d7683,3
64714,06/05/2026 13:12:19,INSERT in LOT_RECIPE_ROW TAG: [GI4_RECIPE_Data_OP10_PTL_1_PartNumber] value: [314.0059.0.00] (FROM RECIPE_ROW) recipeId: [35a76e25bee144578b8d41543ae911fd] tagID=[7eee7b9b5d3f4f3385918cf9bb6b7875] set TAG_NEW=0,DB DEBUG,fe_LotRecipeRowCheckCreateByRecipe,c05dcd762e4b4b5a99224c48445d7683,3
64713,06/05/2026 13:12:19,INSERT in LOT_RECIPE_ROW TAG: [GI4_RECIPE_Data_OP10_PTL_17_CellUnion] value: [0] (FROM RECIPE_ROW) recipeId: [35a76e25bee144578b8d41543ae911fd] tagID=[7e99c778fe01429c8147fb61bf20fdbe] set TAG_NEW=0,DB DEBUG,fe_LotRecipeRowCheckCreateByRecipe,c05dcd762e4b4b5a99224c48445d7683,3
64712,06/05/2026 13:12:19,INSERT in LOT_RECIPE_ROW TAG: [GI4_RECIPE_Data_OP30_PTL_1_PartNumber] value: [11310055] (FROM RECIPE_ROW) recipeId: [35a76e25bee144578b8d41543ae911fd] tagID=[7ce37947270449218f875eea849a2044] set TAG_NEW=0,DB DEBUG,fe_LotRecipeRowCheckCreateByRecipe,c05dcd762e4b4b5a99224c48445d7683,3
64711,06/05/2026 13:12:19,INSERT in LOT_RECIPE_ROW TAG: [GI4_RECIPE_Data_OP30_PTL_4_Qta] value: [15] (FROM RECIPE_ROW) recipeId: [35a76e25bee144578b8d41543ae911fd] tagID=[7ca06a06c6814e5482f933de89dca8a1] set TAG_NEW=0,DB DEBUG,fe_LotRecipeRowCheckCreateByRecipe,c05dcd762e4b4b5a99224c48445d7683,3
64710,06/05/2026 13:12:19,INSERT in LOT_RECIPE_ROW TAG: [GI4_RECIPE_Data_OP10_PTL_15_CellUnion] value: [0] (FROM RECIPE_ROW) recipeId: [35a76e25bee144578b8d41543ae911fd] tagID=[7b33baae8b4546efa155794599a1a1cd] set TAG_NEW=0,DB DEBUG,fe_LotRecipeRowCheckCreateByRecipe,c05dcd762e4b4b5a99224c48445d7683,3
64709,06/05/2026 13:12:19,INSERT in LOT_RECIPE_ROW TAG: [GI4_RECIPE_Data_OP30_PTL_32_PartNumber] value: [] (FROM RECIPE_ROW) recipeId: [35a76e25bee144578b8d41543ae911fd] tagID=[7aeef739d63544f497cc8606bc4a423a] set TAG_NEW=0,DB DEBUG,fe_LotRecipeRowCheckCreateByRecipe,c05dcd762e4b4b5a99224c48445d7683,3
64708,06/05/2026 13:12:19,INSERT in LOT_RECIPE_ROW TAG: [GI4_RECIPE_Data_OP30_PTL_10_Cell] value: [21] (FROM RECIPE_ROW) recipeId: [35a76e25bee144578b8d41543ae911fd] tagID=[7a725dc198044ac18b7412e722838ca5] set TAG_NEW=0,DB DEBUG,fe_LotRecipeRowCheckCreateByRecipe,c05dcd762e4b4b5a99224c48445d7683,3
64707,06/05/2026 13:12:19,INSERT in LOT_RECIPE_ROW TAG: [GI4_RECIPE_Data_OP10_PTL_10_Description] value: [] (FROM RECIPE_ROW) recipeId: [35a76e25bee144578b8d41543ae911fd] tagID=[79c101ec20b54abf9926753b220b0caf] set TAG_NEW=0,DB DEBUG,fe_LotRecipeRowCheckCreateByRecipe,c05dcd762e4b4b5a99224c48445d7683,3
64706,06/05/2026 13:12:19,INSERT in LOT_RECIPE_ROW TAG: [GI4_RECIPE_Data_OP10_PTL_22_Description] value: [] (FROM RECIPE_ROW) recipeId: [35a76e25bee144578b8d41543ae911fd] tagID=[78b0970ffcdb4c489eb6d1d9636d389b] set TAG_NEW=0,DB DEBUG,fe_LotRecipeRowCheckCreateByRecipe,c05dcd762e4b4b5a99224c48445d7683,3
64705,06/05/2026 13:12:19,INSERT in LOT_RECIPE_ROW TAG: [GI4_RECIPE_Data_OP30_PTL_8_PartNumber] value: [314.0059.0.00] (FROM RECIPE_ROW) recipeId: [35a76e25bee144578b8d41543ae911fd] tagID=[7807e14906eb46aa9f1939eb0ad14cc8] set TAG_NEW=0,DB DEBUG,fe_LotRecipeRowCheckCreateByRecipe,c05dcd762e4b4b5a99224c48445d7683,3
64704,06/05/2026 13:12:19,INSERT in LOT_RECIPE_ROW TAG: [GI4_RECIPE_Data_OP30_PTL_17_Description] value: [] (FROM RECIPE_ROW) recipeId: [35a76e25bee144578b8d41543ae911fd] tagID=[77bad5e1ff0c458d8fff4dc1a9398e7e] set TAG_NEW=0,DB DEBUG,fe_LotRecipeRowCheckCreateByRecipe,c05dcd762e4b4b5a99224c48445d7683,3
64703,06/05/2026 13:12:19,INSERT in LOT_RECIPE_ROW TAG: [GI4_RECIPE_Data_OP10_PTL_13_PartNumber] value: [] (FROM RECIPE_ROW) recipeId: [35a76e25bee144578b8d41543ae911fd] tagID=[77990ba514464dbea40c4a1f5d262014] set TAG_NEW=0,DB DEBUG,fe_LotRecipeRowCheckCreateByRecipe,c05dcd762e4b4b5a99224c48445d7683,3
64702,06/05/2026 13:12:19,INSERT in LOT_RECIPE_ROW TAG: [GI4_RECIPE_Data_OP10_PTL_27_Description] value: [] (FROM RECIPE_ROW) recipeId: [35a76e25bee144578b8d41543ae911fd] tagID=[774308447f00451a913ddb067ba935c3] set TAG_NEW=0,DB DEBUG,fe_LotRecipeRowCheckCreateByRecipe,c05dcd762e4b4b5a99224c48445d7683,3
64701,06/05/2026 13:12:19,INSERT in LOT_RECIPE_ROW TAG: [GI4_RECIPE_Data_OP30_PTL_3_CellUnion] value: [0] (FROM RECIPE_ROW) recipeId: [35a76e25bee144578b8d41543ae911fd] tagID=[773664048fe84aa3af61957a9eaa68d9] set TAG_NEW=0,DB DEBUG,fe_LotRecipeRowCheckCreateByRecipe,c05dcd762e4b4b5a99224c48445d7683,3
64700,06/05/2026 13:12:19,INSERT in LOT_RECIPE_ROW TAG: [GI4_RECIPE_Data_OP30_PTL_16_Qta] value: [0] (FROM RECIPE_ROW) recipeId: [35a76e25bee144578b8d41543ae911fd] tagID=[772cdae9560e41fcbc21a49ff0310e5f] set TAG_NEW=0,DB DEBUG,fe_LotRecipeRowCheckCreateByRecipe,c05dcd762e4b4b5a99224c48445d7683,3
64699,06/05/2026 13:12:19,INSERT in LOT_RECIPE_ROW TAG: [GI4_RECIPE_Data_OP10_PTL_20_Qta] value: [0] (FROM RECIPE_ROW) recipeId: [35a76e25bee144578b8d41543ae911fd] tagID=[760d7a53d15f41bb83c62de898f24014] set TAG_NEW=0,DB DEBUG,fe_LotRecipeRowCheckCreateByRecipe,c05dcd762e4b4b5a99224c48445d7683,3
64698,06/05/2026 13:12:19,INSERT in LOT_RECIPE_ROW TAG: [GI4_RECIPE_Data_OP10_PTL_30_Qta] value: [0] (FROM RECIPE_ROW) recipeId: [35a76e25bee144578b8d41543ae911fd] tagID=[75d662153d94421ea2f11bc5802a8c51] set TAG_NEW=0,DB DEBUG,fe_LotRecipeRowCheckCreateByRecipe,c05dcd762e4b4b5a99224c48445d7683,3
64697,06/05/2026 13:12:19,INSERT in LOT_RECIPE_ROW TAG: [GI4_RECIPE_Data_OP10_PTL_29_Cell] value: [0] (FROM RECIPE_ROW) recipeId: [35a76e25bee144578b8d41543ae911fd] tagID=[751c4493e3a142aa8a4677324fd9ecda] set TAG_NEW=0,DB DEBUG,fe_LotRecipeRowCheckCreateByRecipe,c05dcd762e4b4b5a99224c48445d7683,3
64696,06/05/2026 13:12:19,INSERT in LOT_RECIPE_ROW TAG: [GI4_RECIPE_Data_OP10_PTL_16_Cell] value: [0] (FROM RECIPE_ROW) recipeId: [35a76e25bee144578b8d41543ae911fd] tagID=[750a2d67248342f3af0ccecec3a1152f] set TAG_NEW=0,DB DEBUG,fe_LotRecipeRowCheckCreateByRecipe,c05dcd762e4b4b5a99224c48445d7683,3
64695,06/05/2026 13:12:19,INSERT in LOT_RECIPE_ROW TAG: [GI4_RECIPE_Data_OP10_PTL_16_PartNumber] value: [] (FROM RECIPE_ROW) recipeId: [35a76e25bee144578b8d41543ae911fd] tagID=[74b93c0707694d76ac0ab9741e0dbf4d] set TAG_NEW=0,DB DEBUG,fe_LotRecipeRowCheckCreateByRecipe,c05dcd762e4b4b5a99224c48445d7683,3
64694,06/05/2026 13:12:19,INSERT in LOT_RECIPE_ROW TAG: [GI4_RECIPE_Data_OP30_PTL_11_Qta] value: [1] (FROM RECIPE_ROW) recipeId: [35a76e25bee144578b8d41543ae911fd] tagID=[7485e62704ef4a809acab6146f70165f] set TAG_NEW=0,DB DEBUG,fe_LotRecipeRowCheckCreateByRecipe,c05dcd762e4b4b5a99224c48445d7683,3
64693,06/05/2026 13:12:19,INSERT in LOT_RECIPE_ROW TAG: [GI4_RECIPE_Data_OP10_PTL_23_PartNumber] value: [] (FROM RECIPE_ROW) recipeId: [35a76e25bee144578b8d41543ae911fd] tagID=[733a562f476843158ae9f05e5d1555e9] set TAG_NEW=0,DB DEBUG,fe_LotRecipeRowCheckCreateByRecipe,c05dcd762e4b4b5a99224c48445d7683,3
64692,06/05/2026 13:12:19,INSERT in LOT_RECIPE_ROW TAG: [GI4_RECIPE_Data_OP10_PTL_30_CellUnion] value: [0] (FROM RECIPE_ROW) recipeId: [35a76e25bee144578b8d41543ae911fd] tagID=[727edafc5bf842fbad1e5714db1c596e] set TAG_NEW=0,DB DEBUG,fe_LotRecipeRowCheckCreateByRecipe,c05dcd762e4b4b5a99224c48445d7683,3
64691,06/05/2026 13:12:19,INSERT in LOT_RECIPE_ROW TAG: [GI4_RECIPE_Data_OP30_PTL_18_CellUnion] value: [0] (FROM RECIPE_ROW) recipeId: [35a76e25bee144578b8d41543ae911fd] tagID=[711cd36608ac4e6297e2094b46e147db] set TAG_NEW=0,DB DEBUG,fe_LotRecipeRowCheckCreateByRecipe,c05dcd762e4b4b5a99224c48445d7683,3
64690,06/05/2026 13:12:19,INSERT in LOT_RECIPE_ROW TAG: [GI4_RECIPE_Data_OP30_PTL_1_Description] value: [BEARING+DU BUSSLE SNP3 (BOLIN] (FROM RECIPE_ROW) recipeId: [35a76e25bee144578b8d41543ae911fd] tagID=[6edf7c9599df40aaa064ea22db7144e7] set TAG_NEW=0,DB DEBUG,fe_LotRecipeRowCheckCreateByRecipe,c05dcd762e4b4b5a99224c48445d7683,3
64689,06/05/2026 13:12:19,INSERT in LOT_RECIPE_ROW TAG: [GI4_RECIPE_Data_OP30_PTL_32_Cell] value: [0] (FROM RECIPE_ROW) recipeId: [35a76e25bee144578b8d41543ae911fd] tagID=[6e6130a827ba424697b8f39f165457b2] set TAG_NEW=0,DB DEBUG,fe_LotRecipeRowCheckCreateByRecipe,c05dcd762e4b4b5a99224c48445d7683,3
64688,06/05/2026 13:12:19,INSERT in LOT_RECIPE_ROW TAG: [GI4_RECIPE_Data_OP30_PTL_16_PartNumber] value: [] (FROM RECIPE_ROW) recipeId: [35a76e25bee144578b8d41543ae911fd] tagID=[6d357d24034d4d348eb664870a175ca5] set TAG_NEW=0,DB DEBUG,fe_LotRecipeRowCheckCreateByRecipe,c05dcd762e4b4b5a99224c48445d7683,3
64687,06/05/2026 13:12:19,INSERT in LOT_RECIPE_ROW TAG: [GI4_RECIPE_Data_OP10_PTL_11_PartNumber] value: [] (FROM RECIPE_ROW) recipeId: [35a76e25bee144578b8d41543ae911fd] tagID=[6c1be1f68e494b569a353b101e5d9f63] set TAG_NEW=0,DB DEBUG,fe_LotRecipeRowCheckCreateByRecipe,c05dcd762e4b4b5a99224c48445d7683,3
64686,06/05/2026 13:12:19,INSERT in LOT_RECIPE_ROW TAG: [GI4_RECIPE_Data_OP30_PTL_3_Description] value: [TARGHETTA ADESIVA GRIGIA 44x2] (FROM RECIPE_ROW) recipeId: [35a76e25bee144578b8d41543ae911fd] tagID=[6c0199243d38436b93a2b418272ded79] set TAG_NEW=0,DB DEBUG,fe_LotRecipeRowCheckCreateByRecipe,c05dcd762e4b4b5a99224c48445d7683,3
64685,06/05/2026 13:12:19,INSERT in LOT_RECIPE_ROW TAG: [GI4_RECIPE_Data_OP30_PTL_21_Qta] value: [0] (FROM RECIPE_ROW) recipeId: [35a76e25bee144578b8d41543ae911fd] tagID=[6af41353fa6f4a709fe70e57e460aa3b] set TAG_NEW=0,DB DEBUG,fe_LotRecipeRowCheckCreateByRecipe,c05dcd762e4b4b5a99224c48445d7683,3
64684,06/05/2026 13:12:19,INSERT in LOT_RECIPE_ROW TAG: [GI4_RECIPE_Data_OP10_PTL_20_Cell] value: [0] (FROM RECIPE_ROW) recipeId: [35a76e25bee144578b8d41543ae911fd] tagID=[6ae4780b4c774be58929b261d175fda3] set TAG_NEW=0,DB DEBUG,fe_LotRecipeRowCheckCreateByRecipe,c05dcd762e4b4b5a99224c48445d7683,3
64683,06/05/2026 13:12:19,INSERT in LOT_RECIPE_ROW TAG: [GI4_RECIPE_Data_OP30_PTL_22_Qta] value: [0] (FROM RECIPE_ROW) recipeId: [35a76e25bee144578b8d41543ae911fd] tagID=[6a47f9a505974f038e4c4f5cccbb8ef4] set TAG_NEW=0,DB DEBUG,fe_LotRecipeRowCheckCreateByRecipe,c05dcd762e4b4b5a99224c48445d7683,3
64682,06/05/2026 13:12:19,INSERT in LOT_RECIPE_ROW TAG: [GI4_RECIPE_Data_OP10_PTL_2_Qta] value: [7] (FROM RECIPE_ROW) recipeId: [35a76e25bee144578b8d41543ae911fd] tagID=[698b5b93bb8a41d5809063524e865c1b] set TAG_NEW=0,DB DEBUG,fe_LotRecipeRowCheckCreateByRecipe,c05dcd762e4b4b5a99224c48445d7683,3
64681,06/05/2026 13:12:19,INSERT in LOT_RECIPE_ROW TAG: [GI4_RECIPE_Data_OP10_PTL_2_Description] value: [AN.ANTIESTR.PIASTRA SNP3] (FROM RECIPE_ROW) recipeId: [35a76e25bee144578b8d41543ae911fd] tagID=[692cff3bc5bb4dbcae04e9c68f313072] set TAG_NEW=0,DB DEBUG,fe_LotRecipeRowCheckCreateByRecipe,c05dcd762e4b4b5a99224c48445d7683,3
64680,06/05/2026 13:12:19,INSERT in LOT_RECIPE_ROW TAG: [GI4_RECIPE_Data_OP10_PTL_23_Qta] value: [0] (FROM RECIPE_ROW) recipeId: [35a76e25bee144578b8d41543ae911fd] tagID=[68adfe273d014114afba6129ffc52b42] set TAG_NEW=0,DB DEBUG,fe_LotRecipeRowCheckCreateByRecipe,c05dcd762e4b4b5a99224c48445d7683,3
64679,06/05/2026 13:12:19,INSERT in LOT_RECIPE_ROW TAG: [GI4_RECIPE_Data_OP10_PTL_17_Qta] value: [0] (FROM RECIPE_ROW) recipeId: [35a76e25bee144578b8d41543ae911fd] tagID=[68146a057ecc463e9520812f0779e7ce] set TAG_NEW=0,DB DEBUG,fe_LotRecipeRowCheckCreateByRecipe,c05dcd762e4b4b5a99224c48445d7683,3
64678,06/05/2026 13:12:19,INSERT in LOT_RECIPE_ROW TAG: [GI4_RECIPE_Data_OP10_PTL_28_Cell] value: [0] (FROM RECIPE_ROW) recipeId: [35a76e25bee144578b8d41543ae911fd] tagID=[67ab99c9dfdf4daab45861e0fb68c16c] set TAG_NEW=0,DB DEBUG,fe_LotRecipeRowCheckCreateByRecipe,c05dcd762e4b4b5a99224c48445d7683,3
64677,06/05/2026 13:12:19,INSERT in LOT_RECIPE_ROW TAG: [GI4_RECIPE_Data_OP30_PTL_2_Cell] value: [0] (FROM RECIPE_ROW) recipeId: [35a76e25bee144578b8d41543ae911fd] tagID=[669174397a5c4cf98a45c3da54ddf173] set TAG_NEW=0,DB DEBUG,fe_LotRecipeRowCheckCreateByRecipe,c05dcd762e4b4b5a99224c48445d7683,3
64676,06/05/2026 13:12:19,INSERT in LOT_RECIPE_ROW TAG: [GI4_RECIPE_Data_OP30_PTL_30_Qta] value: [0] (FROM RECIPE_ROW) recipeId: [35a76e25bee144578b8d41543ae911fd] tagID=[6674752a407546788d3d219607da6aa1] set TAG_NEW=0,DB DEBUG,fe_LotRecipeRowCheckCreateByRecipe,c05dcd762e4b4b5a99224c48445d7683,3
64675,06/05/2026 13:12:19,INSERT in LOT_RECIPE_ROW TAG: [GI4_RECIPE_Data_Orientation] value: [1] (FROM RECIPE_ROW) recipeId: [35a76e25bee144578b8d41543ae911fd] tagID=[659d2725213c419598cd5309a512dc6c] set TAG_NEW=0,DB DEBUG,fe_LotRecipeRowCheckCreateByRecipe,c05dcd762e4b4b5a99224c48445d7683,3
64674,06/05/2026 13:12:19,INSERT in LOT_RECIPE_ROW TAG: [GI4_RECIPE_Data_QtaOrd] value: [15] (FROM RECIPE_ROW) recipeId: [35a76e25bee144578b8d41543ae911fd] tagID=[651c889b30e34366b6504e28badaf6ad] set TAG_NEW=0,DB DEBUG,fe_LotRecipeRowCheckCreateByRecipe,c05dcd762e4b4b5a99224c48445d7683,3
64673,06/05/2026 13:12:19,INSERT in LOT_RECIPE_ROW TAG: [GI4_RECIPE_Data_OP10_PTL_12_CellUnion] value: [0] (FROM RECIPE_ROW) recipeId: [35a76e25bee144578b8d41543ae911fd] tagID=[64fec27c79b74da9a1900ac61d2a61f4] set TAG_NEW=0,DB DEBUG,fe_LotRecipeRowCheckCreateByRecipe,c05dcd762e4b4b5a99224c48445d7683,3
64672,06/05/2026 13:12:19,INSERT in LOT_RECIPE_ROW TAG: [GI4_RECIPE_Data_OP10_PTL_3_Qta] value: [7] (FROM RECIPE_ROW) recipeId: [35a76e25bee144578b8d41543ae911fd] tagID=[64b99ad7f39b4af1a1e9626de282e024] set TAG_NEW=0,DB DEBUG,fe_LotRecipeRowCheckCreateByRecipe,c05dcd762e4b4b5a99224c48445d7683,3
64671,06/05/2026 13:12:19,INSERT in LOT_RECIPE_ROW TAG: [GI4_RECIPE_Data_OP30_PTL_12_CellUnion] value: [0] (FROM RECIPE_ROW) recipeId: [35a76e25bee144578b8d41543ae911fd] tagID=[6475ee9189ba4a2ca7794bfaa97837d0] set TAG_NEW=0,DB DEBUG,fe_LotRecipeRowCheckCreateByRecipe,c05dcd762e4b4b5a99224c48445d7683,3
64670,06/05/2026 13:12:19,INSERT in LOT_RECIPE_ROW TAG: [GI4_RECIPE_Data_OP10_PTL_10_Cell] value: [0] (FROM RECIPE_ROW) recipeId: [35a76e25bee144578b8d41543ae911fd] tagID=[6334e6464e5a46cfae9d8eccef28324b] set TAG_NEW=0,DB DEBUG,fe_LotRecipeRowCheckCreateByRecipe,c05dcd762e4b4b5a99224c48445d7683,3
64669,06/05/2026 13:12:19,INSERT in LOT_RECIPE_ROW TAG: [GI4_RECIPE_Data_OP30_PTL_21_Cell] value: [0] (FROM RECIPE_ROW) recipeId: [35a76e25bee144578b8d41543ae911fd] tagID=[623e6a6a11eb4b788d28ff5b3f4703dd] set TAG_NEW=0,DB DEBUG,fe_LotRecipeRowCheckCreateByRecipe,c05dcd762e4b4b5a99224c48445d7683,3
64668,06/05/2026 13:12:19,INSERT in LOT_RECIPE_ROW TAG: [GI4_RECIPE_Data_OP30_PTL_12_Cell] value: [29] (FROM RECIPE_ROW) recipeId: [35a76e25bee144578b8d41543ae911fd] tagID=[60941a4aae8f4f1a9ce01295056d6dd6] set TAG_NEW=0,DB DEBUG,fe_LotRecipeRowCheckCreateByRecipe,c05dcd762e4b4b5a99224c48445d7683,3
64667,06/05/2026 13:12:19,INSERT in LOT_RECIPE_ROW TAG: [GI4_RECIPE_Data_OP30_PTL_32_CellUnion] value: [0] (FROM RECIPE_ROW) recipeId: [35a76e25bee144578b8d41543ae911fd] tagID=[5fec1252695f4962be3f39f20bddf3ad] set TAG_NEW=0,DB DEBUG,fe_LotRecipeRowCheckCreateByRecipe,c05dcd762e4b4b5a99224c48445d7683,3
64666,06/05/2026 13:12:19,INSERT in LOT_RECIPE_ROW TAG: [GI4_RECIPE_Data_OP10_PTL_8_PartNumber] value: [] (FROM RECIPE_ROW) recipeId: [35a76e25bee144578b8d41543ae911fd] tagID=[5f33852bfd5744eca3eceaec0b0887c0] set TAG_NEW=0,DB DEBUG,fe_LotRecipeRowCheckCreateByRecipe,c05dcd762e4b4b5a99224c48445d7683,3
64665,06/05/2026 13:12:19,INSERT in LOT_RECIPE_ROW TAG: [GI4_RECIPE_Data_OP10_PTL_22_PartNumber] value: [] (FROM RECIPE_ROW) recipeId: [35a76e25bee144578b8d41543ae911fd] tagID=[5d9cebc2f5ca4f498daecbef391367d2] set TAG_NEW=0,DB DEBUG,fe_LotRecipeRowCheckCreateByRecipe,c05dcd762e4b4b5a99224c48445d7683,3
64664,06/05/2026 13:12:19,INSERT in LOT_RECIPE_ROW TAG: [GI4_RECIPE_Data_OP30_PTL_16_CellUnion] value: [0] (FROM RECIPE_ROW) recipeId: [35a76e25bee144578b8d41543ae911fd] tagID=[5cb763a533c448babf26b35f98704600] set TAG_NEW=0,DB DEBUG,fe_LotRecipeRowCheckCreateByRecipe,c05dcd762e4b4b5a99224c48445d7683,3
64663,06/05/2026 13:12:19,INSERT in LOT_RECIPE_ROW TAG: [GI4_RECIPE_Data_OP30_PTL_22_Cell] value: [0] (FROM RECIPE_ROW) recipeId: [35a76e25bee144578b8d41543ae911fd] tagID=[5bd34a232f4c4e57b14726a0748965b9] set TAG_NEW=0,DB DEBUG,fe_LotRecipeRowCheckCreateByRecipe,c05dcd762e4b4b5a99224c48445d7683,3
64662,06/05/2026 13:12:19,"INSERT in LOT_RECIPE_ROW TAG: [GI4_RECIPE_Data_OP10_PTL_5_Description] value: [PRE-SHAPED  OR SEAL88,57 x 2,] (FROM RECIPE_ROW) recipeId: [35a76e25bee144578b8d41543ae911fd] tagID=[5a96b79ffc2047719c43e74778112047] set TAG_NEW=0",DB DEBUG,fe_LotRecipeRowCheckCreateByRecipe,c05dcd762e4b4b5a99224c48445d7683,3
64661,06/05/2026 13:12:19,INSERT in LOT_RECIPE_ROW TAG: [GI4_RECIPE_Data_OP10_PTL_1_Qta] value: [7] (FROM RECIPE_ROW) recipeId: [35a76e25bee144578b8d41543ae911fd] tagID=[5a21fa6644594e34bb4c27ec532841c5] set TAG_NEW=0,DB DEBUG,fe_LotRecipeRowCheckCreateByRecipe,c05dcd762e4b4b5a99224c48445d7683,3
64660,06/05/2026 13:12:19,INSERT in LOT_RECIPE_ROW TAG: [GI4_RECIPE_Data_OP30_PTL_3_Cell] value: [0] (FROM RECIPE_ROW) recipeId: [35a76e25bee144578b8d41543ae911fd] tagID=[5901ae35c34d4e0087494953a1822086] set TAG_NEW=0,DB DEBUG,fe_LotRecipeRowCheckCreateByRecipe,c05dcd762e4b4b5a99224c48445d7683,3
64659,06/05/2026 13:12:19,INSERT in LOT_RECIPE_ROW TAG: [GI4_RECIPE_Data_OP30_PTL_17_Cell] value: [0] (FROM RECIPE_ROW) recipeId: [35a76e25bee144578b8d41543ae911fd] tagID=[57ba57515e4241628360aeefc630048a] set TAG_NEW=0,DB DEBUG,fe_LotRecipeRowCheckCreateByRecipe,c05dcd762e4b4b5a99224c48445d7683,3
64658,06/05/2026 13:12:19,INSERT in LOT_RECIPE_ROW TAG: [GI4_RECIPE_Data_OP10_PTL_21_Qta] value: [0] (FROM RECIPE_ROW) recipeId: [35a76e25bee144578b8d41543ae911fd] tagID=[573fa656482b4258b584ba9f09152cfa] set TAG_NEW=0,DB DEBUG,fe_LotRecipeRowCheckCreateByRecipe,c05dcd762e4b4b5a99224c48445d7683,3
64657,06/05/2026 13:12:19,INSERT in LOT_RECIPE_ROW TAG: [GI4_RECIPE_Data_OP10_PTL_16_Description] value: [] (FROM RECIPE_ROW) recipeId: [35a76e25bee144578b8d41543ae911fd] tagID=[56fb48c366044cf682ba058e3f634cc1] set TAG_NEW=0,DB DEBUG,fe_LotRecipeRowCheckCreateByRecipe,c05dcd762e4b4b5a99224c48445d7683,3
64656,06/05/2026 13:12:19,INSERT in LOT_RECIPE_ROW TAG: [GI4_RECIPE_Data_OP30_PTL_7_CellUnion] value: [0] (FROM RECIPE_ROW) recipeId: [35a76e25bee144578b8d41543ae911fd] tagID=[560744a278fb4e73ae180887a8f8cc9d] set TAG_NEW=0,DB DEBUG,fe_LotRecipeRowCheckCreateByRecipe,c05dcd762e4b4b5a99224c48445d7683,3
64655,06/05/2026 13:12:19,INSERT in LOT_RECIPE_ROW TAG: [GI4_RECIPE_Data_OP10_PTL_10_PartNumber] value: [] (FROM RECIPE_ROW) recipeId: [35a76e25bee144578b8d41543ae911fd] tagID=[55f1b2a82f8c449ea86a7521a3bab004] set TAG_NEW=0,DB DEBUG,fe_LotRecipeRowCheckCreateByRecipe,c05dcd762e4b4b5a99224c48445d7683,3
64654,06/05/2026 13:12:19,INSERT in LOT_RECIPE_ROW TAG: [GI4_RECIPE_Data_OP30_PTL_20_PartNumber] value: [] (FROM RECIPE_ROW) recipeId: [35a76e25bee144578b8d41543ae911fd] tagID=[553d95aef93147b396c58ea68c904bf0] set TAG_NEW=0,DB DEBUG,fe_LotRecipeRowCheckCreateByRecipe,c05dcd762e4b4b5a99224c48445d7683,3
64653,06/05/2026 13:12:19,INSERT in LOT_RECIPE_ROW TAG: [GI4_RECIPE_Data_OP10_PTL_19_Description] value: [] (FROM RECIPE_ROW) recipeId: [35a76e25bee144578b8d41543ae911fd] tagID=[54addfcba5fc49df8855e0ac48785799] set TAG_NEW=0,DB DEBUG,fe_LotRecipeRowCheckCreateByRecipe,c05dcd762e4b4b5a99224c48445d7683,3
64652,06/05/2026 13:12:19,INSERT in LOT_RECIPE_ROW TAG: [GI4_RECIPE_Data_OP30_PTL_11_CellUnion] value: [0] (FROM RECIPE_ROW) recipeId: [35a76e25bee144578b8d41543ae911fd] tagID=[542a972a13dc494e86b9abf10c77596d] set TAG_NEW=0,DB DEBUG,fe_LotRecipeRowCheckCreateByRecipe,c05dcd762e4b4b5a99224c48445d7683,3
64651,06/05/2026 13:12:19,INSERT in LOT_RECIPE_ROW TAG: [GI4_RECIPE_Data_OP30_PTL_23_PartNumber] value: [] (FROM RECIPE_ROW) recipeId: [35a76e25bee144578b8d41543ae911fd] tagID=[5254844f547a4af8be22211789229c78] set TAG_NEW=0,DB DEBUG,fe_LotRecipeRowCheckCreateByRecipe,c05dcd762e4b4b5a99224c48445d7683,3
64650,06/05/2026 13:12:19,INSERT in LOT_RECIPE_ROW TAG: [GI4_RECIPE_Data_OP30_PTL_9_Qta] value: [7] (FROM RECIPE_ROW) recipeId: [35a76e25bee144578b8d41543ae911fd] tagID=[520695cbf77546e5812b02406ba8f089] set TAG_NEW=0,DB DEBUG,fe_LotRecipeRowCheckCreateByRecipe,c05dcd762e4b4b5a99224c48445d7683,3
64649,06/05/2026 13:12:19,INSERT in LOT_RECIPE_ROW TAG: [GI4_RECIPE_Data_OP30_PTL_17_CellUnion] value: [0] (FROM RECIPE_ROW) recipeId: [35a76e25bee144578b8d41543ae911fd] tagID=[50cb8a570948434c90b3f988ba71da55] set TAG_NEW=0,DB DEBUG,fe_LotRecipeRowCheckCreateByRecipe,c05dcd762e4b4b5a99224c48445d7683,3
64648,06/05/2026 13:12:19,INSERT in LOT_RECIPE_ROW TAG: [GI4_RECIPE_Data_OP10_PTL_15_PartNumber] value: [] (FROM RECIPE_ROW) recipeId: [35a76e25bee144578b8d41543ae911fd] tagID=[502efda3303d433784fe5a00838bfb2e] set TAG_NEW=0,DB DEBUG,fe_LotRecipeRowCheckCreateByRecipe,c05dcd762e4b4b5a99224c48445d7683,3
64647,06/05/2026 13:12:19,INSERT in LOT_RECIPE_ROW TAG: [GI4_RECIPE_Data_OP30_PTL_29_Description] value: [] (FROM RECIPE_ROW) recipeId: [35a76e25bee144578b8d41543ae911fd] tagID=[4fe4256f09984cc79b53e11577aaa370] set TAG_NEW=0,DB DEBUG,fe_LotRecipeRowCheckCreateByRecipe,c05dcd762e4b4b5a99224c48445d7683,3
64646,06/05/2026 13:12:19,INSERT in LOT_RECIPE_ROW TAG: [GI4_RECIPE_Data_OP30_PTL_3_PartNumber] value: [11180057] (FROM RECIPE_ROW) recipeId: [35a76e25bee144578b8d41543ae911fd] tagID=[4ed4ea17a6e443da814e915f4e0eebca] set TAG_NEW=0,DB DEBUG,fe_LotRecipeRowCheckCreateByRecipe,c05dcd762e4b4b5a99224c48445d7683,3
64645,06/05/2026 13:12:19,INSERT in LOT_RECIPE_ROW TAG: [GI4_RECIPE_Data_OP10_PTL_27_Qta] value: [0] (FROM RECIPE_ROW) recipeId: [35a76e25bee144578b8d41543ae911fd] tagID=[4b3bed976f0741a480651833cf858964] set TAG_NEW=0,DB DEBUG,fe_LotRecipeRowCheckCreateByRecipe,c05dcd762e4b4b5a99224c48445d7683,3
64644,06/05/2026 13:12:19,INSERT in LOT_RECIPE_ROW TAG: [GI4_RECIPE_Data_OP10_PTL_25_Cell] value: [0] (FROM RECIPE_ROW) recipeId: [35a76e25bee144578b8d41543ae911fd] tagID=[4b2c313fdbbb4fc8b7fa68e6442dfb06] set TAG_NEW=0,DB DEBUG,fe_LotRecipeRowCheckCreateByRecipe,c05dcd762e4b4b5a99224c48445d7683,3
64643,06/05/2026 13:12:19,INSERT in LOT_RECIPE_ROW TAG: [GI4_RECIPE_Data_OP10_PTL_27_CellUnion] value: [0] (FROM RECIPE_ROW) recipeId: [35a76e25bee144578b8d41543ae911fd] tagID=[4b1b0cb013494461badadf4283640f8a] set TAG_NEW=0,DB DEBUG,fe_LotRecipeRowCheckCreateByRecipe,c05dcd762e4b4b5a99224c48445d7683,3
64642,06/05/2026 13:12:19,INSERT in LOT_RECIPE_ROW TAG: [GI4_RECIPE_Data_OP30_PTL_28_Description] value: [] (FROM RECIPE_ROW) recipeId: [35a76e25bee144578b8d41543ae911fd] tagID=[49f3d1cc98f8462c8a4ef61f780ddf08] set TAG_NEW=0,DB DEBUG,fe_LotRecipeRowCheckCreateByRecipe,c05dcd762e4b4b5a99224c48445d7683,3
64641,06/05/2026 13:12:19,INSERT in LOT_RECIPE_ROW TAG: [GI4_RECIPE_Data_OP10_PTL_3_Cell] value: [29] (FROM RECIPE_ROW) recipeId: [35a76e25bee144578b8d41543ae911fd] tagID=[49b0dafee5f943f0a8d84312bad8611a] set TAG_NEW=0,DB DEBUG,fe_LotRecipeRowCheckCreateByRecipe,c05dcd762e4b4b5a99224c48445d7683,3
64640,06/05/2026 13:12:19,INSERT in LOT_RECIPE_ROW TAG: [GI4_RECIPE_Data_OP10_PTL_4_Description] value: [MEZZO CORPO INSERIMENTO BOCCOLE] (FROM RECIPE_ROW) recipeId: [35a76e25bee144578b8d41543ae911fd] tagID=[490e6e11bbd44c5f92fcf23dcb7868d6] set TAG_NEW=0,DB DEBUG,fe_LotRecipeRowCheckCreateByRecipe,c05dcd762e4b4b5a99224c48445d7683,3
64639,06/05/2026 13:12:19,INSERT in LOT_RECIPE_ROW TAG: [GI4_RECIPE_Data_OP30_PTL_10_Qta] value: [7] (FROM RECIPE_ROW) recipeId: [35a76e25bee144578b8d41543ae911fd] tagID=[48e969b5856d4c9d82336b1e072b1bba] set TAG_NEW=0,DB DEBUG,fe_LotRecipeRowCheckCreateByRecipe,c05dcd762e4b4b5a99224c48445d7683,3
64638,06/05/2026 13:12:19,INSERT in LOT_RECIPE_ROW TAG: [GI4_RECIPE_Data_OP30_PTL_11_PartNumber] value: [MEZZO CORPO] (FROM RECIPE_ROW) recipeId: [35a76e25bee144578b8d41543ae911fd] tagID=[48aacd5c08a34d18bbf3bb7419fa3ab4] set TAG_NEW=0,DB DEBUG,fe_LotRecipeRowCheckCreateByRecipe,c05dcd762e4b4b5a99224c48445d7683,3
64637,06/05/2026 13:12:19,INSERT in LOT_RECIPE_ROW TAG: [GI4_RECIPE_Data_OP10_PTL_14_CellUnion] value: [0] (FROM RECIPE_ROW) recipeId: [35a76e25bee144578b8d41543ae911fd] tagID=[482a148a641642c58bbdd9465d6b17be] set TAG_NEW=0,DB DEBUG,fe_LotRecipeRowCheckCreateByRecipe,c05dcd762e4b4b5a99224c48445d7683,3
64636,06/05/2026 13:12:19,INSERT in LOT_RECIPE_ROW TAG: [GI4_RECIPE_Data_OP10_PTL_13_Description] value: [] (FROM RECIPE_ROW) recipeId: [35a76e25bee144578b8d41543ae911fd] tagID=[481f37fd3f434301a285d9eb50975753] set TAG_NEW=0,DB DEBUG,fe_LotRecipeRowCheckCreateByRecipe,c05dcd762e4b4b5a99224c48445d7683,3
64635,06/05/2026 13:12:19,INSERT in LOT_RECIPE_ROW TAG: [GI4_RECIPE_Data_OP30_PTL_14_Description] value: [TCCE M10x30 UNI5931-12K- br.] (FROM RECIPE_ROW) recipeId: [35a76e25bee144578b8d41543ae911fd] tagID=[4812e17c8ac14e9a9c0ef1b4b4696b0b] set TAG_NEW=0,DB DEBUG,fe_LotRecipeRowCheckCreateByRecipe,c05dcd762e4b4b5a99224c48445d7683,3
64634,06/05/2026 13:12:19,INSERT in LOT_RECIPE_ROW TAG: [GI4_RECIPE_Data_OP10_PTL_5_PartNumber] value: [11282842] (FROM RECIPE_ROW) recipeId: [35a76e25bee144578b8d41543ae911fd] tagID=[4680db2a528748c2a56f1bfc1c19e36f] set TAG_NEW=0,DB DEBUG,fe_LotRecipeRowCheckCreateByRecipe,c05dcd762e4b4b5a99224c48445d7683,3
64633,06/05/2026 13:12:19,INSERT in LOT_RECIPE_ROW TAG: [GI4_RECIPE_Data_OP10_PTL_19_PartNumber] value: [] (FROM RECIPE_ROW) recipeId: [35a76e25bee144578b8d41543ae911fd] tagID=[46764792305a424895b35614266a4c04] set TAG_NEW=0,DB DEBUG,fe_LotRecipeRowCheckCreateByRecipe,c05dcd762e4b4b5a99224c48445d7683,3
64632,06/05/2026 13:12:19,INSERT in LOT_RECIPE_ROW TAG: [GI4_RECIPE_Data_OP10_PTL_14_Qta] value: [0] (FROM RECIPE_ROW) recipeId: [35a76e25bee144578b8d41543ae911fd] tagID=[4623827bfdd14033b163c177d300643d] set TAG_NEW=0,DB DEBUG,fe_LotRecipeRowCheckCreateByRecipe,c05dcd762e4b4b5a99224c48445d7683,3
64631,06/05/2026 13:12:19,INSERT in LOT_RECIPE_ROW TAG: [GI4_RECIPE_Data_OP10_PTL_28_Qta] value: [0] (FROM RECIPE_ROW) recipeId: [35a76e25bee144578b8d41543ae911fd] tagID=[45cc5e117ed44c818f34976704160f11] set TAG_NEW=0,DB DEBUG,fe_LotRecipeRowCheckCreateByRecipe,c05dcd762e4b4b5a99224c48445d7683,3
64630,06/05/2026 13:12:19,INSERT in LOT_RECIPE_ROW TAG: [GI4_RECIPE_Data_OP10_PTL_18_Description] value: [] (FROM RECIPE_ROW) recipeId: [35a76e25bee144578b8d41543ae911fd] tagID=[4515e7b7d1c6485fab728fa4a0d40a7c] set TAG_NEW=0,DB DEBUG,fe_LotRecipeRowCheckCreateByRecipe,c05dcd762e4b4b5a99224c48445d7683,3
64629,06/05/2026 13:12:19,INSERT in LOT_RECIPE_ROW TAG: [GI4_RECIPE_Data_OP10_PTL_1_Cell] value: [21] (FROM RECIPE_ROW) recipeId: [35a76e25bee144578b8d41543ae911fd] tagID=[445a0a3d4bb74ef4a33c63abd027367f] set TAG_NEW=0,DB DEBUG,fe_LotRecipeRowCheckCreateByRecipe,c05dcd762e4b4b5a99224c48445d7683,3
64628,06/05/2026 13:12:19,INSERT in LOT_RECIPE_ROW TAG: [GI4_RECIPE_Data_OP30_PTL_13_PartNumber] value: [5011.31.2215] (FROM RECIPE_ROW) recipeId: [35a76e25bee144578b8d41543ae911fd] tagID=[4419482991d445749bca6c4b6b6b4edc] set TAG_NEW=0,DB DEBUG,fe_LotRecipeRowCheckCreateByRecipe,c05dcd762e4b4b5a99224c48445d7683,3
64627,06/05/2026 13:12:19,INSERT in LOT_RECIPE_ROW TAG: [GI4_RECIPE_Data_OP30_PTL_15_Cell] value: [0] (FROM RECIPE_ROW) recipeId: [35a76e25bee144578b8d41543ae911fd] tagID=[43ca04a60779487a9bad4b18e6857c08] set TAG_NEW=0,DB DEBUG,fe_LotRecipeRowCheckCreateByRecipe,c05dcd762e4b4b5a99224c48445d7683,3
64626,06/05/2026 13:12:19,INSERT in LOT_RECIPE_ROW TAG: [GI4_RECIPE_Data_OP10_PTL_7_CellUnion] value: [0] (FROM RECIPE_ROW) recipeId: [35a76e25bee144578b8d41543ae911fd] tagID=[42f00b8edc9e43b6a4fdcb04b160c33d] set TAG_NEW=0,DB DEBUG,fe_LotRecipeRowCheckCreateByRecipe,c05dcd762e4b4b5a99224c48445d7683,3
64625,06/05/2026 13:12:19,INSERT in LOT_RECIPE_ROW TAG: [GI4_RECIPE_Data_OP10_PTL_32_Qta] value: [0] (FROM RECIPE_ROW) recipeId: [35a76e25bee144578b8d41543ae911fd] tagID=[419f031a45ae4fd783a01f9ca22c0922] set TAG_NEW=0,DB DEBUG,fe_LotRecipeRowCheckCreateByRecipe,c05dcd762e4b4b5a99224c48445d7683,3
64624,06/05/2026 13:12:19,INSERT in LOT_RECIPE_ROW TAG: [GI4_RECIPE_Data_OP10_PTL_14_PartNumber] value: [] (FROM RECIPE_ROW) recipeId: [35a76e25bee144578b8d41543ae911fd] tagID=[41079ba74b494fccb40a24a1128e5978] set TAG_NEW=0,DB DEBUG,fe_LotRecipeRowCheckCreateByRecipe,c05dcd762e4b4b5a99224c48445d7683,3
64623,06/05/2026 13:12:19,INSERT in LOT_RECIPE_ROW TAG: [GI4_RECIPE_Data_OP30_PTL_20_Description] value: [] (FROM RECIPE_ROW) recipeId: [35a76e25bee144578b8d41543ae911fd] tagID=[40cee7fa97544d93a7248677d41157bd] set TAG_NEW=0,DB DEBUG,fe_LotRecipeRowCheckCreateByRecipe,c05dcd762e4b4b5a99224c48445d7683,3
64622,06/05/2026 13:12:19,INSERT in LOT_RECIPE_ROW TAG: [GI4_RECIPE_Data_OP10_PTL_30_PartNumber] value: [] (FROM RECIPE_ROW) recipeId: [35a76e25bee144578b8d41543ae911fd] tagID=[401705b05b084c8b9289298d3fd0a8ea] set TAG_NEW=0,DB DEBUG,fe_LotRecipeRowCheckCreateByRecipe,c05dcd762e4b4b5a99224c48445d7683,3
64621,06/05/2026 13:12:19,INSERT in LOT_RECIPE_ROW TAG: [GI4_RECIPE_Data_OP30_PTL_6_Description] value: [TAPPO PER FORO DIAM. 48] (FROM RECIPE_ROW) recipeId: [35a76e25bee144578b8d41543ae911fd] tagID=[3fbdcfa4cbe54f72b48bbfa700784f6d] set TAG_NEW=0,DB DEBUG,fe_LotRecipeRowCheckCreateByRecipe,c05dcd762e4b4b5a99224c48445d7683,3
64620,06/05/2026 13:12:19,INSERT in LOT_RECIPE_ROW TAG: [GI4_RECIPE_Data_OP10_PTL_12_Qta] value: [0] (FROM RECIPE_ROW) recipeId: [35a76e25bee144578b8d41543ae911fd] tagID=[3ee6c1a275af4d5694f2a55c97d228e0] set TAG_NEW=0,DB DEBUG,fe_LotRecipeRowCheckCreateByRecipe,c05dcd762e4b4b5a99224c48445d7683,3
64619,06/05/2026 13:12:19,INSERT in LOT_RECIPE_ROW TAG: [GI4_RECIPE_Data_OP30_PTL_31_CellUnion] value: [0] (FROM RECIPE_ROW) recipeId: [35a76e25bee144578b8d41543ae911fd] tagID=[3d7cfd99b4bf4f8bb1da36f1892edb19] set TAG_NEW=0,DB DEBUG,fe_LotRecipeRowCheckCreateByRecipe,c05dcd762e4b4b5a99224c48445d7683,3
64618,06/05/2026 13:12:19,INSERT in LOT_RECIPE_ROW TAG: [GI4_RECIPE_Data_OP30_PTL_1_CellUnion] value: [0] (FROM RECIPE_ROW) recipeId: [35a76e25bee144578b8d41543ae911fd] tagID=[3c3f4f6aea224e839c16ff9fc3cc6614] set TAG_NEW=0,DB DEBUG,fe_LotRecipeRowCheckCreateByRecipe,c05dcd762e4b4b5a99224c48445d7683,3
64617,06/05/2026 13:12:19,INSERT in LOT_RECIPE_ROW TAG: [GI4_RECIPE_Data_OP30_PTL_10_PartNumber] value: [314.0060.0.00] (FROM RECIPE_ROW) recipeId: [35a76e25bee144578b8d41543ae911fd] tagID=[3a58c2366cbe4e0a840abbf4b877bace] set TAG_NEW=0,DB DEBUG,fe_LotRecipeRowCheckCreateByRecipe,c05dcd762e4b4b5a99224c48445d7683,3
64616,06/05/2026 13:12:19,INSERT in LOT_RECIPE_ROW TAG: [GI4_RECIPE_Data_OP10_PTL_15_Cell] value: [0] (FROM RECIPE_ROW) recipeId: [35a76e25bee144578b8d41543ae911fd] tagID=[39d7e17fb1c44fa796f5f098e86ec7c2] set TAG_NEW=0,DB DEBUG,fe_LotRecipeRowCheckCreateByRecipe,c05dcd762e4b4b5a99224c48445d7683,3
64615,06/05/2026 13:12:19,INSERT in LOT_RECIPE_ROW TAG: [GI4_RECIPE_Data_OP10_PTL_31_Description] value: [] (FROM RECIPE_ROW) recipeId: [35a76e25bee144578b8d41543ae911fd] tagID=[38ae032c2f984468887d6b24690bab51] set TAG_NEW=0,DB DEBUG,fe_LotRecipeRowCheckCreateByRecipe,c05dcd762e4b4b5a99224c48445d7683,3
64614,06/05/2026 13:12:19,INSERT in LOT_RECIPE_ROW TAG: [GI4_RECIPE_Data_OP30_PTL_31_Description] value: [] (FROM RECIPE_ROW) recipeId: [35a76e25bee144578b8d41543ae911fd] tagID=[3887fc96aa2b47d691405d5804130797] set TAG_NEW=0,DB DEBUG,fe_LotRecipeRowCheckCreateByRecipe,c05dcd762e4b4b5a99224c48445d7683,3
64613,06/05/2026 13:12:19,INSERT in LOT_RECIPE_ROW TAG: [GI4_RECIPE_Data_OP10_PTL_8_Qta] value: [0] (FROM RECIPE_ROW) recipeId: [35a76e25bee144578b8d41543ae911fd] tagID=[3815c76174064515bafb801007a14614] set TAG_NEW=0,DB DEBUG,fe_LotRecipeRowCheckCreateByRecipe,c05dcd762e4b4b5a99224c48445d7683,3
64612,06/05/2026 13:12:19,INSERT in LOT_RECIPE_ROW TAG: [GI4_RECIPE_Data_OP30_PTL_24_Qta] value: [0] (FROM RECIPE_ROW) recipeId: [35a76e25bee144578b8d41543ae911fd] tagID=[37f0f3807d804fec9537deac883d8fa7] set TAG_NEW=0,DB DEBUG,fe_LotRecipeRowCheckCreateByRecipe,c05dcd762e4b4b5a99224c48445d7683,3
64611,06/05/2026 13:12:19,INSERT in LOT_RECIPE_ROW TAG: [GI4_RECIPE_Data_OP30_PTL_13_Qta] value: [7] (FROM RECIPE_ROW) recipeId: [35a76e25bee144578b8d41543ae911fd] tagID=[374dd1ca558346c198cd868b38086280] set TAG_NEW=0,DB DEBUG,fe_LotRecipeRowCheckCreateByRecipe,c05dcd762e4b4b5a99224c48445d7683,3
64610,06/05/2026 13:12:19,INSERT in LOT_RECIPE_ROW TAG: [GI4_RECIPE_Data_OP10_PTL_15_Description] value: [] (FROM RECIPE_ROW) recipeId: [35a76e25bee144578b8d41543ae911fd] tagID=[3654183a50bf43b7b64146ef7d9442b0] set TAG_NEW=0,DB DEBUG,fe_LotRecipeRowCheckCreateByRecipe,c05dcd762e4b4b5a99224c48445d7683,3
64609,06/05/2026 13:12:19,INSERT in LOT_RECIPE_ROW TAG: [GI4_RECIPE_Data_OP30_PTL_7_Qta] value: [15] (FROM RECIPE_ROW) recipeId: [35a76e25bee144578b8d41543ae911fd] tagID=[3640890fbc5649c38727f3cec1b1e5f2] set TAG_NEW=0,DB DEBUG,fe_LotRecipeRowCheckCreateByRecipe,c05dcd762e4b4b5a99224c48445d7683,3
64608,06/05/2026 13:12:19,INSERT in LOT_RECIPE_ROW TAG: [GI4_RECIPE_Data_OP10_PTL_13_Qta] value: [0] (FROM RECIPE_ROW) recipeId: [35a76e25bee144578b8d41543ae911fd] tagID=[34eb2b59a3134746953e9611d408d2e6] set TAG_NEW=0,DB DEBUG,fe_LotRecipeRowCheckCreateByRecipe,c05dcd762e4b4b5a99224c48445d7683,3
64607,06/05/2026 13:12:19,INSERT in LOT_RECIPE_ROW TAG: [GI4_RECIPE_Data_OP30_PTL_2_CellUnion] value: [0] (FROM RECIPE_ROW) recipeId: [35a76e25bee144578b8d41543ae911fd] tagID=[34ba42b7560e4ee9a12fd1944c5aa703] set TAG_NEW=0,DB DEBUG,fe_LotRecipeRowCheckCreateByRecipe,c05dcd762e4b4b5a99224c48445d7683,3
64606,06/05/2026 13:12:19,INSERT in LOT_RECIPE_ROW TAG: [GI4_RECIPE_Data_OP10_PTL_4_Cell] value: [32] (FROM RECIPE_ROW) recipeId: [35a76e25bee144578b8d41543ae911fd] tagID=[336e0993097945d5b1a95047881dcb0d] set TAG_NEW=0,DB DEBUG,fe_LotRecipeRowCheckCreateByRecipe,c05dcd762e4b4b5a99224c48445d7683,3
64605,06/05/2026 13:12:19,INSERT in LOT_RECIPE_ROW TAG: [GI4_RECIPE_Data_OP30_PTL_19_CellUnion] value: [0] (FROM RECIPE_ROW) recipeId: [35a76e25bee144578b8d41543ae911fd] tagID=[32b489d628b8417fb1b585cd49fd61c7] set TAG_NEW=0,DB DEBUG,fe_LotRecipeRowCheckCreateByRecipe,c05dcd762e4b4b5a99224c48445d7683,3
64604,06/05/2026 13:12:19,INSERT in LOT_RECIPE_ROW TAG: [GI4_RECIPE_Data_OP30_PTL_13_Cell] value: [30] (FROM RECIPE_ROW) recipeId: [35a76e25bee144578b8d41543ae911fd] tagID=[322607fdab0d48e482f702551a084233] set TAG_NEW=0,DB DEBUG,fe_LotRecipeRowCheckCreateByRecipe,c05dcd762e4b4b5a99224c48445d7683,3
64603,06/05/2026 13:12:19,INSERT in LOT_RECIPE_ROW TAG: [GI4_RECIPE_Data_OP10_PTL_25_CellUnion] value: [0] (FROM RECIPE_ROW) recipeId: [35a76e25bee144578b8d41543ae911fd] tagID=[31ad5d3c1e3a45f199917e67426ed441] set TAG_NEW=0,DB DEBUG,fe_LotRecipeRowCheckCreateByRecipe,c05dcd762e4b4b5a99224c48445d7683,3
64602,06/05/2026 13:12:19,INSERT in LOT_RECIPE_ROW TAG: [GI4_RECIPE_Data_PrintType] value: [1] (FROM RECIPE_ROW) recipeId: [35a76e25bee144578b8d41543ae911fd] tagID=[319e60a433a54b1986e7af6ab5b36d6e] set TAG_NEW=0,DB DEBUG,fe_LotRecipeRowCheckCreateByRecipe,c05dcd762e4b4b5a99224c48445d7683,3
64601,06/05/2026 13:12:19,INSERT in LOT_RECIPE_ROW TAG: [GI4_RECIPE_Data_OP30_PTL_6_CellUnion] value: [0] (FROM RECIPE_ROW) recipeId: [35a76e25bee144578b8d41543ae911fd] tagID=[3165fec2bb354085abd7e63466d042a6] set TAG_NEW=0,DB DEBUG,fe_LotRecipeRowCheckCreateByRecipe,c05dcd762e4b4b5a99224c48445d7683,3
64600,06/05/2026 13:12:19,INSERT in LOT_RECIPE_ROW TAG: [GI4_RECIPE_Data_OP10_PTL_32_Cell] value: [0] (FROM RECIPE_ROW) recipeId: [35a76e25bee144578b8d41543ae911fd] tagID=[30cf96ca4b834ee2b9a7eb56df1b6aea] set TAG_NEW=0,DB DEBUG,fe_LotRecipeRowCheckCreateByRecipe,c05dcd762e4b4b5a99224c48445d7683,3
64599,06/05/2026 13:12:19,INSERT in LOT_RECIPE_ROW TAG: [GI4_RECIPE_Data_DustCover] value: [0] (FROM RECIPE_ROW) recipeId: [35a76e25bee144578b8d41543ae911fd] tagID=[2f62647d508c427c9d0593d21d9f9a96] set TAG_NEW=0,DB DEBUG,fe_LotRecipeRowCheckCreateByRecipe,c05dcd762e4b4b5a99224c48445d7683,3
64598,06/05/2026 13:12:19,INSERT in LOT_RECIPE_ROW TAG: [GI4_RECIPE_Data_OP10_PTL_21_Description] value: [] (FROM RECIPE_ROW) recipeId: [35a76e25bee144578b8d41543ae911fd] tagID=[2f012265fcf54daaa75a2db2cb2ccaad] set TAG_NEW=0,DB DEBUG,fe_LotRecipeRowCheckCreateByRecipe,c05dcd762e4b4b5a99224c48445d7683,3
64597,06/05/2026 13:12:19,INSERT in LOT_RECIPE_ROW TAG: [GI4_RECIPE_Data_OP10_PTL_13_Cell] value: [0] (FROM RECIPE_ROW) recipeId: [35a76e25bee144578b8d41543ae911fd] tagID=[2efd39cf088b44fa9e8c5d457d66450b] set TAG_NEW=0,DB DEBUG,fe_LotRecipeRowCheckCreateByRecipe,c05dcd762e4b4b5a99224c48445d7683,3
64596,06/05/2026 13:12:19,INSERT in LOT_RECIPE_ROW TAG: [GI4_RECIPE_Data_OP10_PTL_24_Cell] value: [0] (FROM RECIPE_ROW) recipeId: [35a76e25bee144578b8d41543ae911fd] tagID=[2efc21b5f4fd41a6b3b388597dc3adb3] set TAG_NEW=0,DB DEBUG,fe_LotRecipeRowCheckCreateByRecipe,c05dcd762e4b4b5a99224c48445d7683,3
64595,06/05/2026 13:12:19,INSERT in LOT_RECIPE_ROW TAG: [GI4_RECIPE_Data_OP10_PTL_5_Qta] value: [7] (FROM RECIPE_ROW) recipeId: [35a76e25bee144578b8d41543ae911fd] tagID=[2b5decc799564bc88555d022c4ea85a3] set TAG_NEW=0,DB DEBUG,fe_LotRecipeRowCheckCreateByRecipe,c05dcd762e4b4b5a99224c48445d7683,3
64594,06/05/2026 13:12:19,INSERT in LOT_RECIPE_ROW TAG: [GI4_RECIPE_Data_OP10_PTL_10_CellUnion] value: [0] (FROM RECIPE_ROW) recipeId: [35a76e25bee144578b8d41543ae911fd] tagID=[2b0617f17e5f46729f228a527a408fdc] set TAG_NEW=0,DB DEBUG,fe_LotRecipeRowCheckCreateByRecipe,c05dcd762e4b4b5a99224c48445d7683,3
64593,06/05/2026 13:12:19,INSERT in LOT_RECIPE_ROW TAG: [GI4_RECIPE_Data_OP30_PTL_4_CellUnion] value: [0] (FROM RECIPE_ROW) recipeId: [35a76e25bee144578b8d41543ae911fd] tagID=[29c462d549fb42e1b052a86a35b11f12] set TAG_NEW=0,DB DEBUG,fe_LotRecipeRowCheckCreateByRecipe,c05dcd762e4b4b5a99224c48445d7683,3
64592,06/05/2026 13:12:19,INSERT in LOT_RECIPE_ROW TAG: [GI4_RECIPE_Data_OP30_PTL_25_Description] value: [] (FROM RECIPE_ROW) recipeId: [35a76e25bee144578b8d41543ae911fd] tagID=[27b140c810ec405994079df3f60de1e2] set TAG_NEW=0,DB DEBUG,fe_LotRecipeRowCheckCreateByRecipe,c05dcd762e4b4b5a99224c48445d7683,3
64591,06/05/2026 13:12:19,INSERT in LOT_RECIPE_ROW TAG: [GI4_RECIPE_Data_OP10_PTL_21_CellUnion] value: [0] (FROM RECIPE_ROW) recipeId: [35a76e25bee144578b8d41543ae911fd] tagID=[2768d9617f784288aada7d9eef63d70c] set TAG_NEW=0,DB DEBUG,fe_LotRecipeRowCheckCreateByRecipe,c05dcd762e4b4b5a99224c48445d7683,3
64590,06/05/2026 13:12:19,INSERT in LOT_RECIPE_ROW TAG: [GI4_RECIPE_Data_OP10_PTL_29_CellUnion] value: [0] (FROM RECIPE_ROW) recipeId: [35a76e25bee144578b8d41543ae911fd] tagID=[2547ffd6de24486f86b1235208d06d8b] set TAG_NEW=0,DB DEBUG,fe_LotRecipeRowCheckCreateByRecipe,c05dcd762e4b4b5a99224c48445d7683,3
64589,06/05/2026 13:12:19,INSERT in LOT_RECIPE_ROW TAG: [GI4_RECIPE_Data_OP10_PTL_18_CellUnion] value: [0] (FROM RECIPE_ROW) recipeId: [35a76e25bee144578b8d41543ae911fd] tagID=[24788739016145d2a6de1e84726b4509] set TAG_NEW=0,DB DEBUG,fe_LotRecipeRowCheckCreateByRecipe,c05dcd762e4b4b5a99224c48445d7683,3
64588,06/05/2026 13:12:19,INSERT in LOT_RECIPE_ROW TAG: [GI4_RECIPE_Data_OP30_PTL_6_Cell] value: [0] (FROM RECIPE_ROW) recipeId: [35a76e25bee144578b8d41543ae911fd] tagID=[239ff647bb7c4b78b16fb964e8ea5c65] set TAG_NEW=0,DB DEBUG,fe_LotRecipeRowCheckCreateByRecipe,c05dcd762e4b4b5a99224c48445d7683,3
64587,06/05/2026 13:12:19,INSERT in LOT_RECIPE_ROW TAG: [GI4_RECIPE_Data_OP30_PTL_10_CellUnion] value: [0] (FROM RECIPE_ROW) recipeId: [35a76e25bee144578b8d41543ae911fd] tagID=[236ecfef4bc94a9ebfb403c825ec2cb8] set TAG_NEW=0,DB DEBUG,fe_LotRecipeRowCheckCreateByRecipe,c05dcd762e4b4b5a99224c48445d7683,3
64586,06/05/2026 13:12:19,INSERT in LOT_RECIPE_ROW TAG: [GI4_RECIPE_Data_OP10_PTL_16_CellUnion] value: [0] (FROM RECIPE_ROW) recipeId: [35a76e25bee144578b8d41543ae911fd] tagID=[23526c0d4cc14b0b8445d664756087d9] set TAG_NEW=0,DB DEBUG,fe_LotRecipeRowCheckCreateByRecipe,c05dcd762e4b4b5a99224c48445d7683,3
64585,06/05/2026 13:12:19,INSERT in LOT_RECIPE_ROW TAG: [GI4_RECIPE_Data_OP30_PTL_25_CellUnion] value: [0] (FROM RECIPE_ROW) recipeId: [35a76e25bee144578b8d41543ae911fd] tagID=[23490577e94b461fad46e23ebd9cdb89] set TAG_NEW=0,DB DEBUG,fe_LotRecipeRowCheckCreateByRecipe,c05dcd762e4b4b5a99224c48445d7683,3
64584,06/05/2026 13:12:19,INSERT in LOT_RECIPE_ROW TAG: [GI4_RECIPE_Data_OP10_PTL_22_CellUnion] value: [0] (FROM RECIPE_ROW) recipeId: [35a76e25bee144578b8d41543ae911fd] tagID=[22d2c12d88084e9491c910a201e38e0d] set TAG_NEW=0,DB DEBUG,fe_LotRecipeRowCheckCreateByRecipe,c05dcd762e4b4b5a99224c48445d7683,3
64583,06/05/2026 13:12:19,INSERT in LOT_RECIPE_ROW TAG: [GI4_RECIPE_Data_MasterModelCode] value: [SNO3NN/022LN11DMNNCAC7NNNN/NNNNN] (FROM RECIPE_ROW) recipeId: [35a76e25bee144578b8d41543ae911fd] tagID=[2295f1d9dbe3459691489299eb02429f] set TAG_NEW=0,DB DEBUG,fe_LotRecipeRowCheckCreateByRecipe,c05dcd762e4b4b5a99224c48445d7683,3
64582,06/05/2026 13:12:19,INSERT in LOT_RECIPE_ROW TAG: [GI4_RECIPE_Data_OP30_PTL_9_CellUnion] value: [0] (FROM RECIPE_ROW) recipeId: [35a76e25bee144578b8d41543ae911fd] tagID=[2117c8a6f98640dea219faa2b6243584] set TAG_NEW=0,DB DEBUG,fe_LotRecipeRowCheckCreateByRecipe,c05dcd762e4b4b5a99224c48445d7683,3
64581,06/05/2026 13:12:19,INSERT in LOT_RECIPE_ROW TAG: [GI4_RECIPE_Data_OP10_PTL_18_Cell] value: [0] (FROM RECIPE_ROW) recipeId: [35a76e25bee144578b8d41543ae911fd] tagID=[200054d0678e43aab0d9f82753270661] set TAG_NEW=0,DB DEBUG,fe_LotRecipeRowCheckCreateByRecipe,c05dcd762e4b4b5a99224c48445d7683,3
64580,06/05/2026 13:12:19,INSERT in LOT_RECIPE_ROW TAG: [GI4_RECIPE_Data_OP10_PTL_18_PartNumber] value: [] (FROM RECIPE_ROW) recipeId: [35a76e25bee144578b8d41543ae911fd] tagID=[1fd38a7c7dd64cfbb9a03b2acf6d6f9e] set TAG_NEW=0,DB DEBUG,fe_LotRecipeRowCheckCreateByRecipe,c05dcd762e4b4b5a99224c48445d7683,3
64579,06/05/2026 13:12:19,INSERT in LOT_RECIPE_ROW TAG: [GI4_RECIPE_Data_OP30_PTL_30_PartNumber] value: [] (FROM RECIPE_ROW) recipeId: [35a76e25bee144578b8d41543ae911fd] tagID=[1ec5b337bccb4f388faef9b1b78fe39d] set TAG_NEW=0,DB DEBUG,fe_LotRecipeRowCheckCreateByRecipe,c05dcd762e4b4b5a99224c48445d7683,3
64578,06/05/2026 13:12:19,INSERT in LOT_RECIPE_ROW TAG: [GI4_RECIPE_Data_OP10_PTL_11_CellUnion] value: [0] (FROM RECIPE_ROW) recipeId: [35a76e25bee144578b8d41543ae911fd] tagID=[1e73099add0d4761b3fb96855bcce8ba] set TAG_NEW=0,DB DEBUG,fe_LotRecipeRowCheckCreateByRecipe,c05dcd762e4b4b5a99224c48445d7683,3
64577,06/05/2026 13:12:19,INSERT in LOT_RECIPE_ROW TAG: [GI4_RECIPE_Data_OP10_PTL_28_PartNumber] value: [] (FROM RECIPE_ROW) recipeId: [35a76e25bee144578b8d41543ae911fd] tagID=[1e6514dd3aa241ddaf46cfba71deda8d] set TAG_NEW=0,DB DEBUG,fe_LotRecipeRowCheckCreateByRecipe,c05dcd762e4b4b5a99224c48445d7683,3
64576,06/05/2026 13:12:19,INSERT in LOT_RECIPE_ROW TAG: [GI4_RECIPE_Data_OP30_PTL_9_Cell] value: [23] (FROM RECIPE_ROW) recipeId: [35a76e25bee144578b8d41543ae911fd] tagID=[1e41bea737484150b9810803137db848] set TAG_NEW=0,DB DEBUG,fe_LotRecipeRowCheckCreateByRecipe,c05dcd762e4b4b5a99224c48445d7683,3
64575,06/05/2026 13:12:19,INSERT in LOT_RECIPE_ROW TAG: [GI4_RECIPE_Data_OP30_PTL_14_Qta] value: [7] (FROM RECIPE_ROW) recipeId: [35a76e25bee144578b8d41543ae911fd] tagID=[1e1a67aab00c40568e55d6a9cb7e929c] set TAG_NEW=0,DB DEBUG,fe_LotRecipeRowCheckCreateByRecipe,c05dcd762e4b4b5a99224c48445d7683,3
64574,06/05/2026 13:12:19,INSERT in LOT_RECIPE_ROW TAG: [GI4_RECIPE_Data_OP10_PTL_2_CellUnion] value: [0] (FROM RECIPE_ROW) recipeId: [35a76e25bee144578b8d41543ae911fd] tagID=[1da4b4e89476455ba061456cde4d84bc] set TAG_NEW=0,DB DEBUG,fe_LotRecipeRowCheckCreateByRecipe,c05dcd762e4b4b5a99224c48445d7683,3
64573,06/05/2026 13:12:19,INSERT in LOT_RECIPE_ROW TAG: [GI4_RECIPE_Data_OP10_PTL_12_PartNumber] value: [] (FROM RECIPE_ROW) recipeId: [35a76e25bee144578b8d41543ae911fd] tagID=[1c6bdf1e83a74aaca4e2c6a37d60fdd3] set TAG_NEW=0,DB DEBUG,fe_LotRecipeRowCheckCreateByRecipe,c05dcd762e4b4b5a99224c48445d7683,3
64572,06/05/2026 13:12:19,INSERT in LOT_RECIPE_ROW TAG: [GI4_RECIPE_Data_OP30_PTL_30_Cell] value: [0] (FROM RECIPE_ROW) recipeId: [35a76e25bee144578b8d41543ae911fd] tagID=[1c292609bff545948b1b50178f98734a] set TAG_NEW=0,DB DEBUG,fe_LotRecipeRowCheckCreateByRecipe,c05dcd762e4b4b5a99224c48445d7683,3
64571,06/05/2026 13:12:19,INSERT in LOT_RECIPE_ROW TAG: [GI4_RECIPE_Data_OP30_PTL_9_Description] value: [AN.ANTIESTR.PIASTRA SNP3] (FROM RECIPE_ROW) recipeId: [35a76e25bee144578b8d41543ae911fd] tagID=[1b395e351c7a424faee5b72d6916e004] set TAG_NEW=0,DB DEBUG,fe_LotRecipeRowCheckCreateByRecipe,c05dcd762e4b4b5a99224c48445d7683,3
64570,06/05/2026 13:12:19,INSERT in LOT_RECIPE_ROW TAG: [GI4_RECIPE_Data_OP30_PTL_20_Qta] value: [0] (FROM RECIPE_ROW) recipeId: [35a76e25bee144578b8d41543ae911fd] tagID=[1ae24f3c9bd843b5bdae323af5e44833] set TAG_NEW=0,DB DEBUG,fe_LotRecipeRowCheckCreateByRecipe,c05dcd762e4b4b5a99224c48445d7683,3
64569,06/05/2026 13:12:19,INSERT in LOT_RECIPE_ROW TAG: [GI4_RECIPE_Data_OP10_PTL_31_PartNumber] value: [] (FROM RECIPE_ROW) recipeId: [35a76e25bee144578b8d41543ae911fd] tagID=[1adcf7bd1d72448bb87b3b30dd715166] set TAG_NEW=0,DB DEBUG,fe_LotRecipeRowCheckCreateByRecipe,c05dcd762e4b4b5a99224c48445d7683,3
64568,06/05/2026 13:12:19,INSERT in LOT_RECIPE_ROW TAG: [GI4_RECIPE_Data_OP10_PTL_9_CellUnion] value: [0] (FROM RECIPE_ROW) recipeId: [35a76e25bee144578b8d41543ae911fd] tagID=[1a1c23ee431f4728b01677039593bc81] set TAG_NEW=0,DB DEBUG,fe_LotRecipeRowCheckCreateByRecipe,c05dcd762e4b4b5a99224c48445d7683,3
64567,06/05/2026 13:12:19,INSERT in LOT_RECIPE_ROW TAG: [GI4_RECIPE_Data_OP30_PTL_12_PartNumber] value: [11282842] (FROM RECIPE_ROW) recipeId: [35a76e25bee144578b8d41543ae911fd] tagID=[1897909b17784365ae9be36b71a37912] set TAG_NEW=0,DB DEBUG,fe_LotRecipeRowCheckCreateByRecipe,c05dcd762e4b4b5a99224c48445d7683,3
64566,06/05/2026 13:12:19,INSERT in LOT_RECIPE_ROW TAG: [GI4_RECIPE_Data_OP30_PTL_5_Qta] value: [15] (FROM RECIPE_ROW) recipeId: [35a76e25bee144578b8d41543ae911fd] tagID=[17e58e802fdb4886a00ee2df555cccc2] set TAG_NEW=0,DB DEBUG,fe_LotRecipeRowCheckCreateByRecipe,c05dcd762e4b4b5a99224c48445d7683,3
64565,06/05/2026 13:12:19,INSERT in LOT_RECIPE_ROW TAG: [GI4_RECIPE_Data_OP30_PTL_32_Qta] value: [0] (FROM RECIPE_ROW) recipeId: [35a76e25bee144578b8d41543ae911fd] tagID=[17bfebdd36ed4d268e65b73ad2683657] set TAG_NEW=0,DB DEBUG,fe_LotRecipeRowCheckCreateByRecipe,c05dcd762e4b4b5a99224c48445d7683,3
64564,06/05/2026 13:12:19,INSERT in LOT_RECIPE_ROW TAG: [GI4_RECIPE_Data_OP30_PTL_13_CellUnion] value: [0] (FROM RECIPE_ROW) recipeId: [35a76e25bee144578b8d41543ae911fd] tagID=[171ef8f151874a64b2aa6d76fa9e011e] set TAG_NEW=0,DB DEBUG,fe_LotRecipeRowCheckCreateByRecipe,c05dcd762e4b4b5a99224c48445d7683,3
64563,06/05/2026 13:12:19,INSERT in LOT_RECIPE_ROW TAG: [GI4_RECIPE_Data_OP30_PTL_8_CellUnion] value: [0] (FROM RECIPE_ROW) recipeId: [35a76e25bee144578b8d41543ae911fd] tagID=[16825f04574b4c16b4ab3c9fc79ebec3] set TAG_NEW=0,DB DEBUG,fe_LotRecipeRowCheckCreateByRecipe,c05dcd762e4b4b5a99224c48445d7683,3
64562,06/05/2026 13:12:19,INSERT in LOT_RECIPE_ROW TAG: [GI4_RECIPE_Data_OP30_PTL_27_PartNumber] value: [] (FROM RECIPE_ROW) recipeId: [35a76e25bee144578b8d41543ae911fd] tagID=[152ff83f6425493d8ee154c7474edc49] set TAG_NEW=0,DB DEBUG,fe_LotRecipeRowCheckCreateByRecipe,c05dcd762e4b4b5a99224c48445d7683,3
64561,06/05/2026 13:12:19,INSERT in LOT_RECIPE_ROW TAG: [GI4_RECIPE_Data_OP10_PTL_6_Qta] value: [7] (FROM RECIPE_ROW) recipeId: [35a76e25bee144578b8d41543ae911fd] tagID=[149871b6a096497a9ec64f62ca13eb4b] set TAG_NEW=0,DB DEBUG,fe_LotRecipeRowCheckCreateByRecipe,c05dcd762e4b4b5a99224c48445d7683,3
64560,06/05/2026 13:12:19,INSERT in LOT_RECIPE_ROW TAG: [GI4_RECIPE_Data_OP10_PTL_4_Qta] value: [1] (FROM RECIPE_ROW) recipeId: [35a76e25bee144578b8d41543ae911fd] tagID=[142c9d2d9d404cae81c1f59ae4da360d] set TAG_NEW=0,DB DEBUG,fe_LotRecipeRowCheckCreateByRecipe,c05dcd762e4b4b5a99224c48445d7683,3
64559,06/05/2026 13:12:19,INSERT in LOT_RECIPE_ROW TAG: [GI4_RECIPE_Data_OP30_PTL_31_Cell] value: [0] (FROM RECIPE_ROW) recipeId: [35a76e25bee144578b8d41543ae911fd] tagID=[138d7ec4d945404cb05a6c2acc6e26c9] set TAG_NEW=0,DB DEBUG,fe_LotRecipeRowCheckCreateByRecipe,c05dcd762e4b4b5a99224c48445d7683,3
64558,06/05/2026 13:12:19,INSERT in LOT_RECIPE_ROW TAG: [GI4_RECIPE_Data_OP10_PTL_28_Description] value: [] (FROM RECIPE_ROW) recipeId: [35a76e25bee144578b8d41543ae911fd] tagID=[12a6a0eb336a45538a178cbcfbba8b13] set TAG_NEW=0,DB DEBUG,fe_LotRecipeRowCheckCreateByRecipe,c05dcd762e4b4b5a99224c48445d7683,3
64557,06/05/2026 13:12:19,INSERT in LOT_RECIPE_ROW TAG: [GI4_RECIPE_Data_OP30_PTL_24_CellUnion] value: [0] (FROM RECIPE_ROW) recipeId: [35a76e25bee144578b8d41543ae911fd] tagID=[11fead26f2374b1895abe418c9d7bf56] set TAG_NEW=0,DB DEBUG,fe_LotRecipeRowCheckCreateByRecipe,c05dcd762e4b4b5a99224c48445d7683,3
64556,06/05/2026 13:12:19,INSERT in LOT_RECIPE_ROW TAG: [GI4_RECIPE_Data_OP30_PTL_19_PartNumber] value: [] (FROM RECIPE_ROW) recipeId: [35a76e25bee144578b8d41543ae911fd] tagID=[117d55a6eec74686af0d4085044334ff] set TAG_NEW=0,DB DEBUG,fe_LotRecipeRowCheckCreateByRecipe,c05dcd762e4b4b5a99224c48445d7683,3
64555,06/05/2026 13:12:19,INSERT in LOT_RECIPE_ROW TAG: [GI4_RECIPE_Data_OP30_PTL_28_PartNumber] value: [] (FROM RECIPE_ROW) recipeId: [35a76e25bee144578b8d41543ae911fd] tagID=[108fa0aa4e9b422cb0c37060f5f8251a] set TAG_NEW=0,DB DEBUG,fe_LotRecipeRowCheckCreateByRecipe,c05dcd762e4b4b5a99224c48445d7683,3
64554,06/05/2026 13:12:19,INSERT in LOT_RECIPE_ROW TAG: [GI4_RECIPE_Data_OP30_PTL_28_Cell] value: [0] (FROM RECIPE_ROW) recipeId: [35a76e25bee144578b8d41543ae911fd] tagID=[1064907859704583a8bb1acb185d83ab] set TAG_NEW=0,DB DEBUG,fe_LotRecipeRowCheckCreateByRecipe,c05dcd762e4b4b5a99224c48445d7683,3
64553,06/05/2026 13:12:19,INSERT in LOT_RECIPE_ROW TAG: [GI4_RECIPE_Data_OP30_PTL_15_PartNumber] value: [] (FROM RECIPE_ROW) recipeId: [35a76e25bee144578b8d41543ae911fd] tagID=[0f861d9887f547c4a700d24785651f0c] set TAG_NEW=0,DB DEBUG,fe_LotRecipeRowCheckCreateByRecipe,c05dcd762e4b4b5a99224c48445d7683,3
64552,06/05/2026 13:12:19,INSERT in LOT_RECIPE_ROW TAG: [GI4_RECIPE_Data_OP10_PTL_3_PartNumber] value: [314.0060.0.00] (FROM RECIPE_ROW) recipeId: [35a76e25bee144578b8d41543ae911fd] tagID=[0ecb09489ff542bdbdd43d40a6c9512f] set TAG_NEW=0,DB DEBUG,fe_LotRecipeRowCheckCreateByRecipe,c05dcd762e4b4b5a99224c48445d7683,3
64551,06/05/2026 13:12:19,INSERT in LOT_RECIPE_ROW TAG: [GI4_RECIPE_Data_OP30_PTL_14_Cell] value: [12] (FROM RECIPE_ROW) recipeId: [35a76e25bee144578b8d41543ae911fd] tagID=[0cf9f78a5123498ab6e2b33cc7e7cdb5] set TAG_NEW=0,DB DEBUG,fe_LotRecipeRowCheckCreateByRecipe,c05dcd762e4b4b5a99224c48445d7683,3
64550,06/05/2026 13:12:19,INSERT in LOT_RECIPE_ROW TAG: [GI4_RECIPE_Data_OP10_PTL_31_Qta] value: [0] (FROM RECIPE_ROW) recipeId: [35a76e25bee144578b8d41543ae911fd] tagID=[0cae3beb3c844e07b0495201a61d0a6b] set TAG_NEW=0,DB DEBUG,fe_LotRecipeRowCheckCreateByRecipe,c05dcd762e4b4b5a99224c48445d7683,3
64549,06/05/2026 13:12:19,INSERT in LOT_RECIPE_ROW TAG: [GI4_RECIPE_Data_OP30_PTL_8_Description] value: [GUAR.BILANC.PIASTRA SNP3] (FROM RECIPE_ROW) recipeId: [35a76e25bee144578b8d41543ae911fd] tagID=[0c50c86c64814102b8bf9d50bea4121c] set TAG_NEW=0,DB DEBUG,fe_LotRecipeRowCheckCreateByRecipe,c05dcd762e4b4b5a99224c48445d7683,3
64548,06/05/2026 13:12:19,INSERT in LOT_RECIPE_ROW TAG: [GI4_RECIPE_Data_OP30_PTL_24_Description] value: [] (FROM RECIPE_ROW) recipeId: [35a76e25bee144578b8d41543ae911fd] tagID=[08e01c362a124f688baffd9b72b42d55] set TAG_NEW=0,DB DEBUG,fe_LotRecipeRowCheckCreateByRecipe,c05dcd762e4b4b5a99224c48445d7683,3
64547,06/05/2026 13:12:19,INSERT in LOT_RECIPE_ROW TAG: [GI4_RECIPE_Data_OP10_PTL_25_PartNumber] value: [] (FROM RECIPE_ROW) recipeId: [35a76e25bee144578b8d41543ae911fd] tagID=[08c052c80fc44199978244ded6f644a8] set TAG_NEW=0,DB DEBUG,fe_LotRecipeRowCheckCreateByRecipe,c05dcd762e4b4b5a99224c48445d7683,3
64546,06/05/2026 13:12:19,INSERT in LOT_RECIPE_ROW TAG: [GI4_RECIPE_Data_OP10_PTL_23_CellUnion] value: [0] (FROM RECIPE_ROW) recipeId: [35a76e25bee144578b8d41543ae911fd] tagID=[08a1b948dc2b43adb6f3a5f05a6e7c10] set TAG_NEW=0,DB DEBUG,fe_LotRecipeRowCheckCreateByRecipe,c05dcd762e4b4b5a99224c48445d7683,3
64545,06/05/2026 13:12:19,INSERT in LOT_RECIPE_ROW TAG: [GI4_RECIPE_Data_OP30_PTL_25_Cell] value: [0] (FROM RECIPE_ROW) recipeId: [35a76e25bee144578b8d41543ae911fd] tagID=[0825757efe7a4a17ad0a2f68fc354c13] set TAG_NEW=0,DB DEBUG,fe_LotRecipeRowCheckCreateByRecipe,c05dcd762e4b4b5a99224c48445d7683,3
64544,06/05/2026 13:12:19,INSERT in LOT_RECIPE_ROW TAG: [GI4_RECIPE_Data_OP30_PTL_2_Qta] value: [15] (FROM RECIPE_ROW) recipeId: [35a76e25bee144578b8d41543ae911fd] tagID=[0595c7172ef94685bfe9c025f6ad73b0] set TAG_NEW=0,DB DEBUG,fe_LotRecipeRowCheckCreateByRecipe,c05dcd762e4b4b5a99224c48445d7683,3
64543,06/05/2026 13:12:19,INSERT in LOT_RECIPE_ROW TAG: [GI4_RECIPE_Data_OP30_PTL_24_PartNumber] value: [] (FROM RECIPE_ROW) recipeId: [35a76e25bee144578b8d41543ae911fd] tagID=[04e5d1459c974a708aa383b3539f6b54] set TAG_NEW=0,DB DEBUG,fe_LotRecipeRowCheckCreateByRecipe,c05dcd762e4b4b5a99224c48445d7683,3
64542,06/05/2026 13:12:19,INSERT in LOT_RECIPE_ROW TAG: [GI4_RECIPE_Data_OP30_PTL_14_CellUnion] value: [0] (FROM RECIPE_ROW) recipeId: [35a76e25bee144578b8d41543ae911fd] tagID=[03fe10dfb8324b348a02ff128543273e] set TAG_NEW=0,DB DEBUG,fe_LotRecipeRowCheckCreateByRecipe,c05dcd762e4b4b5a99224c48445d7683,3
64541,06/05/2026 13:12:19,INSERT in LOT_RECIPE_ROW TAG: [GI4_RECIPE_Data_OP30_PTL_26_CellUnion] value: [0] (FROM RECIPE_ROW) recipeId: [35a76e25bee144578b8d41543ae911fd] tagID=[03eff61cd6c4460ab6aa437ee0a2cc4f] set TAG_NEW=0,DB DEBUG,fe_LotRecipeRowCheckCreateByRecipe,c05dcd762e4b4b5a99224c48445d7683,3
64540,06/05/2026 13:12:19,INSERT in LOT_RECIPE_ROW TAG: [GI4_RECIPE_Data_OP30_PTL_2_PartNumber] value: [311.1925.0.00] (FROM RECIPE_ROW) recipeId: [35a76e25bee144578b8d41543ae911fd] tagID=[02b85a6445fd4f509ff0590d881cbfd7] set TAG_NEW=0,DB DEBUG,fe_LotRecipeRowCheckCreateByRecipe,c05dcd762e4b4b5a99224c48445d7683,3
64539,06/05/2026 13:12:19,INSERT in LOT_RECIPE_ROW TAG: [GI4_RECIPE_Data_OP30_PTL_19_Cell] value: [0] (FROM RECIPE_ROW) recipeId: [35a76e25bee144578b8d41543ae911fd] tagID=[02b3ddb59fc142e19bc8f2344bfb4f72] set TAG_NEW=0,DB DEBUG,fe_LotRecipeRowCheckCreateByRecipe,c05dcd762e4b4b5a99224c48445d7683,3
64538,06/05/2026 13:12:19,INSERT in LOT_RECIPE_ROW TAG: [GI4_RECIPE_Data_OP10_PTL_11_Cell] value: [0] (FROM RECIPE_ROW) recipeId: [35a76e25bee144578b8d41543ae911fd] tagID=[01f796dc632e41b4ab097c1ecabb4b0f] set TAG_NEW=0,DB DEBUG,fe_LotRecipeRowCheckCreateByRecipe,c05dcd762e4b4b5a99224c48445d7683,3
64537,06/05/2026 13:12:19,INSERT in LOT_RECIPE_ROW TAG: [GI4_RECIPE_Data_OP10_PTL_9_Qta] value: [0] (FROM RECIPE_ROW) recipeId: [35a76e25bee144578b8d41543ae911fd] tagID=[01b54df8c5c8431fbdfa8884310acd28] set TAG_NEW=0,DB DEBUG,fe_LotRecipeRowCheckCreateByRecipe,c05dcd762e4b4b5a99224c48445d7683,3
64536,06/05/2026 13:12:19,INSERT in LOT_RECIPE_ROW TAG: [GI4_RECIPE_Data_OP10_PTL_19_CellUnion] value: [0] (FROM RECIPE_ROW) recipeId: [35a76e25bee144578b8d41543ae911fd] tagID=[010d32c109574379bfeff5dd778e4596] set TAG_NEW=0,DB DEBUG,fe_LotRecipeRowCheckCreateByRecipe,c05dcd762e4b4b5a99224c48445d7683,3
64535,06/05/2026 13:12:19,INSERT in LOT_RECIPE_ROW TAG: [GI4_RECIPE_Data_OP10_PTL_9_Cell] value: [0] (FROM RECIPE_ROW) recipeId: [35a76e25bee144578b8d41543ae911fd] tagID=[00bf0c48f06d421fa49b67d755982f66] set TAG_NEW=0,DB DEBUG,fe_LotRecipeRowCheckCreateByRecipe,c05dcd762e4b4b5a99224c48445d7683,3
64534,06/05/2026 13:12:19,INSERT in LOT_RECIPE_ROW TAG: [GI4_RECIPE_Data_OP30_PTL_2_Description] value: [RE SNP3/22      SC71 ....] (FROM RECIPE_ROW) recipeId: [35a76e25bee144578b8d41543ae911fd] tagID=[00b1fda64a62469b8e3742551e16ce95] set TAG_NEW=0,DB DEBUG,fe_LotRecipeRowCheckCreateByRecipe,c05dcd762e4b4b5a99224c48445d7683,3
64864,06/05/2026 13:12:19,Cambiato Lotto/ricetta in coda - LotNew=[74c044b07a5e4e89bce1b3f2fa6e2591] era [NULL]; RecipeNew=[35a76e25bee144578b8d41543ae911fd].[NULL era [2].[(NULL),DB DEBUG,fid_MachineFindSetNextLot,c05dcd762e4b4b5a99224c48445d7683,3
64863,06/05/2026 13:12:19,Elaboro lotti in coda per linea=fc0ef60c8da844d5a531b293ac0b857b,DB DEBUG,fe_LineSetNextLot,fc0ef60c8da844d5a531b293ac0b857b,3
64865,06/05/2026 13:12:19,Lotto [59959535}] ricetta [11278381-59959535] ver [2] wasLotPresent=0 wasRecipePresent=1 insertedRows=241 updatedRows=0,NODE-RED,CheckCreateLotDone,c05dcd762e4b4b5a99224c48445d7683,0
64952,06/05/2026 13:12:32,set TAG = [GI4_RECIPE_Data_OP30_PTL_14_Qta].value_tag=[7] era [0] tagID=[1e1a67aab00c40568e55d6a9cb7e929c],DB DEBUG,fid_MachineNextLotStart,null,3
64951,06/05/2026 13:12:32,set TAG = [GI4_RECIPE_Data_OP30_PTL_14_PartNumber].value_text=[5713.54.2579] era [] tagID=[adc6dee299e94b74a6c5d5d7fc477174],DB DEBUG,fid_MachineNextLotStart,null,3
64950,06/05/2026 13:12:32,set TAG = [GI4_RECIPE_Data_OP30_PTL_14_Description].value_text=[TCCE M10x30 UNI5931-12K- br.] era [] tagID=[4812e17c8ac14e9a9c0ef1b4b4696b0b],DB DEBUG,fid_MachineNextLotStart,null,3
64949,06/05/2026 13:12:32,set TAG = [GI4_RECIPE_Data_OP30_PTL_14_Cell].value_tag=[12] era [0] tagID=[0cf9f78a5123498ab6e2b33cc7e7cdb5],DB DEBUG,fid_MachineNextLotStart,null,3
64948,06/05/2026 13:12:32,set TAG = [GI4_RECIPE_Data_OP30_PTL_13_Qta].value_tag=[7] era [0] tagID=[374dd1ca558346c198cd868b38086280],DB DEBUG,fid_MachineNextLotStart,null,3
64947,06/05/2026 13:12:32,set TAG = [GI4_RECIPE_Data_OP30_PTL_13_PartNumber].value_text=[5011.31.2215] era [] tagID=[4419482991d445749bca6c4b6b6b4edc],DB DEBUG,fid_MachineNextLotStart,null,3
64946,06/05/2026 13:12:32,set TAG = [GI4_RECIPE_Data_OP30_PTL_13_Description].value_text=[SPINA COLL. D.8x15 sim. UNI E] era [] tagID=[fc7c0d2bb0404817a3b5522808550b35],DB DEBUG,fid_MachineNextLotStart,null,3
64945,06/05/2026 13:12:32,set TAG = [GI4_RECIPE_Data_OP30_PTL_13_Cell].value_tag=[30] era [0] tagID=[322607fdab0d48e482f702551a084233],DB DEBUG,fid_MachineNextLotStart,null,3
64944,06/05/2026 13:12:32,set TAG = [GI4_RECIPE_Data_OP30_PTL_12_Qta].value_tag=[7] era [0] tagID=[e272e191e59948aeb7ea87968fe68743],DB DEBUG,fid_MachineNextLotStart,null,3
64943,06/05/2026 13:12:32,set TAG = [GI4_RECIPE_Data_OP30_PTL_12_PartNumber].value_text=[11282842] era [] tagID=[1897909b17784365ae9be36b71a37912],DB DEBUG,fid_MachineNextLotStart,null,3
64942,06/05/2026 13:12:32,"set TAG = [GI4_RECIPE_Data_OP30_PTL_12_Description].value_text=[PRE-SHAPED  OR SEAL88,57 x 2,] era [] tagID=[9968ccfe92584960b1373e007a2970ca]",DB DEBUG,fid_MachineNextLotStart,null,3
64941,06/05/2026 13:12:32,set TAG = [GI4_RECIPE_Data_OP30_PTL_12_Cell].value_tag=[29] era [0] tagID=[60941a4aae8f4f1a9ce01295056d6dd6],DB DEBUG,fid_MachineNextLotStart,null,3
64940,06/05/2026 13:12:32,set TAG = [GI4_RECIPE_Data_OP30_PTL_11_Qta].value_tag=[1] era [0] tagID=[7485e62704ef4a809acab6146f70165f],DB DEBUG,fid_MachineNextLotStart,null,3
64939,06/05/2026 13:12:32,set TAG = [GI4_RECIPE_Data_OP30_PTL_11_PartNumber].value_text=[MEZZO CORPO] era [] tagID=[48aacd5c08a34d18bbf3bb7419fa3ab4],DB DEBUG,fid_MachineNextLotStart,null,3
64938,06/05/2026 13:12:32,set TAG = [GI4_RECIPE_Data_OP30_PTL_11_Description].value_text=[MEZZO CORPO INSERIMENTO BOCCOLE] era [] tagID=[8221d86a3f8d40afa93cc9f830cee8ce],DB DEBUG,fid_MachineNextLotStart,null,3
64937,06/05/2026 13:12:32,set TAG = [GI4_RECIPE_Data_OP30_PTL_11_Cell].value_tag=[32] era [0] tagID=[ad7f7fe44f0a4a5cbd5acbab5052351e],DB DEBUG,fid_MachineNextLotStart,null,3
64936,06/05/2026 13:12:32,set TAG = [GI4_RECIPE_Data_OP30_PTL_10_Qta].value_tag=[7] era [0] tagID=[48e969b5856d4c9d82336b1e072b1bba],DB DEBUG,fid_MachineNextLotStart,null,3
64935,06/05/2026 13:12:32,set TAG = [GI4_RECIPE_Data_OP30_PTL_10_PartNumber].value_text=[314.0060.0.00] era [] tagID=[3a58c2366cbe4e0a840abbf4b877bace],DB DEBUG,fid_MachineNextLotStart,null,3
64934,06/05/2026 13:12:32,set TAG = [GI4_RECIPE_Data_OP30_PTL_10_Description].value_text=[GUAR.DI CONT. BOCC.SNP3] era [] tagID=[c106b0472bc946af8adb552982d35391],DB DEBUG,fid_MachineNextLotStart,null,3
64933,06/05/2026 13:12:32,set TAG = [GI4_RECIPE_Data_OP30_PTL_10_Cell].value_tag=[21] era [0] tagID=[7a725dc198044ac18b7412e722838ca5],DB DEBUG,fid_MachineNextLotStart,null,3
64932,06/05/2026 13:12:32,set TAG = [GI4_RECIPE_Data_OP30_PTL_9_Qta].value_tag=[7] era [0] tagID=[520695cbf77546e5812b02406ba8f089],DB DEBUG,fid_MachineNextLotStart,null,3
64931,06/05/2026 13:12:32,set TAG = [GI4_RECIPE_Data_OP30_PTL_9_PartNumber].value_text=[313.0039.1.00] era [] tagID=[fc2257a112b54dc2a793c18e6f620bae],DB DEBUG,fid_MachineNextLotStart,null,3
64930,06/05/2026 13:12:32,set TAG = [GI4_RECIPE_Data_OP30_PTL_9_Description].value_text=[AN.ANTIESTR.PIASTRA SNP3] era [] tagID=[1b395e351c7a424faee5b72d6916e004],DB DEBUG,fid_MachineNextLotStart,null,3
64929,06/05/2026 13:12:32,set TAG = [GI4_RECIPE_Data_OP30_PTL_9_Cell].value_tag=[23] era [0] tagID=[1e41bea737484150b9810803137db848],DB DEBUG,fid_MachineNextLotStart,null,3
64928,06/05/2026 13:12:32,set TAG = [GI4_RECIPE_Data_OP30_PTL_8_Qta].value_tag=[7] era [0] tagID=[85fb34eba80d4fb38ad706d6bc51c136],DB DEBUG,fid_MachineNextLotStart,null,3
64927,06/05/2026 13:12:32,set TAG = [GI4_RECIPE_Data_OP30_PTL_8_PartNumber].value_text=[314.0059.0.00] era [] tagID=[7807e14906eb46aa9f1939eb0ad14cc8],DB DEBUG,fid_MachineNextLotStart,null,3
64926,06/05/2026 13:12:32,set TAG = [GI4_RECIPE_Data_OP30_PTL_8_Description].value_text=[GUAR.BILANC.PIASTRA SNP3] era [] tagID=[0c50c86c64814102b8bf9d50bea4121c],DB DEBUG,fid_MachineNextLotStart,null,3
64925,06/05/2026 13:12:32,set TAG = [GI4_RECIPE_Data_OP30_PTL_8_Cell].value_tag=[22] era [0] tagID=[bb92791e866e4d888fd699bdab2462a3],DB DEBUG,fid_MachineNextLotStart,null,3
64924,06/05/2026 13:12:32,set TAG = [GI4_RECIPE_Data_OP30_PTL_7_Qta].value_tag=[15] era [0] tagID=[3640890fbc5649c38727f3cec1b1e5f2],DB DEBUG,fid_MachineNextLotStart,null,3
64923,06/05/2026 13:12:32,set TAG = [GI4_RECIPE_Data_OP30_PTL_7_PartNumber].value_text=[5009.01.0034] era [] tagID=[dfbda0b35a5c49b8819953f342e53512],DB DEBUG,fid_MachineNextLotStart,null,3
64922,06/05/2026 13:12:32,set TAG = [GI4_RECIPE_Data_OP30_PTL_7_Description].value_text=[TAPPO PER FORO DIAM. 27] era [] tagID=[94025c26c59641fa8ca85675332ce390],DB DEBUG,fid_MachineNextLotStart,null,3
64921,06/05/2026 13:12:32,set TAG = [GI4_RECIPE_Data_OP30_PTL_6_Qta].value_tag=[15] era [0] tagID=[d8586c93e6cf42cf8b806d67a901041c],DB DEBUG,fid_MachineNextLotStart,null,3
64920,06/05/2026 13:12:32,set TAG = [GI4_RECIPE_Data_OP30_PTL_6_PartNumber].value_text=[5009.01.0021] era [] tagID=[b8b9fa36e33a4e14a2374c935ab0585d],DB DEBUG,fid_MachineNextLotStart,null,3
64919,06/05/2026 13:12:32,set TAG = [GI4_RECIPE_Data_OP30_PTL_6_Description].value_text=[TAPPO PER FORO DIAM. 48] era [] tagID=[3fbdcfa4cbe54f72b48bbfa700784f6d],DB DEBUG,fid_MachineNextLotStart,null,3
64918,06/05/2026 13:12:32,set TAG = [GI4_RECIPE_Data_OP30_PTL_5_Qta].value_tag=[15] era [0] tagID=[17e58e802fdb4886a00ee2df555cccc2],DB DEBUG,fid_MachineNextLotStart,null,3
64917,06/05/2026 13:12:32,set TAG = [GI4_RECIPE_Data_OP30_PTL_5_PartNumber].value_text=[5009.01.0004] era [] tagID=[d3ef201d06a94d69bb216c88bf4a33ea],DB DEBUG,fid_MachineNextLotStart,null,3
64916,06/05/2026 13:12:32,set TAG = [GI4_RECIPE_Data_OP30_PTL_5_Description].value_text=[TAPPO PER FORO DIAM. 20] era [] tagID=[e53c254a4d5645ba96ad637a909db04d],DB DEBUG,fid_MachineNextLotStart,null,3
64915,06/05/2026 13:12:32,set TAG = [GI4_RECIPE_Data_OP30_PTL_4_Qta].value_tag=[15] era [0] tagID=[7ca06a06c6814e5482f933de89dca8a1],DB DEBUG,fid_MachineNextLotStart,null,3
64914,06/05/2026 13:12:32,set TAG = [GI4_RECIPE_Data_OP30_PTL_4_PartNumber].value_text=[315.0017.0.00] era [] tagID=[db25e4537dce4403bb74d9bd31294088],DB DEBUG,fid_MachineNextLotStart,null,3
64913,06/05/2026 13:12:32,set TAG = [GI4_RECIPE_Data_OP30_PTL_4_Description].value_text=[PIASTRA DI BILANC. SNP3] era [] tagID=[85dd705906f34a43a06a48e2fa5562d0],DB DEBUG,fid_MachineNextLotStart,null,3
64912,06/05/2026 13:12:32,set TAG = [GI4_RECIPE_Data_OP30_PTL_3_Qta].value_tag=[15] era [0] tagID=[f5092d456a0f4d6ba72d15f5021c30ef],DB DEBUG,fid_MachineNextLotStart,null,3
64911,06/05/2026 13:12:32,set TAG = [GI4_RECIPE_Data_OP30_PTL_3_PartNumber].value_text=[11180057] era [] tagID=[4ed4ea17a6e443da814e915f4e0eebca],DB DEBUG,fid_MachineNextLotStart,null,3
64910,06/05/2026 13:12:32,set TAG = [GI4_RECIPE_Data_OP30_PTL_3_Description].value_text=[TARGHETTA ADESIVA GRIGIA 44x2] era [] tagID=[6c0199243d38436b93a2b418272ded79],DB DEBUG,fid_MachineNextLotStart,null,3
64909,06/05/2026 13:12:32,set TAG = [GI4_RECIPE_Data_OP30_PTL_2_Qta].value_tag=[15] era [0] tagID=[0595c7172ef94685bfe9c025f6ad73b0],DB DEBUG,fid_MachineNextLotStart,null,3
64908,06/05/2026 13:12:32,set TAG = [GI4_RECIPE_Data_OP30_PTL_2_PartNumber].value_text=[311.1925.0.00] era [] tagID=[02b85a6445fd4f509ff0590d881cbfd7],DB DEBUG,fid_MachineNextLotStart,null,3
64907,06/05/2026 13:12:32,set TAG = [GI4_RECIPE_Data_OP30_PTL_2_Description].value_text=[RE SNP3/22      SC71 ....] era [] tagID=[00b1fda64a62469b8e3742551e16ce95],DB DEBUG,fid_MachineNextLotStart,null,3
64906,06/05/2026 13:12:32,set TAG = [GI4_RECIPE_Data_OP30_PTL_1_Qta].value_tag=[15] era [0] tagID=[d65957a68f104b35b957c4a45caf82c7],DB DEBUG,fid_MachineNextLotStart,null,3
64905,06/05/2026 13:12:32,set TAG = [GI4_RECIPE_Data_OP30_PTL_1_PartNumber].value_text=[11310055] era [] tagID=[7ce37947270449218f875eea849a2044],DB DEBUG,fid_MachineNextLotStart,null,3
64904,06/05/2026 13:12:32,set TAG = [GI4_RECIPE_Data_OP30_PTL_1_Description].value_text=[BEARING+DU BUSSLE SNP3 (BOLIN] era [] tagID=[6edf7c9599df40aaa064ea22db7144e7],DB DEBUG,fid_MachineNextLotStart,null,3
64903,06/05/2026 13:12:32,set TAG = [GI4_RECIPE_Data_OP10_PTL_7_Qta].value_tag=[7] era [0] tagID=[d25c3d47b2b94538ba9fac551fd3af4b],DB DEBUG,fid_MachineNextLotStart,null,3
64902,06/05/2026 13:12:32,set TAG = [GI4_RECIPE_Data_OP10_PTL_7_PartNumber].value_text=[5713.54.2579] era [] tagID=[81ede46cf2a0429eb773b4da4e5f1846],DB DEBUG,fid_MachineNextLotStart,null,3
64901,06/05/2026 13:12:32,set TAG = [GI4_RECIPE_Data_OP10_PTL_7_Description].value_text=[TCCE M10x30 UNI5931-12K- br.] era [] tagID=[ac7747aadd5a48bc8af7192c4715ad52],DB DEBUG,fid_MachineNextLotStart,null,3
64900,06/05/2026 13:12:32,set TAG = [GI4_RECIPE_Data_OP10_PTL_7_Cell].value_tag=[13] era [0] tagID=[db50e99aa2c24f838f434a2528b515a5],DB DEBUG,fid_MachineNextLotStart,null,3
64899,06/05/2026 13:12:32,set TAG = [GI4_RECIPE_Data_OP10_PTL_6_Qta].value_tag=[7] era [0] tagID=[149871b6a096497a9ec64f62ca13eb4b],DB DEBUG,fid_MachineNextLotStart,null,3
64898,06/05/2026 13:12:32,set TAG = [GI4_RECIPE_Data_OP10_PTL_6_PartNumber].value_text=[5011.31.2215] era [] tagID=[f7ab839aa8ad49d8a42784dccb4de06a],DB DEBUG,fid_MachineNextLotStart,null,3
64897,06/05/2026 13:12:32,set TAG = [GI4_RECIPE_Data_OP10_PTL_6_Description].value_text=[SPINA COLL. D.8x15 sim. UNI E] era [] tagID=[8888b6c2b336454ea1dde3d0e777e26c],DB DEBUG,fid_MachineNextLotStart,null,3
64896,06/05/2026 13:12:32,set TAG = [GI4_RECIPE_Data_OP10_PTL_6_Cell].value_tag=[28] era [0] tagID=[9ca743ce62c64ec19306f9a7f58ee4b2],DB DEBUG,fid_MachineNextLotStart,null,3
64895,06/05/2026 13:12:32,set TAG = [GI4_RECIPE_Data_OP10_PTL_5_Qta].value_tag=[7] era [0] tagID=[2b5decc799564bc88555d022c4ea85a3],DB DEBUG,fid_MachineNextLotStart,null,3
64894,06/05/2026 13:12:32,set TAG = [GI4_RECIPE_Data_OP10_PTL_5_PartNumber].value_text=[11282842] era [] tagID=[4680db2a528748c2a56f1bfc1c19e36f],DB DEBUG,fid_MachineNextLotStart,null,3
64893,06/05/2026 13:12:32,"set TAG = [GI4_RECIPE_Data_OP10_PTL_5_Description].value_text=[PRE-SHAPED  OR SEAL88,57 x 2,] era [] tagID=[5a96b79ffc2047719c43e74778112047]",DB DEBUG,fid_MachineNextLotStart,null,3
64892,06/05/2026 13:12:32,set TAG = [GI4_RECIPE_Data_OP10_PTL_5_Cell].value_tag=[27] era [0] tagID=[d666969d2ef44fd2ae1aba775b049a59],DB DEBUG,fid_MachineNextLotStart,null,3
64891,06/05/2026 13:12:32,set TAG = [GI4_RECIPE_Data_OP10_PTL_4_Qta].value_tag=[1] era [0] tagID=[142c9d2d9d404cae81c1f59ae4da360d],DB DEBUG,fid_MachineNextLotStart,null,3
64890,06/05/2026 13:12:32,set TAG = [GI4_RECIPE_Data_OP10_PTL_4_PartNumber].value_text=[MEZZO CORPO] era [] tagID=[c72ce596a083481fba045f168c9a6b39],DB DEBUG,fid_MachineNextLotStart,null,3
64889,06/05/2026 13:12:32,set TAG = [GI4_RECIPE_Data_OP10_PTL_4_Description].value_text=[MEZZO CORPO INSERIMENTO BOCCOLE] era [] tagID=[490e6e11bbd44c5f92fcf23dcb7868d6],DB DEBUG,fid_MachineNextLotStart,null,3
64888,06/05/2026 13:12:32,set TAG = [GI4_RECIPE_Data_OP10_PTL_4_Cell].value_tag=[32] era [0] tagID=[336e0993097945d5b1a95047881dcb0d],DB DEBUG,fid_MachineNextLotStart,null,3
64887,06/05/2026 13:12:32,set TAG = [GI4_RECIPE_Data_OP10_PTL_3_Qta].value_tag=[7] era [0] tagID=[64b99ad7f39b4af1a1e9626de282e024],DB DEBUG,fid_MachineNextLotStart,null,3
64886,06/05/2026 13:12:32,set TAG = [GI4_RECIPE_Data_OP10_PTL_3_PartNumber].value_text=[314.0060.0.00] era [] tagID=[0ecb09489ff542bdbdd43d40a6c9512f],DB DEBUG,fid_MachineNextLotStart,null,3
64885,06/05/2026 13:12:32,set TAG = [GI4_RECIPE_Data_OP10_PTL_3_Description].value_text=[GUAR.DI CONT. BOCC.SNP3] era [] tagID=[ed4ebb4df0674166b847678c553a27d8],DB DEBUG,fid_MachineNextLotStart,null,3
64884,06/05/2026 13:12:32,set TAG = [GI4_RECIPE_Data_OP10_PTL_3_Cell].value_tag=[29] era [0] tagID=[49b0dafee5f943f0a8d84312bad8611a],DB DEBUG,fid_MachineNextLotStart,null,3
64883,06/05/2026 13:12:32,set TAG = [GI4_RECIPE_Data_OP10_PTL_2_Qta].value_tag=[7] era [0] tagID=[698b5b93bb8a41d5809063524e865c1b],DB DEBUG,fid_MachineNextLotStart,null,3
64882,06/05/2026 13:12:32,set TAG = [GI4_RECIPE_Data_OP10_PTL_2_PartNumber].value_text=[313.0039.1.00] era [] tagID=[97725c7e1be64b50af0a8ea3be69c4ab],DB DEBUG,fid_MachineNextLotStart,null,3
64881,06/05/2026 13:12:32,set TAG = [GI4_RECIPE_Data_OP10_PTL_2_Description].value_text=[AN.ANTIESTR.PIASTRA SNP3] era [] tagID=[692cff3bc5bb4dbcae04e9c68f313072],DB DEBUG,fid_MachineNextLotStart,null,3
64880,06/05/2026 13:12:32,set TAG = [GI4_RECIPE_Data_OP10_PTL_2_Cell].value_tag=[22] era [0] tagID=[bf8911c5ef4d46cca50bc6607b301bcb],DB DEBUG,fid_MachineNextLotStart,null,3
64879,06/05/2026 13:12:32,set TAG = [GI4_RECIPE_Data_OP10_PTL_1_Qta].value_tag=[7] era [0] tagID=[5a21fa6644594e34bb4c27ec532841c5],DB DEBUG,fid_MachineNextLotStart,null,3
64878,06/05/2026 13:12:32,set TAG = [GI4_RECIPE_Data_OP10_PTL_1_PartNumber].value_text=[314.0059.0.00] era [] tagID=[7eee7b9b5d3f4f3385918cf9bb6b7875],DB DEBUG,fid_MachineNextLotStart,null,3
64877,06/05/2026 13:12:32,set TAG = [GI4_RECIPE_Data_OP10_PTL_1_Description].value_text=[GUAR.BILANC.PIASTRA SNP3] era [] tagID=[d6291a14f33944dfa23f56376299e43c],DB DEBUG,fid_MachineNextLotStart,null,3
64876,06/05/2026 13:12:32,set TAG = [GI4_RECIPE_Data_OP10_PTL_1_Cell].value_tag=[21] era [0] tagID=[445a0a3d4bb74ef4a33c63abd027367f],DB DEBUG,fid_MachineNextLotStart,null,3
64875,06/05/2026 13:12:32,set TAG = [GI4_RECIPE_Data_QtaOrd].value_tag=[15] era [0] tagID=[651c889b30e34366b6504e28badaf6ad],DB DEBUG,fid_MachineNextLotStart,null,3
64874,06/05/2026 13:12:32,set TAG = [GI4_RECIPE_Data_ScrewProgram].value_tag=[1] era [0] tagID=[d512b9acdfc144c5a79d23a266dcbe3d],DB DEBUG,fid_MachineNextLotStart,null,3
64873,06/05/2026 13:12:32,set TAG = [GI4_RECIPE_Data_PrintType].value_tag=[1] era [0] tagID=[319e60a433a54b1986e7af6ab5b36d6e],DB DEBUG,fid_MachineNextLotStart,null,3
64872,06/05/2026 13:12:32,set TAG = [GI4_RECIPE_Data_PartNumber].value_text=[11278381] era [] tagID=[c83d6a238f06459f8a8779a32bb67758],DB DEBUG,fid_MachineNextLotStart,null,3
64871,06/05/2026 13:12:32,set TAG = [GI4_RECIPE_Data_Orientation].value_tag=[1] era [0] tagID=[659d2725213c419598cd5309a512dc6c],DB DEBUG,fid_MachineNextLotStart,null,3
64870,06/05/2026 13:12:32,set TAG = [GI4_RECIPE_Data_MasterModelCode].value_text=[SNO3NN/022LN11DMNNCAC7NNNN/NNNNN] era [] tagID=[2295f1d9dbe3459691489299eb02429f],DB DEBUG,fid_MachineNextLotStart,null,3
64869,06/05/2026 13:12:32,RECIPE HAS NO CHANGES; LOT: 74c044b07a5e4e89bce1b3f2fa6e2591; RECIPE: 35a76e25bee144578b8d41543ae911fd,DB,fe_LotRecipeRowCheckCreateByRecipe,c05dcd762e4b4b5a99224c48445d7683,0
64868,06/05/2026 13:12:32,i_machine_id=[c05dcd762e4b4b5a99224c48445d7683]v_next_lot_id=[74c044b07a5e4e89bce1b3f2fa6e2591]v_recipe_id=[35a76e25bee144578b8d41543ae911fd]v_recipe_version=[2]v_recipe_not_to_send=[0]v_update_to_last_recipe=[1]v_count_forced=[0],DB DEBUG,fid_MachineNextLotStart,null,3
64867,06/05/2026 13:12:32,FINE sp_LotMachineCloseOther machine=[c05dcd762e4b4b5a99224c48445d7683] lot_chiusi=[0],DB DEBUG,sp_LotMachineCloseOther,c05dcd762e4b4b5a99224c48445d7683,3
64866,06/05/2026 13:12:32,INIZIO sp_LotMachineCloseOther machine=[c05dcd762e4b4b5a99224c48445d7683] not_to_close=[74c044b07a5e4e89bce1b3f2fa6e2591],DB DEBUG,sp_LotMachineCloseOther,c05dcd762e4b4b5a99224c48445d7683,3
64953,06/05/2026 13:12:38,INIZIO sp_LotMachineCloseOther machine=[c05dcd762e4b4b5a99224c48445d7683] not_to_close=[74c044b07a5e4e89bce1b3f2fa6e2591],DB DEBUG,sp_LotMachineCloseOther,c05dcd762e4b4b5a99224c48445d7683,3
64954,06/05/2026 13:12:38,FINE sp_LotMachineCloseOther machine=[c05dcd762e4b4b5a99224c48445d7683] lot_chiusi=[0],DB DEBUG,sp_LotMachineCloseOther,c05dcd762e4b4b5a99224c48445d7683,3
64956,06/05/2026 13:12:39,Cambiato Lotto/ricetta in coda - LotNew=[NULL] era [74c044b07a5e4e89bce1b3f2fa6e2591]; RecipeNew=[NULL].[35a76e25bee144578b8d41543ae911fd era [(NULL)].[2,DB DEBUG,fid_MachineFindSetNextLot,c05dcd762e4b4b5a99224c48445d7683,3
64955,06/05/2026 13:12:39,Elaboro lotti in coda per linea=fc0ef60c8da844d5a531b293ac0b857b,DB DEBUG,fe_LineSetNextLot,fc0ef60c8da844d5a531b293ac0b857b,3
64957,06/05/2026 13:12:39,Cambio Lotto avvenuto con successo - macchina:c05dcd762e4b4b5a99224c48445d7683 lotto:,NODE-RED,NextLotStartDone,c05dcd762e4b4b5a99224c48445d7683,0
64959,06/05/2026 13:12:39,FINE sp_LotMachineCloseOther machine=[c05dcd762e4b4b5a99224c48445d7683] lot_chiusi=[0],DB DEBUG,sp_LotMachineCloseOther,c05dcd762e4b4b5a99224c48445d7683,3
64958,06/05/2026 13:12:39,INIZIO sp_LotMachineCloseOther machine=[c05dcd762e4b4b5a99224c48445d7683] not_to_close=[74c044b07a5e4e89bce1b3f2fa6e2591],DB DEBUG,sp_LotMachineCloseOther,c05dcd762e4b4b5a99224c48445d7683,3
64961,06/05/2026 13:12:57,FINE sp_LotMachineCloseOther machine=[c05dcd762e4b4b5a99224c48445d7683] lot_chiusi=[0],DB DEBUG,sp_LotMachineCloseOther,c05dcd762e4b4b5a99224c48445d7683,3
64960,06/05/2026 13:12:57,INIZIO sp_LotMachineCloseOther machine=[c05dcd762e4b4b5a99224c48445d7683] not_to_close=[74c044b07a5e4e89bce1b3f2fa6e2591],DB DEBUG,sp_LotMachineCloseOther,c05dcd762e4b4b5a99224c48445d7683,3
64963,06/05/2026 13:15:17,FINE sp_LotMachineCloseOther machine=[c05dcd762e4b4b5a99224c48445d7683] lot_chiusi=[0],DB DEBUG,sp_LotMachineCloseOther,c05dcd762e4b4b5a99224c48445d7683,3
64962,06/05/2026 13:15:17,INIZIO sp_LotMachineCloseOther machine=[c05dcd762e4b4b5a99224c48445d7683] not_to_close=[74c044b07a5e4e89bce1b3f2fa6e2591],DB DEBUG,sp_LotMachineCloseOther,c05dcd762e4b4b5a99224c48445d7683,3
64965,06/05/2026 13:38:21,FINE fid_TrackingCreateNewCodLot tracking_id=[2f82bc6cf20a404f83a0cca87624e93c] lot_id=[74c044b07a5e4e89bce1b3f2fa6e2591] lot_gia_chiuso=[0],DB DEBUG,fid_TrackingCreateNewCodLot,c05dcd762e4b4b5a99224c48445d7683,3
64964,06/05/2026 13:38:21,INIZIO fid_TrackingCreateNewCodLot machine=[c05dcd762e4b4b5a99224c48445d7683] lot_code=[59959535] detail=[NULL] detail_idx=[NULL],DB DEBUG,fid_TrackingCreateNewCodLot,c05dcd762e4b4b5a99224c48445d7683,3
64967,06/05/2026 13:40:58,FINE fid_TrackingCreateNewCodLot tracking_id=[72b013c319b440c88ed01a3ca1795402] lot_id=[74c044b07a5e4e89bce1b3f2fa6e2591] lot_gia_chiuso=[0],DB DEBUG,fid_TrackingCreateNewCodLot,c05dcd762e4b4b5a99224c48445d7683,3
64966,06/05/2026 13:40:58,INIZIO fid_TrackingCreateNewCodLot machine=[c05dcd762e4b4b5a99224c48445d7683] lot_code=[59959535] detail=[NULL] detail_idx=[NULL],DB DEBUG,fid_TrackingCreateNewCodLot,c05dcd762e4b4b5a99224c48445d7683,3
64969,06/05/2026 13:42:47,FINE fid_TrackingCreateNewCodLot tracking_id=[a4a786a469d44e518dfecb080b857d66] lot_id=[74c044b07a5e4e89bce1b3f2fa6e2591] lot_gia_chiuso=[0],DB DEBUG,fid_TrackingCreateNewCodLot,c05dcd762e4b4b5a99224c48445d7683,3
64968,06/05/2026 13:42:47,INIZIO fid_TrackingCreateNewCodLot machine=[c05dcd762e4b4b5a99224c48445d7683] lot_code=[59959535] detail=[NULL] detail_idx=[NULL],DB DEBUG,fid_TrackingCreateNewCodLot,c05dcd762e4b4b5a99224c48445d7683,3
64971,06/05/2026 13:45:38,FINE fid_TrackingCreateNewCodLot tracking_id=[d06ecc9ad5ea441b8791e8e035861dd2] lot_id=[74c044b07a5e4e89bce1b3f2fa6e2591] lot_gia_chiuso=[0],DB DEBUG,fid_TrackingCreateNewCodLot,c05dcd762e4b4b5a99224c48445d7683,3
64970,06/05/2026 13:45:38,INIZIO fid_TrackingCreateNewCodLot machine=[c05dcd762e4b4b5a99224c48445d7683] lot_code=[59959535] detail=[NULL] detail_idx=[NULL],DB DEBUG,fid_TrackingCreateNewCodLot,c05dcd762e4b4b5a99224c48445d7683,3
64973,06/05/2026 13:48:02,FINE fid_TrackingCreateNewCodLot tracking_id=[c5b28ac42dd447978feb97b9b4ace1fe] lot_id=[74c044b07a5e4e89bce1b3f2fa6e2591] lot_gia_chiuso=[0],DB DEBUG,fid_TrackingCreateNewCodLot,c05dcd762e4b4b5a99224c48445d7683,3
64972,06/05/2026 13:48:02,INIZIO fid_TrackingCreateNewCodLot machine=[c05dcd762e4b4b5a99224c48445d7683] lot_code=[59959535] detail=[NULL] detail_idx=[NULL],DB DEBUG,fid_TrackingCreateNewCodLot,c05dcd762e4b4b5a99224c48445d7683,3
64975,06/05/2026 13:51:55,FINE fid_TrackingCreateNewCodLot tracking_id=[72145a1f42084bb88b4af8962a632c17] lot_id=[74c044b07a5e4e89bce1b3f2fa6e2591] lot_gia_chiuso=[0],DB DEBUG,fid_TrackingCreateNewCodLot,c05dcd762e4b4b5a99224c48445d7683,3
64974,06/05/2026 13:51:55,INIZIO fid_TrackingCreateNewCodLot machine=[c05dcd762e4b4b5a99224c48445d7683] lot_code=[59959535] detail=[NULL] detail_idx=[NULL],DB DEBUG,fid_TrackingCreateNewCodLot,c05dcd762e4b4b5a99224c48445d7683,3
64977,06/05/2026 13:54:11,FINE fid_TrackingCreateNewCodLot tracking_id=[d645b9a774a049d188d7a9dc004d73a0] lot_id=[74c044b07a5e4e89bce1b3f2fa6e2591] lot_gia_chiuso=[0],DB DEBUG,fid_TrackingCreateNewCodLot,c05dcd762e4b4b5a99224c48445d7683,3
64976,06/05/2026 13:54:11,INIZIO fid_TrackingCreateNewCodLot machine=[c05dcd762e4b4b5a99224c48445d7683] lot_code=[59959535] detail=[NULL] detail_idx=[NULL],DB DEBUG,fid_TrackingCreateNewCodLot,c05dcd762e4b4b5a99224c48445d7683,3
64979,06/05/2026 13:56:42,FINE fid_TrackingCreateNewCodLot tracking_id=[c5e817a369954e0c8734b9649ec96257] lot_id=[74c044b07a5e4e89bce1b3f2fa6e2591] lot_gia_chiuso=[0],DB DEBUG,fid_TrackingCreateNewCodLot,c05dcd762e4b4b5a99224c48445d7683,3
64978,06/05/2026 13:56:42,INIZIO fid_TrackingCreateNewCodLot machine=[c05dcd762e4b4b5a99224c48445d7683] lot_code=[59959535] detail=[NULL] detail_idx=[NULL],DB DEBUG,fid_TrackingCreateNewCodLot,c05dcd762e4b4b5a99224c48445d7683,3
64980,06/05/2026 14:01:10,INIZIO sp_LotEndOnPlc machine=[c05dcd762e4b4b5a99224c48445d7683] user=[NULL],DB DEBUG,sp_LotEndOnPlc,c05dcd762e4b4b5a99224c48445d7683,3
64981,06/05/2026 14:01:10,INIZIO sp_LotMachineCloseOther machine=[c05dcd762e4b4b5a99224c48445d7683] not_to_close=[ZZZZZZZZZZZZZZZZZZZZZZZZZZZZZZZZZZZZ],DB DEBUG,sp_LotMachineCloseOther,c05dcd762e4b4b5a99224c48445d7683,3
64982,06/05/2026 14:01:10,CHIUDO LOT_MACHINE(lot:74c044b07a5e4e89bce1b3f2fa6e2591;machine:c05dcd762e4b4b5a99224c48445d7683),DB DEBUG,sp_LotMachineCloseOther,c05dcd762e4b4b5a99224c48445d7683,3
64983,06/05/2026 14:01:10,FINE sp_LotMachineCloseOther machine=[c05dcd762e4b4b5a99224c48445d7683] lot_chiusi=[1],DB DEBUG,sp_LotMachineCloseOther,c05dcd762e4b4b5a99224c48445d7683,3
64984,06/05/2026 14:01:10,Azzerato lotto attivo e chiusi lot_machine - line=[fc0ef60c8da844d5a531b293ac0b857b],DB DEBUG,sp_LotEndOnPlc,c05dcd762e4b4b5a99224c48445d7683,3
64985,06/05/2026 14:01:10,Elaboro lotti in coda per linea=fc0ef60c8da844d5a531b293ac0b857b,DB DEBUG,fe_LineSetNextLot,fc0ef60c8da844d5a531b293ac0b857b,3
64986,06/05/2026 14:01:10,FINE sp_LotEndOnPlc machine=[c05dcd762e4b4b5a99224c48445d7683],DB DEBUG,sp_LotEndOnPlc,c05dcd762e4b4b5a99224c48445d7683,3
64987,06/05/2026 14:01:13,Lotto [59959535}] ricetta [11278381-59959535] ver [2] wasLotPresent=1 wasRecipePresent=1 insertedRows=0 updatedRows=0,NODE-RED,CheckCreateLotDone,c05dcd762e4b4b5a99224c48445d7683,0
65316,06/05/2026 14:01:54,ROWS CREATED/UPDATED 328; LOT: 919c7429e4f8413b8af4755f3cf76277; RECIPE: 7cdc201d8b9648f9ac77d03ff823d322,DB,fe_LotRecipeRowCheckCreateByRecipe,c05dcd762e4b4b5a99224c48445d7683,0
65315,06/05/2026 14:01:54,INSERT in LOT_RECIPE_ROW TAG: [GI4_RECIPE_Data_OP10_PTL_14_Description] value: [] (FROM RECIPE_ROW) recipeId: [7cdc201d8b9648f9ac77d03ff823d322] tagID=[ff5f86aa8935495ebafe9cc8a04f010d] set TAG_NEW=0,DB DEBUG,fe_LotRecipeRowCheckCreateByRecipe,c05dcd762e4b4b5a99224c48445d7683,3
65314,06/05/2026 14:01:54,INSERT in LOT_RECIPE_ROW TAG: [GI4_RECIPE_Data_OP30_PTL_20_CellUnion] value: [0] (FROM RECIPE_ROW) recipeId: [7cdc201d8b9648f9ac77d03ff823d322] tagID=[fce237bc68594e2eabdc6cb046c16942] set TAG_NEW=0,DB DEBUG,fe_LotRecipeRowCheckCreateByRecipe,c05dcd762e4b4b5a99224c48445d7683,3
65313,06/05/2026 14:01:54,INSERT in LOT_RECIPE_ROW TAG: [GI4_RECIPE_Data_OP30_PTL_13_Description] value: [SPINA COLL. D.8x15 sim. UNI E] (FROM RECIPE_ROW) recipeId: [7cdc201d8b9648f9ac77d03ff823d322] tagID=[fc7c0d2bb0404817a3b5522808550b35] set TAG_NEW=0,DB DEBUG,fe_LotRecipeRowCheckCreateByRecipe,c05dcd762e4b4b5a99224c48445d7683,3
65312,06/05/2026 14:01:54,INSERT in LOT_RECIPE_ROW TAG: [GI4_RECIPE_Data_OP30_PTL_9_PartNumber] value: [313.0039.1.00] (FROM RECIPE_ROW) recipeId: [7cdc201d8b9648f9ac77d03ff823d322] tagID=[fc2257a112b54dc2a793c18e6f620bae] set TAG_NEW=0,DB DEBUG,fe_LotRecipeRowCheckCreateByRecipe,c05dcd762e4b4b5a99224c48445d7683,3
65311,06/05/2026 14:01:54,INSERT in LOT_RECIPE_ROW TAG: [GI4_RECIPE_Data_OP30_PTL_18_Qta] value: [0] (FROM RECIPE_ROW) recipeId: [7cdc201d8b9648f9ac77d03ff823d322] tagID=[fbaa718a6f79489791c6078feeef72b7] set TAG_NEW=0,DB DEBUG,fe_LotRecipeRowCheckCreateByRecipe,c05dcd762e4b4b5a99224c48445d7683,3
65310,06/05/2026 14:01:54,INSERT in LOT_RECIPE_ROW TAG: [GI4_RECIPE_Data_OP10_PTL_31_Cell] value: [0] (FROM RECIPE_ROW) recipeId: [7cdc201d8b9648f9ac77d03ff823d322] tagID=[fb8d0c02ebab45d2bc0d2c8de4d6a79c] set TAG_NEW=0,DB DEBUG,fe_LotRecipeRowCheckCreateByRecipe,c05dcd762e4b4b5a99224c48445d7683,3
65309,06/05/2026 14:01:54,INSERT in LOT_RECIPE_ROW TAG: [GI4_RECIPE_Data_OP10_PTL_20_Description] value: [] (FROM RECIPE_ROW) recipeId: [7cdc201d8b9648f9ac77d03ff823d322] tagID=[fa48aff35e18435bad4be161c3272962] set TAG_NEW=0,DB DEBUG,fe_LotRecipeRowCheckCreateByRecipe,c05dcd762e4b4b5a99224c48445d7683,3
65308,06/05/2026 14:01:54,INSERT in LOT_RECIPE_ROW TAG: [GI4_RECIPE_Data_OP10_PTL_29_PartNumber] value: [] (FROM RECIPE_ROW) recipeId: [7cdc201d8b9648f9ac77d03ff823d322] tagID=[f862b30adadf4701af27264d8f168a33] set TAG_NEW=0,DB DEBUG,fe_LotRecipeRowCheckCreateByRecipe,c05dcd762e4b4b5a99224c48445d7683,3
65307,06/05/2026 14:01:54,INSERT in LOT_RECIPE_ROW TAG: [GI4_RECIPE_Data_OP30_PTL_1_Cell] value: [0] (FROM RECIPE_ROW) recipeId: [7cdc201d8b9648f9ac77d03ff823d322] tagID=[f7bf91d82ec84d33a1063238fb891ff0] set TAG_NEW=0,DB DEBUG,fe_LotRecipeRowCheckCreateByRecipe,c05dcd762e4b4b5a99224c48445d7683,3
65306,06/05/2026 14:01:54,INSERT in LOT_RECIPE_ROW TAG: [GI4_RECIPE_Data_OP10_PTL_6_PartNumber] value: [5011.31.2215] (FROM RECIPE_ROW) recipeId: [7cdc201d8b9648f9ac77d03ff823d322] tagID=[f7ab839aa8ad49d8a42784dccb4de06a] set TAG_NEW=0,DB DEBUG,fe_LotRecipeRowCheckCreateByRecipe,c05dcd762e4b4b5a99224c48445d7683,3
65305,06/05/2026 14:01:54,INSERT in LOT_RECIPE_ROW TAG: [GI4_RECIPE_Data_OP10_PTL_26_PartNumber] value: [] (FROM RECIPE_ROW) recipeId: [7cdc201d8b9648f9ac77d03ff823d322] tagID=[f776a20b0ffa4196ac72dd0cd1592556] set TAG_NEW=0,DB DEBUG,fe_LotRecipeRowCheckCreateByRecipe,c05dcd762e4b4b5a99224c48445d7683,3
65304,06/05/2026 14:01:54,INSERT in LOT_RECIPE_ROW TAG: [GI4_RECIPE_Data_OP10_PTL_26_Qta] value: [0] (FROM RECIPE_ROW) recipeId: [7cdc201d8b9648f9ac77d03ff823d322] tagID=[f75b5630895645378efe2bc6b6c0414b] set TAG_NEW=0,DB DEBUG,fe_LotRecipeRowCheckCreateByRecipe,c05dcd762e4b4b5a99224c48445d7683,3
65303,06/05/2026 14:01:54,INSERT in LOT_RECIPE_ROW TAG: [GI4_RECIPE_Data_OP10_PTL_26_Description] value: [] (FROM RECIPE_ROW) recipeId: [7cdc201d8b9648f9ac77d03ff823d322] tagID=[f69107804d514517aedb88aed8771094] set TAG_NEW=0,DB DEBUG,fe_LotRecipeRowCheckCreateByRecipe,c05dcd762e4b4b5a99224c48445d7683,3
65302,06/05/2026 14:01:54,INSERT in LOT_RECIPE_ROW TAG: [GI4_RECIPE_Data_OP10_PTL_32_CellUnion] value: [0] (FROM RECIPE_ROW) recipeId: [7cdc201d8b9648f9ac77d03ff823d322] tagID=[f63566928b984caca3d9e3cd128949aa] set TAG_NEW=0,DB DEBUG,fe_LotRecipeRowCheckCreateByRecipe,c05dcd762e4b4b5a99224c48445d7683,3
65301,06/05/2026 14:01:54,INSERT in LOT_RECIPE_ROW TAG: [GI4_RECIPE_Data_OP30_PTL_3_Qta] value: [3] (FROM RECIPE_ROW) recipeId: [7cdc201d8b9648f9ac77d03ff823d322] tagID=[f5092d456a0f4d6ba72d15f5021c30ef] set TAG_NEW=0,DB DEBUG,fe_LotRecipeRowCheckCreateByRecipe,c05dcd762e4b4b5a99224c48445d7683,3
65300,06/05/2026 14:01:54,INSERT in LOT_RECIPE_ROW TAG: [GI4_RECIPE_Data_OP10_PTL_26_CellUnion] value: [0] (FROM RECIPE_ROW) recipeId: [7cdc201d8b9648f9ac77d03ff823d322] tagID=[f4f9c7bc80fd4159a647f1e0df6999c4] set TAG_NEW=0,DB DEBUG,fe_LotRecipeRowCheckCreateByRecipe,c05dcd762e4b4b5a99224c48445d7683,3
65299,06/05/2026 14:01:54,INSERT in LOT_RECIPE_ROW TAG: [GI4_RECIPE_Data_OP10_PTL_13_CellUnion] value: [0] (FROM RECIPE_ROW) recipeId: [7cdc201d8b9648f9ac77d03ff823d322] tagID=[f3e3235d2d9a43498727f0d3bb6d5813] set TAG_NEW=0,DB DEBUG,fe_LotRecipeRowCheckCreateByRecipe,c05dcd762e4b4b5a99224c48445d7683,3
65298,06/05/2026 14:01:54,INSERT in LOT_RECIPE_ROW TAG: [GI4_RECIPE_Data_OP10_PTL_32_PartNumber] value: [] (FROM RECIPE_ROW) recipeId: [7cdc201d8b9648f9ac77d03ff823d322] tagID=[f3b7aa068e2046828472c6595f30f660] set TAG_NEW=0,DB DEBUG,fe_LotRecipeRowCheckCreateByRecipe,c05dcd762e4b4b5a99224c48445d7683,3
65297,06/05/2026 14:01:54,INSERT in LOT_RECIPE_ROW TAG: [GI4_RECIPE_Data_OP10_PTL_8_Description] value: [] (FROM RECIPE_ROW) recipeId: [7cdc201d8b9648f9ac77d03ff823d322] tagID=[f30a2cf393c54c92ad6ec87a9e19aaf9] set TAG_NEW=0,DB DEBUG,fe_LotRecipeRowCheckCreateByRecipe,c05dcd762e4b4b5a99224c48445d7683,3
65296,06/05/2026 14:01:54,INSERT in LOT_RECIPE_ROW TAG: [GI4_RECIPE_Data_OP10_PTL_28_CellUnion] value: [0] (FROM RECIPE_ROW) recipeId: [7cdc201d8b9648f9ac77d03ff823d322] tagID=[f2416656c6b64e1a8857ca7db5455647] set TAG_NEW=0,DB DEBUG,fe_LotRecipeRowCheckCreateByRecipe,c05dcd762e4b4b5a99224c48445d7683,3
65295,06/05/2026 14:01:54,INSERT in LOT_RECIPE_ROW TAG: [GI4_RECIPE_Data_OP30_PTL_21_CellUnion] value: [0] (FROM RECIPE_ROW) recipeId: [7cdc201d8b9648f9ac77d03ff823d322] tagID=[f217397b0b5d4df680453eaa9e1e66c2] set TAG_NEW=0,DB DEBUG,fe_LotRecipeRowCheckCreateByRecipe,c05dcd762e4b4b5a99224c48445d7683,3
65294,06/05/2026 14:01:54,INSERT in LOT_RECIPE_ROW TAG: [GI4_RECIPE_Data_QtaDone] value: [0] (FROM RECIPE_ROW) recipeId: [7cdc201d8b9648f9ac77d03ff823d322] tagID=[f190a4c4537840aea6df363fd513026a] set TAG_NEW=0,DB DEBUG,fe_LotRecipeRowCheckCreateByRecipe,c05dcd762e4b4b5a99224c48445d7683,3
65293,06/05/2026 14:01:54,INSERT in LOT_RECIPE_ROW TAG: [GI4_RECIPE_Data_OP30_PTL_23_Description] value: [] (FROM RECIPE_ROW) recipeId: [7cdc201d8b9648f9ac77d03ff823d322] tagID=[f05cf5b190ad44a4aa74be67b4f47a4e] set TAG_NEW=0,DB DEBUG,fe_LotRecipeRowCheckCreateByRecipe,c05dcd762e4b4b5a99224c48445d7683,3
65292,06/05/2026 14:01:54,INSERT in LOT_RECIPE_ROW TAG: [GI4_RECIPE_Data_OP10_PTL_14_Cell] value: [0] (FROM RECIPE_ROW) recipeId: [7cdc201d8b9648f9ac77d03ff823d322] tagID=[ef973a2153a9457f819f04821531200a] set TAG_NEW=0,DB DEBUG,fe_LotRecipeRowCheckCreateByRecipe,c05dcd762e4b4b5a99224c48445d7683,3
65291,06/05/2026 14:01:54,INSERT in LOT_RECIPE_ROW TAG: [GI4_RECIPE_Data_OP30_PTL_28_CellUnion] value: [0] (FROM RECIPE_ROW) recipeId: [7cdc201d8b9648f9ac77d03ff823d322] tagID=[edad4e2a28f54d41ad667d29dcbad1cc] set TAG_NEW=0,DB DEBUG,fe_LotRecipeRowCheckCreateByRecipe,c05dcd762e4b4b5a99224c48445d7683,3
65290,06/05/2026 14:01:54,INSERT in LOT_RECIPE_ROW TAG: [GI4_RECIPE_Data_OP10_PTL_3_Description] value: [GUAR.DI CONT. BOCC.SNP3] (FROM RECIPE_ROW) recipeId: [7cdc201d8b9648f9ac77d03ff823d322] tagID=[ed4ebb4df0674166b847678c553a27d8] set TAG_NEW=0,DB DEBUG,fe_LotRecipeRowCheckCreateByRecipe,c05dcd762e4b4b5a99224c48445d7683,3
65289,06/05/2026 14:01:54,INSERT in LOT_RECIPE_ROW TAG: [GI4_RECIPE_Data_OP10_PTL_23_Description] value: [] (FROM RECIPE_ROW) recipeId: [7cdc201d8b9648f9ac77d03ff823d322] tagID=[ed37b1d14e694e758a7f79cafc355cf4] set TAG_NEW=0,DB DEBUG,fe_LotRecipeRowCheckCreateByRecipe,c05dcd762e4b4b5a99224c48445d7683,3
65288,06/05/2026 14:01:54,INSERT in LOT_RECIPE_ROW TAG: [GI4_RECIPE_Data_OP30_PTL_17_Qta] value: [0] (FROM RECIPE_ROW) recipeId: [7cdc201d8b9648f9ac77d03ff823d322] tagID=[ed0f4ff5e80b483abd0c4e253163a0d0] set TAG_NEW=0,DB DEBUG,fe_LotRecipeRowCheckCreateByRecipe,c05dcd762e4b4b5a99224c48445d7683,3
65287,06/05/2026 14:01:54,INSERT in LOT_RECIPE_ROW TAG: [GI4_RECIPE_Data_OP30_PTL_29_CellUnion] value: [0] (FROM RECIPE_ROW) recipeId: [7cdc201d8b9648f9ac77d03ff823d322] tagID=[eb3f3c74f10049cb84bd30a9ebfe909f] set TAG_NEW=0,DB DEBUG,fe_LotRecipeRowCheckCreateByRecipe,c05dcd762e4b4b5a99224c48445d7683,3
65286,06/05/2026 14:01:54,INSERT in LOT_RECIPE_ROW TAG: [GI4_RECIPE_Data_OP10_PTL_25_Description] value: [] (FROM RECIPE_ROW) recipeId: [7cdc201d8b9648f9ac77d03ff823d322] tagID=[eb1be58597a84e53bec0e1de8479f201] set TAG_NEW=0,DB DEBUG,fe_LotRecipeRowCheckCreateByRecipe,c05dcd762e4b4b5a99224c48445d7683,3
65285,06/05/2026 14:01:54,INSERT in LOT_RECIPE_ROW TAG: [GI4_RECIPE_Data_OP10_PTL_17_Cell] value: [0] (FROM RECIPE_ROW) recipeId: [7cdc201d8b9648f9ac77d03ff823d322] tagID=[eae39ac2a01746088c87bc2efe8043ce] set TAG_NEW=0,DB DEBUG,fe_LotRecipeRowCheckCreateByRecipe,c05dcd762e4b4b5a99224c48445d7683,3
65284,06/05/2026 14:01:54,INSERT in LOT_RECIPE_ROW TAG: [GI4_RECIPE_Data_OP10_PTL_24_PartNumber] value: [] (FROM RECIPE_ROW) recipeId: [7cdc201d8b9648f9ac77d03ff823d322] tagID=[ea551020792c43dfa88a235f4fe51bcf] set TAG_NEW=0,DB DEBUG,fe_LotRecipeRowCheckCreateByRecipe,c05dcd762e4b4b5a99224c48445d7683,3
65283,06/05/2026 14:01:54,INSERT in LOT_RECIPE_ROW TAG: [GI4_RECIPE_Data_OP30_PTL_25_Qta] value: [0] (FROM RECIPE_ROW) recipeId: [7cdc201d8b9648f9ac77d03ff823d322] tagID=[ea0cd52f94d0490b8c3a6dd3b39af23d] set TAG_NEW=0,DB DEBUG,fe_LotRecipeRowCheckCreateByRecipe,c05dcd762e4b4b5a99224c48445d7683,3
65282,06/05/2026 14:01:54,INSERT in LOT_RECIPE_ROW TAG: [GI4_RECIPE_Data_OP10_PTL_23_Cell] value: [0] (FROM RECIPE_ROW) recipeId: [7cdc201d8b9648f9ac77d03ff823d322] tagID=[e8258d79246e48ee99ea01457b4c60ff] set TAG_NEW=0,DB DEBUG,fe_LotRecipeRowCheckCreateByRecipe,c05dcd762e4b4b5a99224c48445d7683,3
65281,06/05/2026 14:01:54,INSERT in LOT_RECIPE_ROW TAG: [GI4_RECIPE_Data_OP30_PTL_5_Description] value: [TAPPO PER FORO DIAM. 18] (FROM RECIPE_ROW) recipeId: [7cdc201d8b9648f9ac77d03ff823d322] tagID=[e53c254a4d5645ba96ad637a909db04d] set TAG_NEW=0,DB DEBUG,fe_LotRecipeRowCheckCreateByRecipe,c05dcd762e4b4b5a99224c48445d7683,3
65280,06/05/2026 14:01:54,INSERT in LOT_RECIPE_ROW TAG: [GI4_RECIPE_Data_OP10_PTL_5_CellUnion] value: [0] (FROM RECIPE_ROW) recipeId: [7cdc201d8b9648f9ac77d03ff823d322] tagID=[e36cb249a51144fcab3b255cd363eb04] set TAG_NEW=0,DB DEBUG,fe_LotRecipeRowCheckCreateByRecipe,c05dcd762e4b4b5a99224c48445d7683,3
65279,06/05/2026 14:01:54,INSERT in LOT_RECIPE_ROW TAG: [GI4_RECIPE_Data_OP10_PTL_21_Cell] value: [0] (FROM RECIPE_ROW) recipeId: [7cdc201d8b9648f9ac77d03ff823d322] tagID=[e306e5db0b134cbfbb4d284cc8112e52] set TAG_NEW=0,DB DEBUG,fe_LotRecipeRowCheckCreateByRecipe,c05dcd762e4b4b5a99224c48445d7683,3
65278,06/05/2026 14:01:54,INSERT in LOT_RECIPE_ROW TAG: [GI4_RECIPE_Data_OP30_PTL_26_Description] value: [] (FROM RECIPE_ROW) recipeId: [7cdc201d8b9648f9ac77d03ff823d322] tagID=[e2c718d710ce489dbf803fba340ebaab] set TAG_NEW=0,DB DEBUG,fe_LotRecipeRowCheckCreateByRecipe,c05dcd762e4b4b5a99224c48445d7683,3
65277,06/05/2026 14:01:54,INSERT in LOT_RECIPE_ROW TAG: [GI4_RECIPE_Data_OP30_PTL_12_Qta] value: [1] (FROM RECIPE_ROW) recipeId: [7cdc201d8b9648f9ac77d03ff823d322] tagID=[e272e191e59948aeb7ea87968fe68743] set TAG_NEW=0,DB DEBUG,fe_LotRecipeRowCheckCreateByRecipe,c05dcd762e4b4b5a99224c48445d7683,3
65276,06/05/2026 14:01:54,INSERT in LOT_RECIPE_ROW TAG: [GI4_RECIPE_Data_OP10_PTL_1_CellUnion] value: [0] (FROM RECIPE_ROW) recipeId: [7cdc201d8b9648f9ac77d03ff823d322] tagID=[e1dd704bed0c4c08ad13ea939bcc6975] set TAG_NEW=0,DB DEBUG,fe_LotRecipeRowCheckCreateByRecipe,c05dcd762e4b4b5a99224c48445d7683,3
65275,06/05/2026 14:01:54,INSERT in LOT_RECIPE_ROW TAG: [GI4_RECIPE_Data_OP30_PTL_15_CellUnion] value: [0] (FROM RECIPE_ROW) recipeId: [7cdc201d8b9648f9ac77d03ff823d322] tagID=[e13820d1064248a4b2b45a7155a439a0] set TAG_NEW=0,DB DEBUG,fe_LotRecipeRowCheckCreateByRecipe,c05dcd762e4b4b5a99224c48445d7683,3
65274,06/05/2026 14:01:54,INSERT in LOT_RECIPE_ROW TAG: [GI4_RECIPE_Data_OP10_PTL_19_Cell] value: [0] (FROM RECIPE_ROW) recipeId: [7cdc201d8b9648f9ac77d03ff823d322] tagID=[e02f1c7cc4bf4a7aa41fde139a74426e] set TAG_NEW=0,DB DEBUG,fe_LotRecipeRowCheckCreateByRecipe,c05dcd762e4b4b5a99224c48445d7683,3
65273,06/05/2026 14:01:54,INSERT in LOT_RECIPE_ROW TAG: [GI4_RECIPE_Data_OP30_PTL_7_PartNumber] value: [5009.01.0034] (FROM RECIPE_ROW) recipeId: [7cdc201d8b9648f9ac77d03ff823d322] tagID=[dfbda0b35a5c49b8819953f342e53512] set TAG_NEW=0,DB DEBUG,fe_LotRecipeRowCheckCreateByRecipe,c05dcd762e4b4b5a99224c48445d7683,3
65272,06/05/2026 14:01:54,INSERT in LOT_RECIPE_ROW TAG: [GI4_RECIPE_Data_OP10_PTL_21_PartNumber] value: [] (FROM RECIPE_ROW) recipeId: [7cdc201d8b9648f9ac77d03ff823d322] tagID=[ddde32e8bc294db885e8931257aace8c] set TAG_NEW=0,DB DEBUG,fe_LotRecipeRowCheckCreateByRecipe,c05dcd762e4b4b5a99224c48445d7683,3
65271,06/05/2026 14:01:54,INSERT in LOT_RECIPE_ROW TAG: [GI4_RECIPE_Data_OP30_PTL_25_PartNumber] value: [] (FROM RECIPE_ROW) recipeId: [7cdc201d8b9648f9ac77d03ff823d322] tagID=[dd870214849b4005b0ff08e88a4f2cdb] set TAG_NEW=0,DB DEBUG,fe_LotRecipeRowCheckCreateByRecipe,c05dcd762e4b4b5a99224c48445d7683,3
65270,06/05/2026 14:01:54,INSERT in LOT_RECIPE_ROW TAG: [GI4_RECIPE_Data_OP30_PTL_17_PartNumber] value: [] (FROM RECIPE_ROW) recipeId: [7cdc201d8b9648f9ac77d03ff823d322] tagID=[dc6d34d72e764dc39923d42256ea925e] set TAG_NEW=0,DB DEBUG,fe_LotRecipeRowCheckCreateByRecipe,c05dcd762e4b4b5a99224c48445d7683,3
65269,06/05/2026 14:01:54,INSERT in LOT_RECIPE_ROW TAG: [GI4_RECIPE_Data_OP30_PTL_31_Qta] value: [0] (FROM RECIPE_ROW) recipeId: [7cdc201d8b9648f9ac77d03ff823d322] tagID=[db61411464a54b4d95d9485a139665b8] set TAG_NEW=0,DB DEBUG,fe_LotRecipeRowCheckCreateByRecipe,c05dcd762e4b4b5a99224c48445d7683,3
65268,06/05/2026 14:01:54,INSERT in LOT_RECIPE_ROW TAG: [GI4_RECIPE_Data_OP10_PTL_7_Cell] value: [13] (FROM RECIPE_ROW) recipeId: [7cdc201d8b9648f9ac77d03ff823d322] tagID=[db50e99aa2c24f838f434a2528b515a5] set TAG_NEW=0,DB DEBUG,fe_LotRecipeRowCheckCreateByRecipe,c05dcd762e4b4b5a99224c48445d7683,3
65267,06/05/2026 14:01:54,INSERT in LOT_RECIPE_ROW TAG: [GI4_RECIPE_Data_OP10_PTL_32_Description] value: [] (FROM RECIPE_ROW) recipeId: [7cdc201d8b9648f9ac77d03ff823d322] tagID=[db26141f0c364bf58cbb64cb2ffbb1b7] set TAG_NEW=0,DB DEBUG,fe_LotRecipeRowCheckCreateByRecipe,c05dcd762e4b4b5a99224c48445d7683,3
65266,06/05/2026 14:01:54,INSERT in LOT_RECIPE_ROW TAG: [GI4_RECIPE_Data_OP30_PTL_4_PartNumber] value: [315.0017.0.00] (FROM RECIPE_ROW) recipeId: [7cdc201d8b9648f9ac77d03ff823d322] tagID=[db25e4537dce4403bb74d9bd31294088] set TAG_NEW=0,DB DEBUG,fe_LotRecipeRowCheckCreateByRecipe,c05dcd762e4b4b5a99224c48445d7683,3
65265,06/05/2026 14:01:54,INSERT in LOT_RECIPE_ROW TAG: [GI4_RECIPE_Data_OP10_PTL_18_Qta] value: [0] (FROM RECIPE_ROW) recipeId: [7cdc201d8b9648f9ac77d03ff823d322] tagID=[da9bdbf7d2d8445dbc0074564ae9e5d2] set TAG_NEW=0,DB DEBUG,fe_LotRecipeRowCheckCreateByRecipe,c05dcd762e4b4b5a99224c48445d7683,3
65264,06/05/2026 14:01:54,INSERT in LOT_RECIPE_ROW TAG: [GI4_RECIPE_Data_OP30_PTL_21_PartNumber] value: [] (FROM RECIPE_ROW) recipeId: [7cdc201d8b9648f9ac77d03ff823d322] tagID=[d9503fc762da49519d6310f41e4542a7] set TAG_NEW=0,DB DEBUG,fe_LotRecipeRowCheckCreateByRecipe,c05dcd762e4b4b5a99224c48445d7683,3
65263,06/05/2026 14:01:54,INSERT in LOT_RECIPE_ROW TAG: [GI4_RECIPE_Data_OP30_PTL_26_Cell] value: [0] (FROM RECIPE_ROW) recipeId: [7cdc201d8b9648f9ac77d03ff823d322] tagID=[d8cbe6e09d32402d928fc658dc0fd7af] set TAG_NEW=0,DB DEBUG,fe_LotRecipeRowCheckCreateByRecipe,c05dcd762e4b4b5a99224c48445d7683,3
65262,06/05/2026 14:01:54,INSERT in LOT_RECIPE_ROW TAG: [GI4_RECIPE_Data_OP10_PTL_9_Description] value: [] (FROM RECIPE_ROW) recipeId: [7cdc201d8b9648f9ac77d03ff823d322] tagID=[d8a1593280024ca8bcb63d18648172c0] set TAG_NEW=0,DB DEBUG,fe_LotRecipeRowCheckCreateByRecipe,c05dcd762e4b4b5a99224c48445d7683,3
65261,06/05/2026 14:01:54,INSERT in LOT_RECIPE_ROW TAG: [GI4_RECIPE_Data_OP30_PTL_6_Qta] value: [3] (FROM RECIPE_ROW) recipeId: [7cdc201d8b9648f9ac77d03ff823d322] tagID=[d8586c93e6cf42cf8b806d67a901041c] set TAG_NEW=0,DB DEBUG,fe_LotRecipeRowCheckCreateByRecipe,c05dcd762e4b4b5a99224c48445d7683,3
65260,06/05/2026 14:01:54,INSERT in LOT_RECIPE_ROW TAG: [GI4_RECIPE_Data_OP30_PTL_4_Cell] value: [0] (FROM RECIPE_ROW) recipeId: [7cdc201d8b9648f9ac77d03ff823d322] tagID=[d82e322e3913451fbedf33e5d18a7ec3] set TAG_NEW=0,DB DEBUG,fe_LotRecipeRowCheckCreateByRecipe,c05dcd762e4b4b5a99224c48445d7683,3
65259,06/05/2026 14:01:54,INSERT in LOT_RECIPE_ROW TAG: [GI4_RECIPE_Data_OP10_PTL_5_Cell] value: [27] (FROM RECIPE_ROW) recipeId: [7cdc201d8b9648f9ac77d03ff823d322] tagID=[d666969d2ef44fd2ae1aba775b049a59] set TAG_NEW=0,DB DEBUG,fe_LotRecipeRowCheckCreateByRecipe,c05dcd762e4b4b5a99224c48445d7683,3
65258,06/05/2026 14:01:54,INSERT in LOT_RECIPE_ROW TAG: [GI4_RECIPE_Data_OP30_PTL_1_Qta] value: [3] (FROM RECIPE_ROW) recipeId: [7cdc201d8b9648f9ac77d03ff823d322] tagID=[d65957a68f104b35b957c4a45caf82c7] set TAG_NEW=0,DB DEBUG,fe_LotRecipeRowCheckCreateByRecipe,c05dcd762e4b4b5a99224c48445d7683,3
65257,06/05/2026 14:01:54,INSERT in LOT_RECIPE_ROW TAG: [GI4_RECIPE_Data_OP10_PTL_1_Description] value: [GUAR.BILANC.PIASTRA SNP3] (FROM RECIPE_ROW) recipeId: [7cdc201d8b9648f9ac77d03ff823d322] tagID=[d6291a14f33944dfa23f56376299e43c] set TAG_NEW=0,DB DEBUG,fe_LotRecipeRowCheckCreateByRecipe,c05dcd762e4b4b5a99224c48445d7683,3
65256,06/05/2026 14:01:54,INSERT in LOT_RECIPE_ROW TAG: [GI4_RECIPE_Data_ScrewProgram] value: [1] (FROM RECIPE_ROW) recipeId: [7cdc201d8b9648f9ac77d03ff823d322] tagID=[d512b9acdfc144c5a79d23a266dcbe3d] set TAG_NEW=0,DB DEBUG,fe_LotRecipeRowCheckCreateByRecipe,c05dcd762e4b4b5a99224c48445d7683,3
65255,06/05/2026 14:01:54,INSERT in LOT_RECIPE_ROW TAG: [GI4_RECIPE_Data_OP30_PTL_22_CellUnion] value: [0] (FROM RECIPE_ROW) recipeId: [7cdc201d8b9648f9ac77d03ff823d322] tagID=[d4e0ceda11944ed7b53cc2a99755b63e] set TAG_NEW=0,DB DEBUG,fe_LotRecipeRowCheckCreateByRecipe,c05dcd762e4b4b5a99224c48445d7683,3
65254,06/05/2026 14:01:54,INSERT in LOT_RECIPE_ROW TAG: [GI4_RECIPE_Data_OP30_PTL_16_Description] value: [] (FROM RECIPE_ROW) recipeId: [7cdc201d8b9648f9ac77d03ff823d322] tagID=[d4dd1b0e36854cb0b97ca5a2083a5e97] set TAG_NEW=0,DB DEBUG,fe_LotRecipeRowCheckCreateByRecipe,c05dcd762e4b4b5a99224c48445d7683,3
65253,06/05/2026 14:01:54,INSERT in LOT_RECIPE_ROW TAG: [GI4_RECIPE_Data_OP30_PTL_27_CellUnion] value: [0] (FROM RECIPE_ROW) recipeId: [7cdc201d8b9648f9ac77d03ff823d322] tagID=[d4777004cf6048599c737b7fe2ffa0ef] set TAG_NEW=0,DB DEBUG,fe_LotRecipeRowCheckCreateByRecipe,c05dcd762e4b4b5a99224c48445d7683,3
65252,06/05/2026 14:01:54,INSERT in LOT_RECIPE_ROW TAG: [GI4_RECIPE_Data_OP30_PTL_23_Cell] value: [0] (FROM RECIPE_ROW) recipeId: [7cdc201d8b9648f9ac77d03ff823d322] tagID=[d400b964d19e4cce8117ab1651d779af] set TAG_NEW=0,DB DEBUG,fe_LotRecipeRowCheckCreateByRecipe,c05dcd762e4b4b5a99224c48445d7683,3
65251,06/05/2026 14:01:54,INSERT in LOT_RECIPE_ROW TAG: [GI4_RECIPE_Data_OP30_PTL_5_PartNumber] value: [5009.01.0005] (FROM RECIPE_ROW) recipeId: [7cdc201d8b9648f9ac77d03ff823d322] tagID=[d3ef201d06a94d69bb216c88bf4a33ea] set TAG_NEW=0,DB DEBUG,fe_LotRecipeRowCheckCreateByRecipe,c05dcd762e4b4b5a99224c48445d7683,3
65250,06/05/2026 14:01:54,INSERT in LOT_RECIPE_ROW TAG: [GI4_RECIPE_Data_OP10_PTL_7_Qta] value: [1] (FROM RECIPE_ROW) recipeId: [7cdc201d8b9648f9ac77d03ff823d322] tagID=[d25c3d47b2b94538ba9fac551fd3af4b] set TAG_NEW=0,DB DEBUG,fe_LotRecipeRowCheckCreateByRecipe,c05dcd762e4b4b5a99224c48445d7683,3
65249,06/05/2026 14:01:54,INSERT in LOT_RECIPE_ROW TAG: [GI4_RECIPE_Data_OP30_PTL_19_Qta] value: [0] (FROM RECIPE_ROW) recipeId: [7cdc201d8b9648f9ac77d03ff823d322] tagID=[d20b05552f07497ebda26ccb177f2dbc] set TAG_NEW=0,DB DEBUG,fe_LotRecipeRowCheckCreateByRecipe,c05dcd762e4b4b5a99224c48445d7683,3
65248,06/05/2026 14:01:54,INSERT in LOT_RECIPE_ROW TAG: [GI4_RECIPE_Data_OP30_PTL_18_Cell] value: [0] (FROM RECIPE_ROW) recipeId: [7cdc201d8b9648f9ac77d03ff823d322] tagID=[d1fb08f8dfe8459ca943cb806aafa3d7] set TAG_NEW=0,DB DEBUG,fe_LotRecipeRowCheckCreateByRecipe,c05dcd762e4b4b5a99224c48445d7683,3
65247,06/05/2026 14:01:54,INSERT in LOT_RECIPE_ROW TAG: [GI4_RECIPE_Data_OP30_PTL_16_Cell] value: [0] (FROM RECIPE_ROW) recipeId: [7cdc201d8b9648f9ac77d03ff823d322] tagID=[d123070cd4a345bc89bf30fe22794bc1] set TAG_NEW=0,DB DEBUG,fe_LotRecipeRowCheckCreateByRecipe,c05dcd762e4b4b5a99224c48445d7683,3
65246,06/05/2026 14:01:54,INSERT in LOT_RECIPE_ROW TAG: [GI4_RECIPE_Data_OP10_PTL_11_Description] value: [] (FROM RECIPE_ROW) recipeId: [7cdc201d8b9648f9ac77d03ff823d322] tagID=[cf808fdffd77430f9cf3082bfd2699df] set TAG_NEW=0,DB DEBUG,fe_LotRecipeRowCheckCreateByRecipe,c05dcd762e4b4b5a99224c48445d7683,3
65245,06/05/2026 14:01:54,INSERT in LOT_RECIPE_ROW TAG: [GI4_RECIPE_Data_OP10_PTL_11_Qta] value: [0] (FROM RECIPE_ROW) recipeId: [7cdc201d8b9648f9ac77d03ff823d322] tagID=[cc8c0e89be2048d186990555b1a44840] set TAG_NEW=0,DB DEBUG,fe_LotRecipeRowCheckCreateByRecipe,c05dcd762e4b4b5a99224c48445d7683,3
65244,06/05/2026 14:01:54,INSERT in LOT_RECIPE_ROW TAG: [GI4_RECIPE_Data_OP30_PTL_22_Description] value: [] (FROM RECIPE_ROW) recipeId: [7cdc201d8b9648f9ac77d03ff823d322] tagID=[cc597808527b4b459e0846ffb02480e1] set TAG_NEW=0,DB DEBUG,fe_LotRecipeRowCheckCreateByRecipe,c05dcd762e4b4b5a99224c48445d7683,3
65243,06/05/2026 14:01:54,INSERT in LOT_RECIPE_ROW TAG: [GI4_RECIPE_Data_OP10_PTL_9_PartNumber] value: [] (FROM RECIPE_ROW) recipeId: [7cdc201d8b9648f9ac77d03ff823d322] tagID=[cbb7678eb3b54ba8a956d341db4ff661] set TAG_NEW=0,DB DEBUG,fe_LotRecipeRowCheckCreateByRecipe,c05dcd762e4b4b5a99224c48445d7683,3
65242,06/05/2026 14:01:54,INSERT in LOT_RECIPE_ROW TAG: [GI4_RECIPE_Data_OP10_PTL_26_Cell] value: [0] (FROM RECIPE_ROW) recipeId: [7cdc201d8b9648f9ac77d03ff823d322] tagID=[cac61cb92d4b40bc984efe67651d8e4e] set TAG_NEW=0,DB DEBUG,fe_LotRecipeRowCheckCreateByRecipe,c05dcd762e4b4b5a99224c48445d7683,3
65241,06/05/2026 14:01:54,INSERT in LOT_RECIPE_ROW TAG: [GI4_RECIPE_Data_OP30_PTL_27_Qta] value: [0] (FROM RECIPE_ROW) recipeId: [7cdc201d8b9648f9ac77d03ff823d322] tagID=[c942d48f7ee4443ba82f2c656dd30ec2] set TAG_NEW=0,DB DEBUG,fe_LotRecipeRowCheckCreateByRecipe,c05dcd762e4b4b5a99224c48445d7683,3
65240,06/05/2026 14:01:54,INSERT in LOT_RECIPE_ROW TAG: [GI4_RECIPE_Data_PartNumber] value: [211.25.046.0A] (FROM RECIPE_ROW) recipeId: [7cdc201d8b9648f9ac77d03ff823d322] tagID=[c83d6a238f06459f8a8779a32bb67758] set TAG_NEW=0,DB DEBUG,fe_LotRecipeRowCheckCreateByRecipe,c05dcd762e4b4b5a99224c48445d7683,3
65239,06/05/2026 14:01:54,INSERT in LOT_RECIPE_ROW TAG: [GI4_RECIPE_Data_OP30_PTL_22_PartNumber] value: [] (FROM RECIPE_ROW) recipeId: [7cdc201d8b9648f9ac77d03ff823d322] tagID=[c76153368d324d41a1253e0e03e0e7d8] set TAG_NEW=0,DB DEBUG,fe_LotRecipeRowCheckCreateByRecipe,c05dcd762e4b4b5a99224c48445d7683,3
65238,06/05/2026 14:01:54,INSERT in LOT_RECIPE_ROW TAG: [GI4_RECIPE_Data_OP10_PTL_4_PartNumber] value: [MEZZO CORPO] (FROM RECIPE_ROW) recipeId: [7cdc201d8b9648f9ac77d03ff823d322] tagID=[c72ce596a083481fba045f168c9a6b39] set TAG_NEW=0,DB DEBUG,fe_LotRecipeRowCheckCreateByRecipe,c05dcd762e4b4b5a99224c48445d7683,3
65237,06/05/2026 14:01:54,INSERT in LOT_RECIPE_ROW TAG: [GI4_RECIPE_Data_OP10_PTL_30_Description] value: [] (FROM RECIPE_ROW) recipeId: [7cdc201d8b9648f9ac77d03ff823d322] tagID=[c56e92e2122a41b89779605bc0cf4fe5] set TAG_NEW=0,DB DEBUG,fe_LotRecipeRowCheckCreateByRecipe,c05dcd762e4b4b5a99224c48445d7683,3
65236,06/05/2026 14:01:54,INSERT in LOT_RECIPE_ROW TAG: [GI4_RECIPE_Data_OP10_PTL_16_Qta] value: [0] (FROM RECIPE_ROW) recipeId: [7cdc201d8b9648f9ac77d03ff823d322] tagID=[c4e63e6a207546dd9a0d7a51fd7a8467] set TAG_NEW=0,DB DEBUG,fe_LotRecipeRowCheckCreateByRecipe,c05dcd762e4b4b5a99224c48445d7683,3
65235,06/05/2026 14:01:54,INSERT in LOT_RECIPE_ROW TAG: [GI4_RECIPE_Data_OP10_PTL_4_CellUnion] value: [0] (FROM RECIPE_ROW) recipeId: [7cdc201d8b9648f9ac77d03ff823d322] tagID=[c3baf9c71d13472fa6cdaaca86f9002f] set TAG_NEW=0,DB DEBUG,fe_LotRecipeRowCheckCreateByRecipe,c05dcd762e4b4b5a99224c48445d7683,3
65234,06/05/2026 14:01:54,INSERT in LOT_RECIPE_ROW TAG: [GI4_RECIPE_Data_OP30_PTL_32_Description] value: [] (FROM RECIPE_ROW) recipeId: [7cdc201d8b9648f9ac77d03ff823d322] tagID=[c2b389e7b0dd4fa2bddfb6faa78caa2b] set TAG_NEW=0,DB DEBUG,fe_LotRecipeRowCheckCreateByRecipe,c05dcd762e4b4b5a99224c48445d7683,3
65233,06/05/2026 14:01:54,INSERT in LOT_RECIPE_ROW TAG: [GI4_RECIPE_Data_OP30_PTL_18_PartNumber] value: [] (FROM RECIPE_ROW) recipeId: [7cdc201d8b9648f9ac77d03ff823d322] tagID=[c26f43793c1d47c59d1e85e4b3346a7d] set TAG_NEW=0,DB DEBUG,fe_LotRecipeRowCheckCreateByRecipe,c05dcd762e4b4b5a99224c48445d7683,3
65232,06/05/2026 14:01:54,INSERT in LOT_RECIPE_ROW TAG: [GI4_RECIPE_Data_OP10_PTL_29_Description] value: [] (FROM RECIPE_ROW) recipeId: [7cdc201d8b9648f9ac77d03ff823d322] tagID=[c1af14d7f1ab4b289e63457352547ec8] set TAG_NEW=0,DB DEBUG,fe_LotRecipeRowCheckCreateByRecipe,c05dcd762e4b4b5a99224c48445d7683,3
65231,06/05/2026 14:01:54,INSERT in LOT_RECIPE_ROW TAG: [GI4_RECIPE_Data_OP10_PTL_20_PartNumber] value: [] (FROM RECIPE_ROW) recipeId: [7cdc201d8b9648f9ac77d03ff823d322] tagID=[c12fb192e4684af1a0076e569693b60a] set TAG_NEW=0,DB DEBUG,fe_LotRecipeRowCheckCreateByRecipe,c05dcd762e4b4b5a99224c48445d7683,3
65230,06/05/2026 14:01:54,INSERT in LOT_RECIPE_ROW TAG: [GI4_RECIPE_Data_OP30_PTL_10_Description] value: [GUAR.DI CONT. BOCC.SNP3] (FROM RECIPE_ROW) recipeId: [7cdc201d8b9648f9ac77d03ff823d322] tagID=[c106b0472bc946af8adb552982d35391] set TAG_NEW=0,DB DEBUG,fe_LotRecipeRowCheckCreateByRecipe,c05dcd762e4b4b5a99224c48445d7683,3
65229,06/05/2026 14:01:54,INSERT in LOT_RECIPE_ROW TAG: [GI4_RECIPE_Data_OP10_PTL_17_Description] value: [] (FROM RECIPE_ROW) recipeId: [7cdc201d8b9648f9ac77d03ff823d322] tagID=[c070a6bd45634e6cb48e3f33257074a4] set TAG_NEW=0,DB DEBUG,fe_LotRecipeRowCheckCreateByRecipe,c05dcd762e4b4b5a99224c48445d7683,3
65228,06/05/2026 14:01:54,INSERT in LOT_RECIPE_ROW TAG: [GI4_RECIPE_Data_OP10_PTL_2_Cell] value: [22] (FROM RECIPE_ROW) recipeId: [7cdc201d8b9648f9ac77d03ff823d322] tagID=[bf8911c5ef4d46cca50bc6607b301bcb] set TAG_NEW=0,DB DEBUG,fe_LotRecipeRowCheckCreateByRecipe,c05dcd762e4b4b5a99224c48445d7683,3
65227,06/05/2026 14:01:54,INSERT in LOT_RECIPE_ROW TAG: [GI4_RECIPE_Data_OP30_PTL_31_PartNumber] value: [] (FROM RECIPE_ROW) recipeId: [7cdc201d8b9648f9ac77d03ff823d322] tagID=[be5401d776254fb491ba083fe0c2c746] set TAG_NEW=0,DB DEBUG,fe_LotRecipeRowCheckCreateByRecipe,c05dcd762e4b4b5a99224c48445d7683,3
65226,06/05/2026 14:01:54,INSERT in LOT_RECIPE_ROW TAG: [GI4_RECIPE_Data_OP10_PTL_24_CellUnion] value: [0] (FROM RECIPE_ROW) recipeId: [7cdc201d8b9648f9ac77d03ff823d322] tagID=[be073a12937c458d84834dace368a187] set TAG_NEW=0,DB DEBUG,fe_LotRecipeRowCheckCreateByRecipe,c05dcd762e4b4b5a99224c48445d7683,3
65225,06/05/2026 14:01:54,INSERT in LOT_RECIPE_ROW TAG: [GI4_RECIPE_Data_OP30_PTL_29_Qta] value: [0] (FROM RECIPE_ROW) recipeId: [7cdc201d8b9648f9ac77d03ff823d322] tagID=[bc3fc782f88f41ee9ca37dbbf13c9a30] set TAG_NEW=0,DB DEBUG,fe_LotRecipeRowCheckCreateByRecipe,c05dcd762e4b4b5a99224c48445d7683,3
65224,06/05/2026 14:01:54,INSERT in LOT_RECIPE_ROW TAG: [GI4_RECIPE_Data_OP30_PTL_26_PartNumber] value: [] (FROM RECIPE_ROW) recipeId: [7cdc201d8b9648f9ac77d03ff823d322] tagID=[bc25f7ecf75e421c97fb25804c34fb13] set TAG_NEW=0,DB DEBUG,fe_LotRecipeRowCheckCreateByRecipe,c05dcd762e4b4b5a99224c48445d7683,3
65223,06/05/2026 14:01:54,INSERT in LOT_RECIPE_ROW TAG: [GI4_RECIPE_Data_OP10_PTL_27_PartNumber] value: [] (FROM RECIPE_ROW) recipeId: [7cdc201d8b9648f9ac77d03ff823d322] tagID=[bbd55296f3d9459c9cbced2ba6f0a77d] set TAG_NEW=0,DB DEBUG,fe_LotRecipeRowCheckCreateByRecipe,c05dcd762e4b4b5a99224c48445d7683,3
65222,06/05/2026 14:01:54,INSERT in LOT_RECIPE_ROW TAG: [GI4_RECIPE_Data_OP30_PTL_8_Cell] value: [22] (FROM RECIPE_ROW) recipeId: [7cdc201d8b9648f9ac77d03ff823d322] tagID=[bb92791e866e4d888fd699bdab2462a3] set TAG_NEW=0,DB DEBUG,fe_LotRecipeRowCheckCreateByRecipe,c05dcd762e4b4b5a99224c48445d7683,3
65221,06/05/2026 14:01:54,INSERT in LOT_RECIPE_ROW TAG: [GI4_RECIPE_Data_OP10_PTL_8_Cell] value: [0] (FROM RECIPE_ROW) recipeId: [7cdc201d8b9648f9ac77d03ff823d322] tagID=[b97671bc53ef430da0c80fcd2c7e6b05] set TAG_NEW=0,DB DEBUG,fe_LotRecipeRowCheckCreateByRecipe,c05dcd762e4b4b5a99224c48445d7683,3
65220,06/05/2026 14:01:54,INSERT in LOT_RECIPE_ROW TAG: [GI4_RECIPE_Data_OP30_PTL_6_PartNumber] value: [5009.01.0021] (FROM RECIPE_ROW) recipeId: [7cdc201d8b9648f9ac77d03ff823d322] tagID=[b8b9fa36e33a4e14a2374c935ab0585d] set TAG_NEW=0,DB DEBUG,fe_LotRecipeRowCheckCreateByRecipe,c05dcd762e4b4b5a99224c48445d7683,3
65219,06/05/2026 14:01:54,INSERT in LOT_RECIPE_ROW TAG: [GI4_RECIPE_Data_OP10_PTL_22_Qta] value: [0] (FROM RECIPE_ROW) recipeId: [7cdc201d8b9648f9ac77d03ff823d322] tagID=[b7d668115615414499c34d74a9b620e5] set TAG_NEW=0,DB DEBUG,fe_LotRecipeRowCheckCreateByRecipe,c05dcd762e4b4b5a99224c48445d7683,3
65218,06/05/2026 14:01:54,INSERT in LOT_RECIPE_ROW TAG: [GI4_RECIPE_Data_OP30_PTL_5_CellUnion] value: [0] (FROM RECIPE_ROW) recipeId: [7cdc201d8b9648f9ac77d03ff823d322] tagID=[b63c4febbeee4ebeaba4b956239c4c4e] set TAG_NEW=0,DB DEBUG,fe_LotRecipeRowCheckCreateByRecipe,c05dcd762e4b4b5a99224c48445d7683,3
65217,06/05/2026 14:01:54,INSERT in LOT_RECIPE_ROW TAG: [GI4_RECIPE_Data_OP10_PTL_25_Qta] value: [0] (FROM RECIPE_ROW) recipeId: [7cdc201d8b9648f9ac77d03ff823d322] tagID=[b5cbc5b84b64466789f2b58cc5e5bbb4] set TAG_NEW=0,DB DEBUG,fe_LotRecipeRowCheckCreateByRecipe,c05dcd762e4b4b5a99224c48445d7683,3
65216,06/05/2026 14:01:54,INSERT in LOT_RECIPE_ROW TAG: [GI4_RECIPE_Data_OP10_PTL_10_Qta] value: [0] (FROM RECIPE_ROW) recipeId: [7cdc201d8b9648f9ac77d03ff823d322] tagID=[affad80389084da3899b526e402ed673] set TAG_NEW=0,DB DEBUG,fe_LotRecipeRowCheckCreateByRecipe,c05dcd762e4b4b5a99224c48445d7683,3
65215,06/05/2026 14:01:54,INSERT in LOT_RECIPE_ROW TAG: [GI4_RECIPE_Data_OP30_PTL_14_PartNumber] value: [5713.54.2579] (FROM RECIPE_ROW) recipeId: [7cdc201d8b9648f9ac77d03ff823d322] tagID=[adc6dee299e94b74a6c5d5d7fc477174] set TAG_NEW=0,DB DEBUG,fe_LotRecipeRowCheckCreateByRecipe,c05dcd762e4b4b5a99224c48445d7683,3
65214,06/05/2026 14:01:54,INSERT in LOT_RECIPE_ROW TAG: [GI4_RECIPE_Data_OP30_PTL_30_CellUnion] value: [0] (FROM RECIPE_ROW) recipeId: [7cdc201d8b9648f9ac77d03ff823d322] tagID=[adc5415e252f479f81b9a6c599dbb9d0] set TAG_NEW=0,DB DEBUG,fe_LotRecipeRowCheckCreateByRecipe,c05dcd762e4b4b5a99224c48445d7683,3
65213,06/05/2026 14:01:54,INSERT in LOT_RECIPE_ROW TAG: [GI4_RECIPE_Data_OP30_PTL_11_Cell] value: [32] (FROM RECIPE_ROW) recipeId: [7cdc201d8b9648f9ac77d03ff823d322] tagID=[ad7f7fe44f0a4a5cbd5acbab5052351e] set TAG_NEW=0,DB DEBUG,fe_LotRecipeRowCheckCreateByRecipe,c05dcd762e4b4b5a99224c48445d7683,3
65212,06/05/2026 14:01:54,INSERT in LOT_RECIPE_ROW TAG: [GI4_RECIPE_Data_OP10_PTL_7_Description] value: [TCCE M10x30 UNI5931-12K- br.] (FROM RECIPE_ROW) recipeId: [7cdc201d8b9648f9ac77d03ff823d322] tagID=[ac7747aadd5a48bc8af7192c4715ad52] set TAG_NEW=0,DB DEBUG,fe_LotRecipeRowCheckCreateByRecipe,c05dcd762e4b4b5a99224c48445d7683,3
65211,06/05/2026 14:01:54,INSERT in LOT_RECIPE_ROW TAG: [GI4_RECIPE_Data_OP10_PTL_24_Qta] value: [0] (FROM RECIPE_ROW) recipeId: [7cdc201d8b9648f9ac77d03ff823d322] tagID=[ac05b3ef6b984070964f44c6a386b03e] set TAG_NEW=0,DB DEBUG,fe_LotRecipeRowCheckCreateByRecipe,c05dcd762e4b4b5a99224c48445d7683,3
65210,06/05/2026 14:01:54,INSERT in LOT_RECIPE_ROW TAG: [GI4_RECIPE_Data_OP10_PTL_19_Qta] value: [0] (FROM RECIPE_ROW) recipeId: [7cdc201d8b9648f9ac77d03ff823d322] tagID=[a854b6342fee41a6a95bf7a66f91f2f2] set TAG_NEW=0,DB DEBUG,fe_LotRecipeRowCheckCreateByRecipe,c05dcd762e4b4b5a99224c48445d7683,3
65209,06/05/2026 14:01:54,INSERT in LOT_RECIPE_ROW TAG: [GI4_RECIPE_Data_OP10_PTL_15_Qta] value: [0] (FROM RECIPE_ROW) recipeId: [7cdc201d8b9648f9ac77d03ff823d322] tagID=[a62c40231ea046c392bd93ca69a7eb93] set TAG_NEW=0,DB DEBUG,fe_LotRecipeRowCheckCreateByRecipe,c05dcd762e4b4b5a99224c48445d7683,3
65208,06/05/2026 14:01:54,INSERT in LOT_RECIPE_ROW TAG: [GI4_RECIPE_Data_OP10_PTL_12_Cell] value: [0] (FROM RECIPE_ROW) recipeId: [7cdc201d8b9648f9ac77d03ff823d322] tagID=[a536e08c7e0646a1a3bf8cbf76ff4d06] set TAG_NEW=0,DB DEBUG,fe_LotRecipeRowCheckCreateByRecipe,c05dcd762e4b4b5a99224c48445d7683,3
65207,06/05/2026 14:01:54,INSERT in LOT_RECIPE_ROW TAG: [GI4_RECIPE_Data_OP10_PTL_22_Cell] value: [0] (FROM RECIPE_ROW) recipeId: [7cdc201d8b9648f9ac77d03ff823d322] tagID=[a06dc51fecd4478cab7219b5a81f561e] set TAG_NEW=0,DB DEBUG,fe_LotRecipeRowCheckCreateByRecipe,c05dcd762e4b4b5a99224c48445d7683,3
65206,06/05/2026 14:01:54,INSERT in LOT_RECIPE_ROW TAG: [GI4_RECIPE_Data_OP10_PTL_8_CellUnion] value: [0] (FROM RECIPE_ROW) recipeId: [7cdc201d8b9648f9ac77d03ff823d322] tagID=[9f675bf8a3fc4baf9600424a6e6e7dfc] set TAG_NEW=0,DB DEBUG,fe_LotRecipeRowCheckCreateByRecipe,c05dcd762e4b4b5a99224c48445d7683,3
65205,06/05/2026 14:01:54,INSERT in LOT_RECIPE_ROW TAG: [GI4_RECIPE_Data_OP30_PTL_30_Description] value: [] (FROM RECIPE_ROW) recipeId: [7cdc201d8b9648f9ac77d03ff823d322] tagID=[9f49aa7d8fe74c4ebe0822c76b1d6809] set TAG_NEW=0,DB DEBUG,fe_LotRecipeRowCheckCreateByRecipe,c05dcd762e4b4b5a99224c48445d7683,3
65204,06/05/2026 14:01:54,INSERT in LOT_RECIPE_ROW TAG: [GI4_RECIPE_Data_OP10_PTL_3_CellUnion] value: [0] (FROM RECIPE_ROW) recipeId: [7cdc201d8b9648f9ac77d03ff823d322] tagID=[9f494ab1a6b240f0a92431fa148ecacd] set TAG_NEW=0,DB DEBUG,fe_LotRecipeRowCheckCreateByRecipe,c05dcd762e4b4b5a99224c48445d7683,3
65203,06/05/2026 14:01:54,INSERT in LOT_RECIPE_ROW TAG: [GI4_RECIPE_Data_OP30_PTL_23_CellUnion] value: [0] (FROM RECIPE_ROW) recipeId: [7cdc201d8b9648f9ac77d03ff823d322] tagID=[9f3ce9c5657c4081a44076684abed128] set TAG_NEW=0,DB DEBUG,fe_LotRecipeRowCheckCreateByRecipe,c05dcd762e4b4b5a99224c48445d7683,3
65202,06/05/2026 14:01:54,INSERT in LOT_RECIPE_ROW TAG: [GI4_RECIPE_Data_OP10_PTL_31_CellUnion] value: [0] (FROM RECIPE_ROW) recipeId: [7cdc201d8b9648f9ac77d03ff823d322] tagID=[9e841f7f5b044a1693ad08752fc3583d] set TAG_NEW=0,DB DEBUG,fe_LotRecipeRowCheckCreateByRecipe,c05dcd762e4b4b5a99224c48445d7683,3
65201,06/05/2026 14:01:54,INSERT in LOT_RECIPE_ROW TAG: [GI4_RECIPE_Data_OP30_PTL_26_Qta] value: [0] (FROM RECIPE_ROW) recipeId: [7cdc201d8b9648f9ac77d03ff823d322] tagID=[9da728b46768497c82e8ee97dab5c77f] set TAG_NEW=0,DB DEBUG,fe_LotRecipeRowCheckCreateByRecipe,c05dcd762e4b4b5a99224c48445d7683,3
65200,06/05/2026 14:01:54,INSERT in LOT_RECIPE_ROW TAG: [GI4_RECIPE_Data_OP30_PTL_29_Cell] value: [0] (FROM RECIPE_ROW) recipeId: [7cdc201d8b9648f9ac77d03ff823d322] tagID=[9d894fc434dd4e128348f7295f11a416] set TAG_NEW=0,DB DEBUG,fe_LotRecipeRowCheckCreateByRecipe,c05dcd762e4b4b5a99224c48445d7683,3
65199,06/05/2026 14:01:54,INSERT in LOT_RECIPE_ROW TAG: [GI4_RECIPE_Data_OP30_PTL_18_Description] value: [] (FROM RECIPE_ROW) recipeId: [7cdc201d8b9648f9ac77d03ff823d322] tagID=[9d6181a89a3b42b089cdea11cde8d5aa] set TAG_NEW=0,DB DEBUG,fe_LotRecipeRowCheckCreateByRecipe,c05dcd762e4b4b5a99224c48445d7683,3
65198,06/05/2026 14:01:54,INSERT in LOT_RECIPE_ROW TAG: [GI4_RECIPE_Data_OP10_PTL_6_Cell] value: [28] (FROM RECIPE_ROW) recipeId: [7cdc201d8b9648f9ac77d03ff823d322] tagID=[9ca743ce62c64ec19306f9a7f58ee4b2] set TAG_NEW=0,DB DEBUG,fe_LotRecipeRowCheckCreateByRecipe,c05dcd762e4b4b5a99224c48445d7683,3
65197,06/05/2026 14:01:54,"INSERT in LOT_RECIPE_ROW TAG: [GI4_RECIPE_Data_OP30_PTL_12_Description] value: [PRE-SHAPED  OR SEAL88,57 x 2,] (FROM RECIPE_ROW) recipeId: [7cdc201d8b9648f9ac77d03ff823d322] tagID=[9968ccfe92584960b1373e007a2970ca] set TAG_NEW=0",DB DEBUG,fe_LotRecipeRowCheckCreateByRecipe,c05dcd762e4b4b5a99224c48445d7683,3
65196,06/05/2026 14:01:54,INSERT in LOT_RECIPE_ROW TAG: [GI4_RECIPE_Data_OP30_PTL_15_Description] value: [] (FROM RECIPE_ROW) recipeId: [7cdc201d8b9648f9ac77d03ff823d322] tagID=[980dc20e83254cfa8b43b2e84a4dc2f3] set TAG_NEW=0,DB DEBUG,fe_LotRecipeRowCheckCreateByRecipe,c05dcd762e4b4b5a99224c48445d7683,3
65195,06/05/2026 14:01:54,INSERT in LOT_RECIPE_ROW TAG: [GI4_RECIPE_Data_OP10_PTL_2_PartNumber] value: [313.0039.1.00] (FROM RECIPE_ROW) recipeId: [7cdc201d8b9648f9ac77d03ff823d322] tagID=[97725c7e1be64b50af0a8ea3be69c4ab] set TAG_NEW=0,DB DEBUG,fe_LotRecipeRowCheckCreateByRecipe,c05dcd762e4b4b5a99224c48445d7683,3
65194,06/05/2026 14:01:54,INSERT in LOT_RECIPE_ROW TAG: [GI4_RECIPE_Data_OP10_PTL_30_Cell] value: [0] (FROM RECIPE_ROW) recipeId: [7cdc201d8b9648f9ac77d03ff823d322] tagID=[96e62cf2a766464aa0d7953351080569] set TAG_NEW=0,DB DEBUG,fe_LotRecipeRowCheckCreateByRecipe,c05dcd762e4b4b5a99224c48445d7683,3
65193,06/05/2026 14:01:54,INSERT in LOT_RECIPE_ROW TAG: [GI4_RECIPE_Data_OP30_PTL_15_Qta] value: [0] (FROM RECIPE_ROW) recipeId: [7cdc201d8b9648f9ac77d03ff823d322] tagID=[968856ca602e46fea96e5ad25133b385] set TAG_NEW=0,DB DEBUG,fe_LotRecipeRowCheckCreateByRecipe,c05dcd762e4b4b5a99224c48445d7683,3
65192,06/05/2026 14:01:54,INSERT in LOT_RECIPE_ROW TAG: [GI4_RECIPE_Data_OP30_PTL_29_PartNumber] value: [] (FROM RECIPE_ROW) recipeId: [7cdc201d8b9648f9ac77d03ff823d322] tagID=[94dd4cd7263e45239951c5b10677bf6c] set TAG_NEW=0,DB DEBUG,fe_LotRecipeRowCheckCreateByRecipe,c05dcd762e4b4b5a99224c48445d7683,3
65191,06/05/2026 14:01:54,INSERT in LOT_RECIPE_ROW TAG: [GI4_RECIPE_Data_OP30_PTL_19_Description] value: [] (FROM RECIPE_ROW) recipeId: [7cdc201d8b9648f9ac77d03ff823d322] tagID=[94c2f74c34bb4d6cb2166ebd7712ff25] set TAG_NEW=0,DB DEBUG,fe_LotRecipeRowCheckCreateByRecipe,c05dcd762e4b4b5a99224c48445d7683,3
65190,06/05/2026 14:01:54,INSERT in LOT_RECIPE_ROW TAG: [GI4_RECIPE_Data_OP30_PTL_7_Description] value: [TAPPO PER FORO DIAM. 27] (FROM RECIPE_ROW) recipeId: [7cdc201d8b9648f9ac77d03ff823d322] tagID=[94025c26c59641fa8ca85675332ce390] set TAG_NEW=0,DB DEBUG,fe_LotRecipeRowCheckCreateByRecipe,c05dcd762e4b4b5a99224c48445d7683,3
65189,06/05/2026 14:01:54,INSERT in LOT_RECIPE_ROW TAG: [GI4_RECIPE_Data_OP30_PTL_24_Cell] value: [0] (FROM RECIPE_ROW) recipeId: [7cdc201d8b9648f9ac77d03ff823d322] tagID=[93740c4ee2724d1b94687ed48e1e00e4] set TAG_NEW=0,DB DEBUG,fe_LotRecipeRowCheckCreateByRecipe,c05dcd762e4b4b5a99224c48445d7683,3
65188,06/05/2026 14:01:54,INSERT in LOT_RECIPE_ROW TAG: [GI4_RECIPE_Data_OP10_PTL_29_Qta] value: [0] (FROM RECIPE_ROW) recipeId: [7cdc201d8b9648f9ac77d03ff823d322] tagID=[92b271e48ed641e6ad129bac0809f533] set TAG_NEW=0,DB DEBUG,fe_LotRecipeRowCheckCreateByRecipe,c05dcd762e4b4b5a99224c48445d7683,3
65187,06/05/2026 14:01:54,INSERT in LOT_RECIPE_ROW TAG: [GI4_RECIPE_Data_OP30_PTL_27_Description] value: [] (FROM RECIPE_ROW) recipeId: [7cdc201d8b9648f9ac77d03ff823d322] tagID=[9268db9795f2473ba4a24cac807882a1] set TAG_NEW=0,DB DEBUG,fe_LotRecipeRowCheckCreateByRecipe,c05dcd762e4b4b5a99224c48445d7683,3
65186,06/05/2026 14:01:54,INSERT in LOT_RECIPE_ROW TAG: [GI4_RECIPE_Data_OP10_PTL_24_Description] value: [] (FROM RECIPE_ROW) recipeId: [7cdc201d8b9648f9ac77d03ff823d322] tagID=[9087a3791a4b4f6793a64e1cee3db501] set TAG_NEW=0,DB DEBUG,fe_LotRecipeRowCheckCreateByRecipe,c05dcd762e4b4b5a99224c48445d7683,3
65185,06/05/2026 14:01:54,INSERT in LOT_RECIPE_ROW TAG: [GI4_RECIPE_Data_OP10_PTL_27_Cell] value: [0] (FROM RECIPE_ROW) recipeId: [7cdc201d8b9648f9ac77d03ff823d322] tagID=[8f2745f0a12842afaa70318e3cd1f7a8] set TAG_NEW=0,DB DEBUG,fe_LotRecipeRowCheckCreateByRecipe,c05dcd762e4b4b5a99224c48445d7683,3
65184,06/05/2026 14:01:54,INSERT in LOT_RECIPE_ROW TAG: [GI4_RECIPE_Data_OP30_PTL_7_Cell] value: [0] (FROM RECIPE_ROW) recipeId: [7cdc201d8b9648f9ac77d03ff823d322] tagID=[8da5355aad07486dafba036bfff05750] set TAG_NEW=0,DB DEBUG,fe_LotRecipeRowCheckCreateByRecipe,c05dcd762e4b4b5a99224c48445d7683,3
65183,06/05/2026 14:01:54,INSERT in LOT_RECIPE_ROW TAG: [GI4_RECIPE_Data_OP10_PTL_6_CellUnion] value: [0] (FROM RECIPE_ROW) recipeId: [7cdc201d8b9648f9ac77d03ff823d322] tagID=[8d2e3fe01eeb446292888b44f818a1f9] set TAG_NEW=0,DB DEBUG,fe_LotRecipeRowCheckCreateByRecipe,c05dcd762e4b4b5a99224c48445d7683,3
65182,06/05/2026 14:01:54,INSERT in LOT_RECIPE_ROW TAG: [GI4_RECIPE_Data_OP30_PTL_21_Description] value: [] (FROM RECIPE_ROW) recipeId: [7cdc201d8b9648f9ac77d03ff823d322] tagID=[8c2620cd63eb4df79760a38874c39e8b] set TAG_NEW=0,DB DEBUG,fe_LotRecipeRowCheckCreateByRecipe,c05dcd762e4b4b5a99224c48445d7683,3
65181,06/05/2026 14:01:54,INSERT in LOT_RECIPE_ROW TAG: [GI4_RECIPE_Data_OP30_PTL_23_Qta] value: [0] (FROM RECIPE_ROW) recipeId: [7cdc201d8b9648f9ac77d03ff823d322] tagID=[8bcb146e530c4d34ac0f620c1d076067] set TAG_NEW=0,DB DEBUG,fe_LotRecipeRowCheckCreateByRecipe,c05dcd762e4b4b5a99224c48445d7683,3
65180,06/05/2026 14:01:54,INSERT in LOT_RECIPE_ROW TAG: [GI4_RECIPE_Data_OP10_PTL_12_Description] value: [] (FROM RECIPE_ROW) recipeId: [7cdc201d8b9648f9ac77d03ff823d322] tagID=[8917fa3d84b94453897c15f5eb6a1bc7] set TAG_NEW=0,DB DEBUG,fe_LotRecipeRowCheckCreateByRecipe,c05dcd762e4b4b5a99224c48445d7683,3
65179,06/05/2026 14:01:54,INSERT in LOT_RECIPE_ROW TAG: [GI4_RECIPE_Data_OP10_PTL_6_Description] value: [SPINA COLL. D.8x15 sim. UNI E] (FROM RECIPE_ROW) recipeId: [7cdc201d8b9648f9ac77d03ff823d322] tagID=[8888b6c2b336454ea1dde3d0e777e26c] set TAG_NEW=0,DB DEBUG,fe_LotRecipeRowCheckCreateByRecipe,c05dcd762e4b4b5a99224c48445d7683,3
65178,06/05/2026 14:01:54,INSERT in LOT_RECIPE_ROW TAG: [GI4_RECIPE_Data_OP30_PTL_8_Qta] value: [1] (FROM RECIPE_ROW) recipeId: [7cdc201d8b9648f9ac77d03ff823d322] tagID=[85fb34eba80d4fb38ad706d6bc51c136] set TAG_NEW=0,DB DEBUG,fe_LotRecipeRowCheckCreateByRecipe,c05dcd762e4b4b5a99224c48445d7683,3
65177,06/05/2026 14:01:54,INSERT in LOT_RECIPE_ROW TAG: [GI4_RECIPE_Data_OP30_PTL_4_Description] value: [PIASTRA DI BILANC. SNP3] (FROM RECIPE_ROW) recipeId: [7cdc201d8b9648f9ac77d03ff823d322] tagID=[85dd705906f34a43a06a48e2fa5562d0] set TAG_NEW=0,DB DEBUG,fe_LotRecipeRowCheckCreateByRecipe,c05dcd762e4b4b5a99224c48445d7683,3
65176,06/05/2026 14:01:54,INSERT in LOT_RECIPE_ROW TAG: [GI4_RECIPE_Data_OP10_PTL_20_CellUnion] value: [0] (FROM RECIPE_ROW) recipeId: [7cdc201d8b9648f9ac77d03ff823d322] tagID=[85556a15889e4c90b875e2fa81df305e] set TAG_NEW=0,DB DEBUG,fe_LotRecipeRowCheckCreateByRecipe,c05dcd762e4b4b5a99224c48445d7683,3
65175,06/05/2026 14:01:54,INSERT in LOT_RECIPE_ROW TAG: [GI4_RECIPE_Data_OP30_PTL_11_Description] value: [MEZZO CORPO INSERIMENTO BOCCOLE] (FROM RECIPE_ROW) recipeId: [7cdc201d8b9648f9ac77d03ff823d322] tagID=[8221d86a3f8d40afa93cc9f830cee8ce] set TAG_NEW=0,DB DEBUG,fe_LotRecipeRowCheckCreateByRecipe,c05dcd762e4b4b5a99224c48445d7683,3
65174,06/05/2026 14:01:54,INSERT in LOT_RECIPE_ROW TAG: [GI4_RECIPE_Data_OP10_PTL_7_PartNumber] value: [5713.54.2579] (FROM RECIPE_ROW) recipeId: [7cdc201d8b9648f9ac77d03ff823d322] tagID=[81ede46cf2a0429eb773b4da4e5f1846] set TAG_NEW=0,DB DEBUG,fe_LotRecipeRowCheckCreateByRecipe,c05dcd762e4b4b5a99224c48445d7683,3
65173,06/05/2026 14:01:54,INSERT in LOT_RECIPE_ROW TAG: [GI4_RECIPE_Data_OP30_PTL_27_Cell] value: [0] (FROM RECIPE_ROW) recipeId: [7cdc201d8b9648f9ac77d03ff823d322] tagID=[819d3ffd99bb4d46afeea3540ec7844c] set TAG_NEW=0,DB DEBUG,fe_LotRecipeRowCheckCreateByRecipe,c05dcd762e4b4b5a99224c48445d7683,3
65172,06/05/2026 14:01:54,INSERT in LOT_RECIPE_ROW TAG: [GI4_RECIPE_Data_OP30_PTL_28_Qta] value: [0] (FROM RECIPE_ROW) recipeId: [7cdc201d8b9648f9ac77d03ff823d322] tagID=[8016fe4df75b47bdad750766152a7bf9] set TAG_NEW=0,DB DEBUG,fe_LotRecipeRowCheckCreateByRecipe,c05dcd762e4b4b5a99224c48445d7683,3
65171,06/05/2026 14:01:54,INSERT in LOT_RECIPE_ROW TAG: [GI4_RECIPE_Data_OP10_PTL_17_PartNumber] value: [] (FROM RECIPE_ROW) recipeId: [7cdc201d8b9648f9ac77d03ff823d322] tagID=[7f7739bc347f45608ba21aa04342c2dc] set TAG_NEW=0,DB DEBUG,fe_LotRecipeRowCheckCreateByRecipe,c05dcd762e4b4b5a99224c48445d7683,3
65170,06/05/2026 14:01:54,INSERT in LOT_RECIPE_ROW TAG: [GI4_RECIPE_Data_OP30_PTL_5_Cell] value: [0] (FROM RECIPE_ROW) recipeId: [7cdc201d8b9648f9ac77d03ff823d322] tagID=[7f00999f806f469994cc8e2c2ef27728] set TAG_NEW=0,DB DEBUG,fe_LotRecipeRowCheckCreateByRecipe,c05dcd762e4b4b5a99224c48445d7683,3
65169,06/05/2026 14:01:54,INSERT in LOT_RECIPE_ROW TAG: [GI4_RECIPE_Data_OP30_PTL_20_Cell] value: [0] (FROM RECIPE_ROW) recipeId: [7cdc201d8b9648f9ac77d03ff823d322] tagID=[7f0097e64d4e42568f87353f6886771e] set TAG_NEW=0,DB DEBUG,fe_LotRecipeRowCheckCreateByRecipe,c05dcd762e4b4b5a99224c48445d7683,3
65168,06/05/2026 14:01:54,INSERT in LOT_RECIPE_ROW TAG: [GI4_RECIPE_Data_OP10_PTL_1_PartNumber] value: [314.0059.0.00] (FROM RECIPE_ROW) recipeId: [7cdc201d8b9648f9ac77d03ff823d322] tagID=[7eee7b9b5d3f4f3385918cf9bb6b7875] set TAG_NEW=0,DB DEBUG,fe_LotRecipeRowCheckCreateByRecipe,c05dcd762e4b4b5a99224c48445d7683,3
65167,06/05/2026 14:01:54,INSERT in LOT_RECIPE_ROW TAG: [GI4_RECIPE_Data_OP10_PTL_17_CellUnion] value: [0] (FROM RECIPE_ROW) recipeId: [7cdc201d8b9648f9ac77d03ff823d322] tagID=[7e99c778fe01429c8147fb61bf20fdbe] set TAG_NEW=0,DB DEBUG,fe_LotRecipeRowCheckCreateByRecipe,c05dcd762e4b4b5a99224c48445d7683,3
65166,06/05/2026 14:01:54,INSERT in LOT_RECIPE_ROW TAG: [GI4_RECIPE_Data_OP30_PTL_1_PartNumber] value: [11310055] (FROM RECIPE_ROW) recipeId: [7cdc201d8b9648f9ac77d03ff823d322] tagID=[7ce37947270449218f875eea849a2044] set TAG_NEW=0,DB DEBUG,fe_LotRecipeRowCheckCreateByRecipe,c05dcd762e4b4b5a99224c48445d7683,3
65165,06/05/2026 14:01:54,INSERT in LOT_RECIPE_ROW TAG: [GI4_RECIPE_Data_OP30_PTL_4_Qta] value: [3] (FROM RECIPE_ROW) recipeId: [7cdc201d8b9648f9ac77d03ff823d322] tagID=[7ca06a06c6814e5482f933de89dca8a1] set TAG_NEW=0,DB DEBUG,fe_LotRecipeRowCheckCreateByRecipe,c05dcd762e4b4b5a99224c48445d7683,3
65164,06/05/2026 14:01:54,INSERT in LOT_RECIPE_ROW TAG: [GI4_RECIPE_Data_OP10_PTL_15_CellUnion] value: [0] (FROM RECIPE_ROW) recipeId: [7cdc201d8b9648f9ac77d03ff823d322] tagID=[7b33baae8b4546efa155794599a1a1cd] set TAG_NEW=0,DB DEBUG,fe_LotRecipeRowCheckCreateByRecipe,c05dcd762e4b4b5a99224c48445d7683,3
65163,06/05/2026 14:01:54,INSERT in LOT_RECIPE_ROW TAG: [GI4_RECIPE_Data_OP30_PTL_32_PartNumber] value: [] (FROM RECIPE_ROW) recipeId: [7cdc201d8b9648f9ac77d03ff823d322] tagID=[7aeef739d63544f497cc8606bc4a423a] set TAG_NEW=0,DB DEBUG,fe_LotRecipeRowCheckCreateByRecipe,c05dcd762e4b4b5a99224c48445d7683,3
65162,06/05/2026 14:01:54,INSERT in LOT_RECIPE_ROW TAG: [GI4_RECIPE_Data_OP30_PTL_10_Cell] value: [21] (FROM RECIPE_ROW) recipeId: [7cdc201d8b9648f9ac77d03ff823d322] tagID=[7a725dc198044ac18b7412e722838ca5] set TAG_NEW=0,DB DEBUG,fe_LotRecipeRowCheckCreateByRecipe,c05dcd762e4b4b5a99224c48445d7683,3
65161,06/05/2026 14:01:54,INSERT in LOT_RECIPE_ROW TAG: [GI4_RECIPE_Data_OP10_PTL_10_Description] value: [] (FROM RECIPE_ROW) recipeId: [7cdc201d8b9648f9ac77d03ff823d322] tagID=[79c101ec20b54abf9926753b220b0caf] set TAG_NEW=0,DB DEBUG,fe_LotRecipeRowCheckCreateByRecipe,c05dcd762e4b4b5a99224c48445d7683,3
65160,06/05/2026 14:01:54,INSERT in LOT_RECIPE_ROW TAG: [GI4_RECIPE_Data_OP10_PTL_22_Description] value: [] (FROM RECIPE_ROW) recipeId: [7cdc201d8b9648f9ac77d03ff823d322] tagID=[78b0970ffcdb4c489eb6d1d9636d389b] set TAG_NEW=0,DB DEBUG,fe_LotRecipeRowCheckCreateByRecipe,c05dcd762e4b4b5a99224c48445d7683,3
65159,06/05/2026 14:01:54,INSERT in LOT_RECIPE_ROW TAG: [GI4_RECIPE_Data_OP30_PTL_8_PartNumber] value: [314.0059.0.00] (FROM RECIPE_ROW) recipeId: [7cdc201d8b9648f9ac77d03ff823d322] tagID=[7807e14906eb46aa9f1939eb0ad14cc8] set TAG_NEW=0,DB DEBUG,fe_LotRecipeRowCheckCreateByRecipe,c05dcd762e4b4b5a99224c48445d7683,3
65158,06/05/2026 14:01:54,INSERT in LOT_RECIPE_ROW TAG: [GI4_RECIPE_Data_OP30_PTL_17_Description] value: [] (FROM RECIPE_ROW) recipeId: [7cdc201d8b9648f9ac77d03ff823d322] tagID=[77bad5e1ff0c458d8fff4dc1a9398e7e] set TAG_NEW=0,DB DEBUG,fe_LotRecipeRowCheckCreateByRecipe,c05dcd762e4b4b5a99224c48445d7683,3
65157,06/05/2026 14:01:54,INSERT in LOT_RECIPE_ROW TAG: [GI4_RECIPE_Data_OP10_PTL_13_PartNumber] value: [] (FROM RECIPE_ROW) recipeId: [7cdc201d8b9648f9ac77d03ff823d322] tagID=[77990ba514464dbea40c4a1f5d262014] set TAG_NEW=0,DB DEBUG,fe_LotRecipeRowCheckCreateByRecipe,c05dcd762e4b4b5a99224c48445d7683,3
65156,06/05/2026 14:01:54,INSERT in LOT_RECIPE_ROW TAG: [GI4_RECIPE_Data_OP10_PTL_27_Description] value: [] (FROM RECIPE_ROW) recipeId: [7cdc201d8b9648f9ac77d03ff823d322] tagID=[774308447f00451a913ddb067ba935c3] set TAG_NEW=0,DB DEBUG,fe_LotRecipeRowCheckCreateByRecipe,c05dcd762e4b4b5a99224c48445d7683,3
65155,06/05/2026 14:01:54,INSERT in LOT_RECIPE_ROW TAG: [GI4_RECIPE_Data_OP30_PTL_3_CellUnion] value: [0] (FROM RECIPE_ROW) recipeId: [7cdc201d8b9648f9ac77d03ff823d322] tagID=[773664048fe84aa3af61957a9eaa68d9] set TAG_NEW=0,DB DEBUG,fe_LotRecipeRowCheckCreateByRecipe,c05dcd762e4b4b5a99224c48445d7683,3
65154,06/05/2026 14:01:54,INSERT in LOT_RECIPE_ROW TAG: [GI4_RECIPE_Data_OP30_PTL_16_Qta] value: [0] (FROM RECIPE_ROW) recipeId: [7cdc201d8b9648f9ac77d03ff823d322] tagID=[772cdae9560e41fcbc21a49ff0310e5f] set TAG_NEW=0,DB DEBUG,fe_LotRecipeRowCheckCreateByRecipe,c05dcd762e4b4b5a99224c48445d7683,3
65153,06/05/2026 14:01:54,INSERT in LOT_RECIPE_ROW TAG: [GI4_RECIPE_Data_OP10_PTL_20_Qta] value: [0] (FROM RECIPE_ROW) recipeId: [7cdc201d8b9648f9ac77d03ff823d322] tagID=[760d7a53d15f41bb83c62de898f24014] set TAG_NEW=0,DB DEBUG,fe_LotRecipeRowCheckCreateByRecipe,c05dcd762e4b4b5a99224c48445d7683,3
65152,06/05/2026 14:01:54,INSERT in LOT_RECIPE_ROW TAG: [GI4_RECIPE_Data_OP10_PTL_30_Qta] value: [0] (FROM RECIPE_ROW) recipeId: [7cdc201d8b9648f9ac77d03ff823d322] tagID=[75d662153d94421ea2f11bc5802a8c51] set TAG_NEW=0,DB DEBUG,fe_LotRecipeRowCheckCreateByRecipe,c05dcd762e4b4b5a99224c48445d7683,3
65151,06/05/2026 14:01:54,INSERT in LOT_RECIPE_ROW TAG: [GI4_RECIPE_Data_OP10_PTL_29_Cell] value: [0] (FROM RECIPE_ROW) recipeId: [7cdc201d8b9648f9ac77d03ff823d322] tagID=[751c4493e3a142aa8a4677324fd9ecda] set TAG_NEW=0,DB DEBUG,fe_LotRecipeRowCheckCreateByRecipe,c05dcd762e4b4b5a99224c48445d7683,3
65150,06/05/2026 14:01:54,INSERT in LOT_RECIPE_ROW TAG: [GI4_RECIPE_Data_OP10_PTL_16_Cell] value: [0] (FROM RECIPE_ROW) recipeId: [7cdc201d8b9648f9ac77d03ff823d322] tagID=[750a2d67248342f3af0ccecec3a1152f] set TAG_NEW=0,DB DEBUG,fe_LotRecipeRowCheckCreateByRecipe,c05dcd762e4b4b5a99224c48445d7683,3
65149,06/05/2026 14:01:54,INSERT in LOT_RECIPE_ROW TAG: [GI4_RECIPE_Data_OP10_PTL_16_PartNumber] value: [] (FROM RECIPE_ROW) recipeId: [7cdc201d8b9648f9ac77d03ff823d322] tagID=[74b93c0707694d76ac0ab9741e0dbf4d] set TAG_NEW=0,DB DEBUG,fe_LotRecipeRowCheckCreateByRecipe,c05dcd762e4b4b5a99224c48445d7683,3
65148,06/05/2026 14:01:54,INSERT in LOT_RECIPE_ROW TAG: [GI4_RECIPE_Data_OP30_PTL_11_Qta] value: [1] (FROM RECIPE_ROW) recipeId: [7cdc201d8b9648f9ac77d03ff823d322] tagID=[7485e62704ef4a809acab6146f70165f] set TAG_NEW=0,DB DEBUG,fe_LotRecipeRowCheckCreateByRecipe,c05dcd762e4b4b5a99224c48445d7683,3
65147,06/05/2026 14:01:54,INSERT in LOT_RECIPE_ROW TAG: [GI4_RECIPE_Data_OP10_PTL_23_PartNumber] value: [] (FROM RECIPE_ROW) recipeId: [7cdc201d8b9648f9ac77d03ff823d322] tagID=[733a562f476843158ae9f05e5d1555e9] set TAG_NEW=0,DB DEBUG,fe_LotRecipeRowCheckCreateByRecipe,c05dcd762e4b4b5a99224c48445d7683,3
65146,06/05/2026 14:01:54,INSERT in LOT_RECIPE_ROW TAG: [GI4_RECIPE_Data_OP10_PTL_30_CellUnion] value: [0] (FROM RECIPE_ROW) recipeId: [7cdc201d8b9648f9ac77d03ff823d322] tagID=[727edafc5bf842fbad1e5714db1c596e] set TAG_NEW=0,DB DEBUG,fe_LotRecipeRowCheckCreateByRecipe,c05dcd762e4b4b5a99224c48445d7683,3
65145,06/05/2026 14:01:54,INSERT in LOT_RECIPE_ROW TAG: [GI4_RECIPE_Data_OP30_PTL_18_CellUnion] value: [0] (FROM RECIPE_ROW) recipeId: [7cdc201d8b9648f9ac77d03ff823d322] tagID=[711cd36608ac4e6297e2094b46e147db] set TAG_NEW=0,DB DEBUG,fe_LotRecipeRowCheckCreateByRecipe,c05dcd762e4b4b5a99224c48445d7683,3
65144,06/05/2026 14:01:54,INSERT in LOT_RECIPE_ROW TAG: [GI4_RECIPE_Data_OP30_PTL_1_Description] value: [BEARING+DU BUSSLE SNP3 (BOLIN] (FROM RECIPE_ROW) recipeId: [7cdc201d8b9648f9ac77d03ff823d322] tagID=[6edf7c9599df40aaa064ea22db7144e7] set TAG_NEW=0,DB DEBUG,fe_LotRecipeRowCheckCreateByRecipe,c05dcd762e4b4b5a99224c48445d7683,3
65143,06/05/2026 14:01:54,INSERT in LOT_RECIPE_ROW TAG: [GI4_RECIPE_Data_OP30_PTL_32_Cell] value: [0] (FROM RECIPE_ROW) recipeId: [7cdc201d8b9648f9ac77d03ff823d322] tagID=[6e6130a827ba424697b8f39f165457b2] set TAG_NEW=0,DB DEBUG,fe_LotRecipeRowCheckCreateByRecipe,c05dcd762e4b4b5a99224c48445d7683,3
65142,06/05/2026 14:01:54,INSERT in LOT_RECIPE_ROW TAG: [GI4_RECIPE_Data_OP30_PTL_16_PartNumber] value: [] (FROM RECIPE_ROW) recipeId: [7cdc201d8b9648f9ac77d03ff823d322] tagID=[6d357d24034d4d348eb664870a175ca5] set TAG_NEW=0,DB DEBUG,fe_LotRecipeRowCheckCreateByRecipe,c05dcd762e4b4b5a99224c48445d7683,3
65141,06/05/2026 14:01:54,INSERT in LOT_RECIPE_ROW TAG: [GI4_RECIPE_Data_OP10_PTL_11_PartNumber] value: [] (FROM RECIPE_ROW) recipeId: [7cdc201d8b9648f9ac77d03ff823d322] tagID=[6c1be1f68e494b569a353b101e5d9f63] set TAG_NEW=0,DB DEBUG,fe_LotRecipeRowCheckCreateByRecipe,c05dcd762e4b4b5a99224c48445d7683,3
65140,06/05/2026 14:01:54,INSERT in LOT_RECIPE_ROW TAG: [GI4_RECIPE_Data_OP30_PTL_3_Description] value: [TARGHETTA ADESIVA GRIGIA 44x2] (FROM RECIPE_ROW) recipeId: [7cdc201d8b9648f9ac77d03ff823d322] tagID=[6c0199243d38436b93a2b418272ded79] set TAG_NEW=0,DB DEBUG,fe_LotRecipeRowCheckCreateByRecipe,c05dcd762e4b4b5a99224c48445d7683,3
65139,06/05/2026 14:01:54,INSERT in LOT_RECIPE_ROW TAG: [GI4_RECIPE_Data_OP30_PTL_21_Qta] value: [0] (FROM RECIPE_ROW) recipeId: [7cdc201d8b9648f9ac77d03ff823d322] tagID=[6af41353fa6f4a709fe70e57e460aa3b] set TAG_NEW=0,DB DEBUG,fe_LotRecipeRowCheckCreateByRecipe,c05dcd762e4b4b5a99224c48445d7683,3
65138,06/05/2026 14:01:54,INSERT in LOT_RECIPE_ROW TAG: [GI4_RECIPE_Data_OP10_PTL_20_Cell] value: [0] (FROM RECIPE_ROW) recipeId: [7cdc201d8b9648f9ac77d03ff823d322] tagID=[6ae4780b4c774be58929b261d175fda3] set TAG_NEW=0,DB DEBUG,fe_LotRecipeRowCheckCreateByRecipe,c05dcd762e4b4b5a99224c48445d7683,3
65137,06/05/2026 14:01:54,INSERT in LOT_RECIPE_ROW TAG: [GI4_RECIPE_Data_OP30_PTL_22_Qta] value: [0] (FROM RECIPE_ROW) recipeId: [7cdc201d8b9648f9ac77d03ff823d322] tagID=[6a47f9a505974f038e4c4f5cccbb8ef4] set TAG_NEW=0,DB DEBUG,fe_LotRecipeRowCheckCreateByRecipe,c05dcd762e4b4b5a99224c48445d7683,3
65136,06/05/2026 14:01:54,INSERT in LOT_RECIPE_ROW TAG: [GI4_RECIPE_Data_OP10_PTL_2_Qta] value: [1] (FROM RECIPE_ROW) recipeId: [7cdc201d8b9648f9ac77d03ff823d322] tagID=[698b5b93bb8a41d5809063524e865c1b] set TAG_NEW=0,DB DEBUG,fe_LotRecipeRowCheckCreateByRecipe,c05dcd762e4b4b5a99224c48445d7683,3
65135,06/05/2026 14:01:54,INSERT in LOT_RECIPE_ROW TAG: [GI4_RECIPE_Data_OP10_PTL_2_Description] value: [AN.ANTIESTR.PIASTRA SNP3] (FROM RECIPE_ROW) recipeId: [7cdc201d8b9648f9ac77d03ff823d322] tagID=[692cff3bc5bb4dbcae04e9c68f313072] set TAG_NEW=0,DB DEBUG,fe_LotRecipeRowCheckCreateByRecipe,c05dcd762e4b4b5a99224c48445d7683,3
65134,06/05/2026 14:01:54,INSERT in LOT_RECIPE_ROW TAG: [GI4_RECIPE_Data_OP10_PTL_23_Qta] value: [0] (FROM RECIPE_ROW) recipeId: [7cdc201d8b9648f9ac77d03ff823d322] tagID=[68adfe273d014114afba6129ffc52b42] set TAG_NEW=0,DB DEBUG,fe_LotRecipeRowCheckCreateByRecipe,c05dcd762e4b4b5a99224c48445d7683,3
65133,06/05/2026 14:01:54,INSERT in LOT_RECIPE_ROW TAG: [GI4_RECIPE_Data_OP10_PTL_17_Qta] value: [0] (FROM RECIPE_ROW) recipeId: [7cdc201d8b9648f9ac77d03ff823d322] tagID=[68146a057ecc463e9520812f0779e7ce] set TAG_NEW=0,DB DEBUG,fe_LotRecipeRowCheckCreateByRecipe,c05dcd762e4b4b5a99224c48445d7683,3
65132,06/05/2026 14:01:54,INSERT in LOT_RECIPE_ROW TAG: [GI4_RECIPE_Data_OP10_PTL_28_Cell] value: [0] (FROM RECIPE_ROW) recipeId: [7cdc201d8b9648f9ac77d03ff823d322] tagID=[67ab99c9dfdf4daab45861e0fb68c16c] set TAG_NEW=0,DB DEBUG,fe_LotRecipeRowCheckCreateByRecipe,c05dcd762e4b4b5a99224c48445d7683,3
65131,06/05/2026 14:01:54,INSERT in LOT_RECIPE_ROW TAG: [GI4_RECIPE_Data_OP30_PTL_2_Cell] value: [0] (FROM RECIPE_ROW) recipeId: [7cdc201d8b9648f9ac77d03ff823d322] tagID=[669174397a5c4cf98a45c3da54ddf173] set TAG_NEW=0,DB DEBUG,fe_LotRecipeRowCheckCreateByRecipe,c05dcd762e4b4b5a99224c48445d7683,3
65130,06/05/2026 14:01:54,INSERT in LOT_RECIPE_ROW TAG: [GI4_RECIPE_Data_OP30_PTL_30_Qta] value: [0] (FROM RECIPE_ROW) recipeId: [7cdc201d8b9648f9ac77d03ff823d322] tagID=[6674752a407546788d3d219607da6aa1] set TAG_NEW=0,DB DEBUG,fe_LotRecipeRowCheckCreateByRecipe,c05dcd762e4b4b5a99224c48445d7683,3
65129,06/05/2026 14:01:54,INSERT in LOT_RECIPE_ROW TAG: [GI4_RECIPE_Data_Orientation] value: [1] (FROM RECIPE_ROW) recipeId: [7cdc201d8b9648f9ac77d03ff823d322] tagID=[659d2725213c419598cd5309a512dc6c] set TAG_NEW=0,DB DEBUG,fe_LotRecipeRowCheckCreateByRecipe,c05dcd762e4b4b5a99224c48445d7683,3
65128,06/05/2026 14:01:54,INSERT in LOT_RECIPE_ROW TAG: [GI4_RECIPE_Data_QtaOrd] value: [3] (FROM RECIPE_ROW) recipeId: [7cdc201d8b9648f9ac77d03ff823d322] tagID=[651c889b30e34366b6504e28badaf6ad] set TAG_NEW=0,DB DEBUG,fe_LotRecipeRowCheckCreateByRecipe,c05dcd762e4b4b5a99224c48445d7683,3
65127,06/05/2026 14:01:54,INSERT in LOT_RECIPE_ROW TAG: [GI4_RECIPE_Data_OP10_PTL_12_CellUnion] value: [0] (FROM RECIPE_ROW) recipeId: [7cdc201d8b9648f9ac77d03ff823d322] tagID=[64fec27c79b74da9a1900ac61d2a61f4] set TAG_NEW=0,DB DEBUG,fe_LotRecipeRowCheckCreateByRecipe,c05dcd762e4b4b5a99224c48445d7683,3
65126,06/05/2026 14:01:54,INSERT in LOT_RECIPE_ROW TAG: [GI4_RECIPE_Data_OP10_PTL_3_Qta] value: [1] (FROM RECIPE_ROW) recipeId: [7cdc201d8b9648f9ac77d03ff823d322] tagID=[64b99ad7f39b4af1a1e9626de282e024] set TAG_NEW=0,DB DEBUG,fe_LotRecipeRowCheckCreateByRecipe,c05dcd762e4b4b5a99224c48445d7683,3
65125,06/05/2026 14:01:54,INSERT in LOT_RECIPE_ROW TAG: [GI4_RECIPE_Data_OP30_PTL_12_CellUnion] value: [0] (FROM RECIPE_ROW) recipeId: [7cdc201d8b9648f9ac77d03ff823d322] tagID=[6475ee9189ba4a2ca7794bfaa97837d0] set TAG_NEW=0,DB DEBUG,fe_LotRecipeRowCheckCreateByRecipe,c05dcd762e4b4b5a99224c48445d7683,3
65124,06/05/2026 14:01:54,INSERT in LOT_RECIPE_ROW TAG: [GI4_RECIPE_Data_OP10_PTL_10_Cell] value: [0] (FROM RECIPE_ROW) recipeId: [7cdc201d8b9648f9ac77d03ff823d322] tagID=[6334e6464e5a46cfae9d8eccef28324b] set TAG_NEW=0,DB DEBUG,fe_LotRecipeRowCheckCreateByRecipe,c05dcd762e4b4b5a99224c48445d7683,3
65123,06/05/2026 14:01:54,INSERT in LOT_RECIPE_ROW TAG: [GI4_RECIPE_Data_OP30_PTL_21_Cell] value: [0] (FROM RECIPE_ROW) recipeId: [7cdc201d8b9648f9ac77d03ff823d322] tagID=[623e6a6a11eb4b788d28ff5b3f4703dd] set TAG_NEW=0,DB DEBUG,fe_LotRecipeRowCheckCreateByRecipe,c05dcd762e4b4b5a99224c48445d7683,3
65122,06/05/2026 14:01:54,INSERT in LOT_RECIPE_ROW TAG: [GI4_RECIPE_Data_OP30_PTL_12_Cell] value: [29] (FROM RECIPE_ROW) recipeId: [7cdc201d8b9648f9ac77d03ff823d322] tagID=[60941a4aae8f4f1a9ce01295056d6dd6] set TAG_NEW=0,DB DEBUG,fe_LotRecipeRowCheckCreateByRecipe,c05dcd762e4b4b5a99224c48445d7683,3
65121,06/05/2026 14:01:54,INSERT in LOT_RECIPE_ROW TAG: [GI4_RECIPE_Data_OP30_PTL_32_CellUnion] value: [0] (FROM RECIPE_ROW) recipeId: [7cdc201d8b9648f9ac77d03ff823d322] tagID=[5fec1252695f4962be3f39f20bddf3ad] set TAG_NEW=0,DB DEBUG,fe_LotRecipeRowCheckCreateByRecipe,c05dcd762e4b4b5a99224c48445d7683,3
65120,06/05/2026 14:01:54,INSERT in LOT_RECIPE_ROW TAG: [GI4_RECIPE_Data_OP10_PTL_8_PartNumber] value: [] (FROM RECIPE_ROW) recipeId: [7cdc201d8b9648f9ac77d03ff823d322] tagID=[5f33852bfd5744eca3eceaec0b0887c0] set TAG_NEW=0,DB DEBUG,fe_LotRecipeRowCheckCreateByRecipe,c05dcd762e4b4b5a99224c48445d7683,3
65119,06/05/2026 14:01:54,INSERT in LOT_RECIPE_ROW TAG: [GI4_RECIPE_Data_OP10_PTL_22_PartNumber] value: [] (FROM RECIPE_ROW) recipeId: [7cdc201d8b9648f9ac77d03ff823d322] tagID=[5d9cebc2f5ca4f498daecbef391367d2] set TAG_NEW=0,DB DEBUG,fe_LotRecipeRowCheckCreateByRecipe,c05dcd762e4b4b5a99224c48445d7683,3
65118,06/05/2026 14:01:54,INSERT in LOT_RECIPE_ROW TAG: [GI4_RECIPE_Data_OP30_PTL_16_CellUnion] value: [0] (FROM RECIPE_ROW) recipeId: [7cdc201d8b9648f9ac77d03ff823d322] tagID=[5cb763a533c448babf26b35f98704600] set TAG_NEW=0,DB DEBUG,fe_LotRecipeRowCheckCreateByRecipe,c05dcd762e4b4b5a99224c48445d7683,3
65117,06/05/2026 14:01:54,INSERT in LOT_RECIPE_ROW TAG: [GI4_RECIPE_Data_OP30_PTL_22_Cell] value: [0] (FROM RECIPE_ROW) recipeId: [7cdc201d8b9648f9ac77d03ff823d322] tagID=[5bd34a232f4c4e57b14726a0748965b9] set TAG_NEW=0,DB DEBUG,fe_LotRecipeRowCheckCreateByRecipe,c05dcd762e4b4b5a99224c48445d7683,3
65116,06/05/2026 14:01:54,"INSERT in LOT_RECIPE_ROW TAG: [GI4_RECIPE_Data_OP10_PTL_5_Description] value: [PRE-SHAPED  OR SEAL88,57 x 2,] (FROM RECIPE_ROW) recipeId: [7cdc201d8b9648f9ac77d03ff823d322] tagID=[5a96b79ffc2047719c43e74778112047] set TAG_NEW=0",DB DEBUG,fe_LotRecipeRowCheckCreateByRecipe,c05dcd762e4b4b5a99224c48445d7683,3
65115,06/05/2026 14:01:54,INSERT in LOT_RECIPE_ROW TAG: [GI4_RECIPE_Data_OP10_PTL_1_Qta] value: [1] (FROM RECIPE_ROW) recipeId: [7cdc201d8b9648f9ac77d03ff823d322] tagID=[5a21fa6644594e34bb4c27ec532841c5] set TAG_NEW=0,DB DEBUG,fe_LotRecipeRowCheckCreateByRecipe,c05dcd762e4b4b5a99224c48445d7683,3
65114,06/05/2026 14:01:54,INSERT in LOT_RECIPE_ROW TAG: [GI4_RECIPE_Data_OP30_PTL_3_Cell] value: [0] (FROM RECIPE_ROW) recipeId: [7cdc201d8b9648f9ac77d03ff823d322] tagID=[5901ae35c34d4e0087494953a1822086] set TAG_NEW=0,DB DEBUG,fe_LotRecipeRowCheckCreateByRecipe,c05dcd762e4b4b5a99224c48445d7683,3
65113,06/05/2026 14:01:54,INSERT in LOT_RECIPE_ROW TAG: [GI4_RECIPE_Data_OP30_PTL_17_Cell] value: [0] (FROM RECIPE_ROW) recipeId: [7cdc201d8b9648f9ac77d03ff823d322] tagID=[57ba57515e4241628360aeefc630048a] set TAG_NEW=0,DB DEBUG,fe_LotRecipeRowCheckCreateByRecipe,c05dcd762e4b4b5a99224c48445d7683,3
65112,06/05/2026 14:01:54,INSERT in LOT_RECIPE_ROW TAG: [GI4_RECIPE_Data_OP10_PTL_21_Qta] value: [0] (FROM RECIPE_ROW) recipeId: [7cdc201d8b9648f9ac77d03ff823d322] tagID=[573fa656482b4258b584ba9f09152cfa] set TAG_NEW=0,DB DEBUG,fe_LotRecipeRowCheckCreateByRecipe,c05dcd762e4b4b5a99224c48445d7683,3
65111,06/05/2026 14:01:54,INSERT in LOT_RECIPE_ROW TAG: [GI4_RECIPE_Data_OP10_PTL_16_Description] value: [] (FROM RECIPE_ROW) recipeId: [7cdc201d8b9648f9ac77d03ff823d322] tagID=[56fb48c366044cf682ba058e3f634cc1] set TAG_NEW=0,DB DEBUG,fe_LotRecipeRowCheckCreateByRecipe,c05dcd762e4b4b5a99224c48445d7683,3
65110,06/05/2026 14:01:54,INSERT in LOT_RECIPE_ROW TAG: [GI4_RECIPE_Data_OP30_PTL_7_CellUnion] value: [0] (FROM RECIPE_ROW) recipeId: [7cdc201d8b9648f9ac77d03ff823d322] tagID=[560744a278fb4e73ae180887a8f8cc9d] set TAG_NEW=0,DB DEBUG,fe_LotRecipeRowCheckCreateByRecipe,c05dcd762e4b4b5a99224c48445d7683,3
65109,06/05/2026 14:01:54,INSERT in LOT_RECIPE_ROW TAG: [GI4_RECIPE_Data_OP10_PTL_10_PartNumber] value: [] (FROM RECIPE_ROW) recipeId: [7cdc201d8b9648f9ac77d03ff823d322] tagID=[55f1b2a82f8c449ea86a7521a3bab004] set TAG_NEW=0,DB DEBUG,fe_LotRecipeRowCheckCreateByRecipe,c05dcd762e4b4b5a99224c48445d7683,3
65108,06/05/2026 14:01:54,INSERT in LOT_RECIPE_ROW TAG: [GI4_RECIPE_Data_OP30_PTL_20_PartNumber] value: [] (FROM RECIPE_ROW) recipeId: [7cdc201d8b9648f9ac77d03ff823d322] tagID=[553d95aef93147b396c58ea68c904bf0] set TAG_NEW=0,DB DEBUG,fe_LotRecipeRowCheckCreateByRecipe,c05dcd762e4b4b5a99224c48445d7683,3
65107,06/05/2026 14:01:54,INSERT in LOT_RECIPE_ROW TAG: [GI4_RECIPE_Data_OP10_PTL_19_Description] value: [] (FROM RECIPE_ROW) recipeId: [7cdc201d8b9648f9ac77d03ff823d322] tagID=[54addfcba5fc49df8855e0ac48785799] set TAG_NEW=0,DB DEBUG,fe_LotRecipeRowCheckCreateByRecipe,c05dcd762e4b4b5a99224c48445d7683,3
65106,06/05/2026 14:01:54,INSERT in LOT_RECIPE_ROW TAG: [GI4_RECIPE_Data_OP30_PTL_11_CellUnion] value: [0] (FROM RECIPE_ROW) recipeId: [7cdc201d8b9648f9ac77d03ff823d322] tagID=[542a972a13dc494e86b9abf10c77596d] set TAG_NEW=0,DB DEBUG,fe_LotRecipeRowCheckCreateByRecipe,c05dcd762e4b4b5a99224c48445d7683,3
65105,06/05/2026 14:01:54,INSERT in LOT_RECIPE_ROW TAG: [GI4_RECIPE_Data_OP30_PTL_23_PartNumber] value: [] (FROM RECIPE_ROW) recipeId: [7cdc201d8b9648f9ac77d03ff823d322] tagID=[5254844f547a4af8be22211789229c78] set TAG_NEW=0,DB DEBUG,fe_LotRecipeRowCheckCreateByRecipe,c05dcd762e4b4b5a99224c48445d7683,3
65104,06/05/2026 14:01:54,INSERT in LOT_RECIPE_ROW TAG: [GI4_RECIPE_Data_OP30_PTL_9_Qta] value: [1] (FROM RECIPE_ROW) recipeId: [7cdc201d8b9648f9ac77d03ff823d322] tagID=[520695cbf77546e5812b02406ba8f089] set TAG_NEW=0,DB DEBUG,fe_LotRecipeRowCheckCreateByRecipe,c05dcd762e4b4b5a99224c48445d7683,3
65103,06/05/2026 14:01:54,INSERT in LOT_RECIPE_ROW TAG: [GI4_RECIPE_Data_OP30_PTL_17_CellUnion] value: [0] (FROM RECIPE_ROW) recipeId: [7cdc201d8b9648f9ac77d03ff823d322] tagID=[50cb8a570948434c90b3f988ba71da55] set TAG_NEW=0,DB DEBUG,fe_LotRecipeRowCheckCreateByRecipe,c05dcd762e4b4b5a99224c48445d7683,3
65102,06/05/2026 14:01:54,INSERT in LOT_RECIPE_ROW TAG: [GI4_RECIPE_Data_OP10_PTL_15_PartNumber] value: [] (FROM RECIPE_ROW) recipeId: [7cdc201d8b9648f9ac77d03ff823d322] tagID=[502efda3303d433784fe5a00838bfb2e] set TAG_NEW=0,DB DEBUG,fe_LotRecipeRowCheckCreateByRecipe,c05dcd762e4b4b5a99224c48445d7683,3
65101,06/05/2026 14:01:54,INSERT in LOT_RECIPE_ROW TAG: [GI4_RECIPE_Data_OP30_PTL_29_Description] value: [] (FROM RECIPE_ROW) recipeId: [7cdc201d8b9648f9ac77d03ff823d322] tagID=[4fe4256f09984cc79b53e11577aaa370] set TAG_NEW=0,DB DEBUG,fe_LotRecipeRowCheckCreateByRecipe,c05dcd762e4b4b5a99224c48445d7683,3
65100,06/05/2026 14:01:54,INSERT in LOT_RECIPE_ROW TAG: [GI4_RECIPE_Data_OP30_PTL_3_PartNumber] value: [11180057] (FROM RECIPE_ROW) recipeId: [7cdc201d8b9648f9ac77d03ff823d322] tagID=[4ed4ea17a6e443da814e915f4e0eebca] set TAG_NEW=0,DB DEBUG,fe_LotRecipeRowCheckCreateByRecipe,c05dcd762e4b4b5a99224c48445d7683,3
65099,06/05/2026 14:01:54,INSERT in LOT_RECIPE_ROW TAG: [GI4_RECIPE_Data_OP10_PTL_27_Qta] value: [0] (FROM RECIPE_ROW) recipeId: [7cdc201d8b9648f9ac77d03ff823d322] tagID=[4b3bed976f0741a480651833cf858964] set TAG_NEW=0,DB DEBUG,fe_LotRecipeRowCheckCreateByRecipe,c05dcd762e4b4b5a99224c48445d7683,3
65098,06/05/2026 14:01:54,INSERT in LOT_RECIPE_ROW TAG: [GI4_RECIPE_Data_OP10_PTL_25_Cell] value: [0] (FROM RECIPE_ROW) recipeId: [7cdc201d8b9648f9ac77d03ff823d322] tagID=[4b2c313fdbbb4fc8b7fa68e6442dfb06] set TAG_NEW=0,DB DEBUG,fe_LotRecipeRowCheckCreateByRecipe,c05dcd762e4b4b5a99224c48445d7683,3
65097,06/05/2026 14:01:54,INSERT in LOT_RECIPE_ROW TAG: [GI4_RECIPE_Data_OP10_PTL_27_CellUnion] value: [0] (FROM RECIPE_ROW) recipeId: [7cdc201d8b9648f9ac77d03ff823d322] tagID=[4b1b0cb013494461badadf4283640f8a] set TAG_NEW=0,DB DEBUG,fe_LotRecipeRowCheckCreateByRecipe,c05dcd762e4b4b5a99224c48445d7683,3
65096,06/05/2026 14:01:54,INSERT in LOT_RECIPE_ROW TAG: [GI4_RECIPE_Data_OP30_PTL_28_Description] value: [] (FROM RECIPE_ROW) recipeId: [7cdc201d8b9648f9ac77d03ff823d322] tagID=[49f3d1cc98f8462c8a4ef61f780ddf08] set TAG_NEW=0,DB DEBUG,fe_LotRecipeRowCheckCreateByRecipe,c05dcd762e4b4b5a99224c48445d7683,3
65095,06/05/2026 14:01:54,INSERT in LOT_RECIPE_ROW TAG: [GI4_RECIPE_Data_OP10_PTL_3_Cell] value: [29] (FROM RECIPE_ROW) recipeId: [7cdc201d8b9648f9ac77d03ff823d322] tagID=[49b0dafee5f943f0a8d84312bad8611a] set TAG_NEW=0,DB DEBUG,fe_LotRecipeRowCheckCreateByRecipe,c05dcd762e4b4b5a99224c48445d7683,3
65094,06/05/2026 14:01:54,INSERT in LOT_RECIPE_ROW TAG: [GI4_RECIPE_Data_OP10_PTL_4_Description] value: [MEZZO CORPO INSERIMENTO BOCCOLE] (FROM RECIPE_ROW) recipeId: [7cdc201d8b9648f9ac77d03ff823d322] tagID=[490e6e11bbd44c5f92fcf23dcb7868d6] set TAG_NEW=0,DB DEBUG,fe_LotRecipeRowCheckCreateByRecipe,c05dcd762e4b4b5a99224c48445d7683,3
65093,06/05/2026 14:01:54,INSERT in LOT_RECIPE_ROW TAG: [GI4_RECIPE_Data_OP30_PTL_10_Qta] value: [1] (FROM RECIPE_ROW) recipeId: [7cdc201d8b9648f9ac77d03ff823d322] tagID=[48e969b5856d4c9d82336b1e072b1bba] set TAG_NEW=0,DB DEBUG,fe_LotRecipeRowCheckCreateByRecipe,c05dcd762e4b4b5a99224c48445d7683,3
65092,06/05/2026 14:01:54,INSERT in LOT_RECIPE_ROW TAG: [GI4_RECIPE_Data_OP30_PTL_11_PartNumber] value: [MEZZO CORPO] (FROM RECIPE_ROW) recipeId: [7cdc201d8b9648f9ac77d03ff823d322] tagID=[48aacd5c08a34d18bbf3bb7419fa3ab4] set TAG_NEW=0,DB DEBUG,fe_LotRecipeRowCheckCreateByRecipe,c05dcd762e4b4b5a99224c48445d7683,3
65091,06/05/2026 14:01:54,INSERT in LOT_RECIPE_ROW TAG: [GI4_RECIPE_Data_OP10_PTL_14_CellUnion] value: [0] (FROM RECIPE_ROW) recipeId: [7cdc201d8b9648f9ac77d03ff823d322] tagID=[482a148a641642c58bbdd9465d6b17be] set TAG_NEW=0,DB DEBUG,fe_LotRecipeRowCheckCreateByRecipe,c05dcd762e4b4b5a99224c48445d7683,3
65090,06/05/2026 14:01:54,INSERT in LOT_RECIPE_ROW TAG: [GI4_RECIPE_Data_OP10_PTL_13_Description] value: [] (FROM RECIPE_ROW) recipeId: [7cdc201d8b9648f9ac77d03ff823d322] tagID=[481f37fd3f434301a285d9eb50975753] set TAG_NEW=0,DB DEBUG,fe_LotRecipeRowCheckCreateByRecipe,c05dcd762e4b4b5a99224c48445d7683,3
65089,06/05/2026 14:01:54,INSERT in LOT_RECIPE_ROW TAG: [GI4_RECIPE_Data_OP30_PTL_14_Description] value: [TCCE M10x30 UNI5931-12K- br.] (FROM RECIPE_ROW) recipeId: [7cdc201d8b9648f9ac77d03ff823d322] tagID=[4812e17c8ac14e9a9c0ef1b4b4696b0b] set TAG_NEW=0,DB DEBUG,fe_LotRecipeRowCheckCreateByRecipe,c05dcd762e4b4b5a99224c48445d7683,3
65088,06/05/2026 14:01:54,INSERT in LOT_RECIPE_ROW TAG: [GI4_RECIPE_Data_OP10_PTL_5_PartNumber] value: [11282842] (FROM RECIPE_ROW) recipeId: [7cdc201d8b9648f9ac77d03ff823d322] tagID=[4680db2a528748c2a56f1bfc1c19e36f] set TAG_NEW=0,DB DEBUG,fe_LotRecipeRowCheckCreateByRecipe,c05dcd762e4b4b5a99224c48445d7683,3
65087,06/05/2026 14:01:54,INSERT in LOT_RECIPE_ROW TAG: [GI4_RECIPE_Data_OP10_PTL_19_PartNumber] value: [] (FROM RECIPE_ROW) recipeId: [7cdc201d8b9648f9ac77d03ff823d322] tagID=[46764792305a424895b35614266a4c04] set TAG_NEW=0,DB DEBUG,fe_LotRecipeRowCheckCreateByRecipe,c05dcd762e4b4b5a99224c48445d7683,3
65086,06/05/2026 14:01:54,INSERT in LOT_RECIPE_ROW TAG: [GI4_RECIPE_Data_OP10_PTL_14_Qta] value: [0] (FROM RECIPE_ROW) recipeId: [7cdc201d8b9648f9ac77d03ff823d322] tagID=[4623827bfdd14033b163c177d300643d] set TAG_NEW=0,DB DEBUG,fe_LotRecipeRowCheckCreateByRecipe,c05dcd762e4b4b5a99224c48445d7683,3
65085,06/05/2026 14:01:54,INSERT in LOT_RECIPE_ROW TAG: [GI4_RECIPE_Data_OP10_PTL_28_Qta] value: [0] (FROM RECIPE_ROW) recipeId: [7cdc201d8b9648f9ac77d03ff823d322] tagID=[45cc5e117ed44c818f34976704160f11] set TAG_NEW=0,DB DEBUG,fe_LotRecipeRowCheckCreateByRecipe,c05dcd762e4b4b5a99224c48445d7683,3
65084,06/05/2026 14:01:54,INSERT in LOT_RECIPE_ROW TAG: [GI4_RECIPE_Data_OP10_PTL_18_Description] value: [] (FROM RECIPE_ROW) recipeId: [7cdc201d8b9648f9ac77d03ff823d322] tagID=[4515e7b7d1c6485fab728fa4a0d40a7c] set TAG_NEW=0,DB DEBUG,fe_LotRecipeRowCheckCreateByRecipe,c05dcd762e4b4b5a99224c48445d7683,3
65083,06/05/2026 14:01:54,INSERT in LOT_RECIPE_ROW TAG: [GI4_RECIPE_Data_OP10_PTL_1_Cell] value: [21] (FROM RECIPE_ROW) recipeId: [7cdc201d8b9648f9ac77d03ff823d322] tagID=[445a0a3d4bb74ef4a33c63abd027367f] set TAG_NEW=0,DB DEBUG,fe_LotRecipeRowCheckCreateByRecipe,c05dcd762e4b4b5a99224c48445d7683,3
65082,06/05/2026 14:01:54,INSERT in LOT_RECIPE_ROW TAG: [GI4_RECIPE_Data_OP30_PTL_13_PartNumber] value: [5011.31.2215] (FROM RECIPE_ROW) recipeId: [7cdc201d8b9648f9ac77d03ff823d322] tagID=[4419482991d445749bca6c4b6b6b4edc] set TAG_NEW=0,DB DEBUG,fe_LotRecipeRowCheckCreateByRecipe,c05dcd762e4b4b5a99224c48445d7683,3
65081,06/05/2026 14:01:54,INSERT in LOT_RECIPE_ROW TAG: [GI4_RECIPE_Data_OP30_PTL_15_Cell] value: [0] (FROM RECIPE_ROW) recipeId: [7cdc201d8b9648f9ac77d03ff823d322] tagID=[43ca04a60779487a9bad4b18e6857c08] set TAG_NEW=0,DB DEBUG,fe_LotRecipeRowCheckCreateByRecipe,c05dcd762e4b4b5a99224c48445d7683,3
65080,06/05/2026 14:01:54,INSERT in LOT_RECIPE_ROW TAG: [GI4_RECIPE_Data_OP10_PTL_7_CellUnion] value: [0] (FROM RECIPE_ROW) recipeId: [7cdc201d8b9648f9ac77d03ff823d322] tagID=[42f00b8edc9e43b6a4fdcb04b160c33d] set TAG_NEW=0,DB DEBUG,fe_LotRecipeRowCheckCreateByRecipe,c05dcd762e4b4b5a99224c48445d7683,3
65079,06/05/2026 14:01:54,INSERT in LOT_RECIPE_ROW TAG: [GI4_RECIPE_Data_OP10_PTL_32_Qta] value: [0] (FROM RECIPE_ROW) recipeId: [7cdc201d8b9648f9ac77d03ff823d322] tagID=[419f031a45ae4fd783a01f9ca22c0922] set TAG_NEW=0,DB DEBUG,fe_LotRecipeRowCheckCreateByRecipe,c05dcd762e4b4b5a99224c48445d7683,3
65078,06/05/2026 14:01:54,INSERT in LOT_RECIPE_ROW TAG: [GI4_RECIPE_Data_OP10_PTL_14_PartNumber] value: [] (FROM RECIPE_ROW) recipeId: [7cdc201d8b9648f9ac77d03ff823d322] tagID=[41079ba74b494fccb40a24a1128e5978] set TAG_NEW=0,DB DEBUG,fe_LotRecipeRowCheckCreateByRecipe,c05dcd762e4b4b5a99224c48445d7683,3
65077,06/05/2026 14:01:54,INSERT in LOT_RECIPE_ROW TAG: [GI4_RECIPE_Data_OP30_PTL_20_Description] value: [] (FROM RECIPE_ROW) recipeId: [7cdc201d8b9648f9ac77d03ff823d322] tagID=[40cee7fa97544d93a7248677d41157bd] set TAG_NEW=0,DB DEBUG,fe_LotRecipeRowCheckCreateByRecipe,c05dcd762e4b4b5a99224c48445d7683,3
65076,06/05/2026 14:01:54,INSERT in LOT_RECIPE_ROW TAG: [GI4_RECIPE_Data_OP10_PTL_30_PartNumber] value: [] (FROM RECIPE_ROW) recipeId: [7cdc201d8b9648f9ac77d03ff823d322] tagID=[401705b05b084c8b9289298d3fd0a8ea] set TAG_NEW=0,DB DEBUG,fe_LotRecipeRowCheckCreateByRecipe,c05dcd762e4b4b5a99224c48445d7683,3
65075,06/05/2026 14:01:54,INSERT in LOT_RECIPE_ROW TAG: [GI4_RECIPE_Data_OP30_PTL_6_Description] value: [TAPPO PER FORO DIAM. 48] (FROM RECIPE_ROW) recipeId: [7cdc201d8b9648f9ac77d03ff823d322] tagID=[3fbdcfa4cbe54f72b48bbfa700784f6d] set TAG_NEW=0,DB DEBUG,fe_LotRecipeRowCheckCreateByRecipe,c05dcd762e4b4b5a99224c48445d7683,3
65074,06/05/2026 14:01:54,INSERT in LOT_RECIPE_ROW TAG: [GI4_RECIPE_Data_OP10_PTL_12_Qta] value: [0] (FROM RECIPE_ROW) recipeId: [7cdc201d8b9648f9ac77d03ff823d322] tagID=[3ee6c1a275af4d5694f2a55c97d228e0] set TAG_NEW=0,DB DEBUG,fe_LotRecipeRowCheckCreateByRecipe,c05dcd762e4b4b5a99224c48445d7683,3
65073,06/05/2026 14:01:54,INSERT in LOT_RECIPE_ROW TAG: [GI4_RECIPE_Data_OP30_PTL_31_CellUnion] value: [0] (FROM RECIPE_ROW) recipeId: [7cdc201d8b9648f9ac77d03ff823d322] tagID=[3d7cfd99b4bf4f8bb1da36f1892edb19] set TAG_NEW=0,DB DEBUG,fe_LotRecipeRowCheckCreateByRecipe,c05dcd762e4b4b5a99224c48445d7683,3
65072,06/05/2026 14:01:54,INSERT in LOT_RECIPE_ROW TAG: [GI4_RECIPE_Data_OP30_PTL_1_CellUnion] value: [0] (FROM RECIPE_ROW) recipeId: [7cdc201d8b9648f9ac77d03ff823d322] tagID=[3c3f4f6aea224e839c16ff9fc3cc6614] set TAG_NEW=0,DB DEBUG,fe_LotRecipeRowCheckCreateByRecipe,c05dcd762e4b4b5a99224c48445d7683,3
65071,06/05/2026 14:01:54,INSERT in LOT_RECIPE_ROW TAG: [GI4_RECIPE_Data_OP30_PTL_10_PartNumber] value: [314.0060.0.00] (FROM RECIPE_ROW) recipeId: [7cdc201d8b9648f9ac77d03ff823d322] tagID=[3a58c2366cbe4e0a840abbf4b877bace] set TAG_NEW=0,DB DEBUG,fe_LotRecipeRowCheckCreateByRecipe,c05dcd762e4b4b5a99224c48445d7683,3
65070,06/05/2026 14:01:54,INSERT in LOT_RECIPE_ROW TAG: [GI4_RECIPE_Data_OP10_PTL_15_Cell] value: [0] (FROM RECIPE_ROW) recipeId: [7cdc201d8b9648f9ac77d03ff823d322] tagID=[39d7e17fb1c44fa796f5f098e86ec7c2] set TAG_NEW=0,DB DEBUG,fe_LotRecipeRowCheckCreateByRecipe,c05dcd762e4b4b5a99224c48445d7683,3
65069,06/05/2026 14:01:54,INSERT in LOT_RECIPE_ROW TAG: [GI4_RECIPE_Data_OP10_PTL_31_Description] value: [] (FROM RECIPE_ROW) recipeId: [7cdc201d8b9648f9ac77d03ff823d322] tagID=[38ae032c2f984468887d6b24690bab51] set TAG_NEW=0,DB DEBUG,fe_LotRecipeRowCheckCreateByRecipe,c05dcd762e4b4b5a99224c48445d7683,3
65068,06/05/2026 14:01:54,INSERT in LOT_RECIPE_ROW TAG: [GI4_RECIPE_Data_OP30_PTL_31_Description] value: [] (FROM RECIPE_ROW) recipeId: [7cdc201d8b9648f9ac77d03ff823d322] tagID=[3887fc96aa2b47d691405d5804130797] set TAG_NEW=0,DB DEBUG,fe_LotRecipeRowCheckCreateByRecipe,c05dcd762e4b4b5a99224c48445d7683,3
65067,06/05/2026 14:01:54,INSERT in LOT_RECIPE_ROW TAG: [GI4_RECIPE_Data_OP10_PTL_8_Qta] value: [0] (FROM RECIPE_ROW) recipeId: [7cdc201d8b9648f9ac77d03ff823d322] tagID=[3815c76174064515bafb801007a14614] set TAG_NEW=0,DB DEBUG,fe_LotRecipeRowCheckCreateByRecipe,c05dcd762e4b4b5a99224c48445d7683,3
65066,06/05/2026 14:01:54,INSERT in LOT_RECIPE_ROW TAG: [GI4_RECIPE_Data_OP30_PTL_24_Qta] value: [0] (FROM RECIPE_ROW) recipeId: [7cdc201d8b9648f9ac77d03ff823d322] tagID=[37f0f3807d804fec9537deac883d8fa7] set TAG_NEW=0,DB DEBUG,fe_LotRecipeRowCheckCreateByRecipe,c05dcd762e4b4b5a99224c48445d7683,3
65065,06/05/2026 14:01:54,INSERT in LOT_RECIPE_ROW TAG: [GI4_RECIPE_Data_OP30_PTL_13_Qta] value: [1] (FROM RECIPE_ROW) recipeId: [7cdc201d8b9648f9ac77d03ff823d322] tagID=[374dd1ca558346c198cd868b38086280] set TAG_NEW=0,DB DEBUG,fe_LotRecipeRowCheckCreateByRecipe,c05dcd762e4b4b5a99224c48445d7683,3
65064,06/05/2026 14:01:54,INSERT in LOT_RECIPE_ROW TAG: [GI4_RECIPE_Data_OP10_PTL_15_Description] value: [] (FROM RECIPE_ROW) recipeId: [7cdc201d8b9648f9ac77d03ff823d322] tagID=[3654183a50bf43b7b64146ef7d9442b0] set TAG_NEW=0,DB DEBUG,fe_LotRecipeRowCheckCreateByRecipe,c05dcd762e4b4b5a99224c48445d7683,3
65063,06/05/2026 14:01:54,INSERT in LOT_RECIPE_ROW TAG: [GI4_RECIPE_Data_OP30_PTL_7_Qta] value: [3] (FROM RECIPE_ROW) recipeId: [7cdc201d8b9648f9ac77d03ff823d322] tagID=[3640890fbc5649c38727f3cec1b1e5f2] set TAG_NEW=0,DB DEBUG,fe_LotRecipeRowCheckCreateByRecipe,c05dcd762e4b4b5a99224c48445d7683,3
65062,06/05/2026 14:01:54,INSERT in LOT_RECIPE_ROW TAG: [GI4_RECIPE_Data_OP10_PTL_13_Qta] value: [0] (FROM RECIPE_ROW) recipeId: [7cdc201d8b9648f9ac77d03ff823d322] tagID=[34eb2b59a3134746953e9611d408d2e6] set TAG_NEW=0,DB DEBUG,fe_LotRecipeRowCheckCreateByRecipe,c05dcd762e4b4b5a99224c48445d7683,3
65061,06/05/2026 14:01:54,INSERT in LOT_RECIPE_ROW TAG: [GI4_RECIPE_Data_OP30_PTL_2_CellUnion] value: [0] (FROM RECIPE_ROW) recipeId: [7cdc201d8b9648f9ac77d03ff823d322] tagID=[34ba42b7560e4ee9a12fd1944c5aa703] set TAG_NEW=0,DB DEBUG,fe_LotRecipeRowCheckCreateByRecipe,c05dcd762e4b4b5a99224c48445d7683,3
65060,06/05/2026 14:01:54,INSERT in LOT_RECIPE_ROW TAG: [GI4_RECIPE_Data_OP10_PTL_4_Cell] value: [32] (FROM RECIPE_ROW) recipeId: [7cdc201d8b9648f9ac77d03ff823d322] tagID=[336e0993097945d5b1a95047881dcb0d] set TAG_NEW=0,DB DEBUG,fe_LotRecipeRowCheckCreateByRecipe,c05dcd762e4b4b5a99224c48445d7683,3
65059,06/05/2026 14:01:54,INSERT in LOT_RECIPE_ROW TAG: [GI4_RECIPE_Data_OP30_PTL_19_CellUnion] value: [0] (FROM RECIPE_ROW) recipeId: [7cdc201d8b9648f9ac77d03ff823d322] tagID=[32b489d628b8417fb1b585cd49fd61c7] set TAG_NEW=0,DB DEBUG,fe_LotRecipeRowCheckCreateByRecipe,c05dcd762e4b4b5a99224c48445d7683,3
65058,06/05/2026 14:01:54,INSERT in LOT_RECIPE_ROW TAG: [GI4_RECIPE_Data_OP30_PTL_13_Cell] value: [30] (FROM RECIPE_ROW) recipeId: [7cdc201d8b9648f9ac77d03ff823d322] tagID=[322607fdab0d48e482f702551a084233] set TAG_NEW=0,DB DEBUG,fe_LotRecipeRowCheckCreateByRecipe,c05dcd762e4b4b5a99224c48445d7683,3
65057,06/05/2026 14:01:54,INSERT in LOT_RECIPE_ROW TAG: [GI4_RECIPE_Data_OP10_PTL_25_CellUnion] value: [0] (FROM RECIPE_ROW) recipeId: [7cdc201d8b9648f9ac77d03ff823d322] tagID=[31ad5d3c1e3a45f199917e67426ed441] set TAG_NEW=0,DB DEBUG,fe_LotRecipeRowCheckCreateByRecipe,c05dcd762e4b4b5a99224c48445d7683,3
65056,06/05/2026 14:01:54,INSERT in LOT_RECIPE_ROW TAG: [GI4_RECIPE_Data_PrintType] value: [1] (FROM RECIPE_ROW) recipeId: [7cdc201d8b9648f9ac77d03ff823d322] tagID=[319e60a433a54b1986e7af6ab5b36d6e] set TAG_NEW=0,DB DEBUG,fe_LotRecipeRowCheckCreateByRecipe,c05dcd762e4b4b5a99224c48445d7683,3
65055,06/05/2026 14:01:54,INSERT in LOT_RECIPE_ROW TAG: [GI4_RECIPE_Data_OP30_PTL_6_CellUnion] value: [0] (FROM RECIPE_ROW) recipeId: [7cdc201d8b9648f9ac77d03ff823d322] tagID=[3165fec2bb354085abd7e63466d042a6] set TAG_NEW=0,DB DEBUG,fe_LotRecipeRowCheckCreateByRecipe,c05dcd762e4b4b5a99224c48445d7683,3
65054,06/05/2026 14:01:54,INSERT in LOT_RECIPE_ROW TAG: [GI4_RECIPE_Data_OP10_PTL_32_Cell] value: [0] (FROM RECIPE_ROW) recipeId: [7cdc201d8b9648f9ac77d03ff823d322] tagID=[30cf96ca4b834ee2b9a7eb56df1b6aea] set TAG_NEW=0,DB DEBUG,fe_LotRecipeRowCheckCreateByRecipe,c05dcd762e4b4b5a99224c48445d7683,3
65053,06/05/2026 14:01:54,INSERT in LOT_RECIPE_ROW TAG: [GI4_RECIPE_Data_DustCover] value: [0] (FROM RECIPE_ROW) recipeId: [7cdc201d8b9648f9ac77d03ff823d322] tagID=[2f62647d508c427c9d0593d21d9f9a96] set TAG_NEW=0,DB DEBUG,fe_LotRecipeRowCheckCreateByRecipe,c05dcd762e4b4b5a99224c48445d7683,3
65052,06/05/2026 14:01:54,INSERT in LOT_RECIPE_ROW TAG: [GI4_RECIPE_Data_OP10_PTL_21_Description] value: [] (FROM RECIPE_ROW) recipeId: [7cdc201d8b9648f9ac77d03ff823d322] tagID=[2f012265fcf54daaa75a2db2cb2ccaad] set TAG_NEW=0,DB DEBUG,fe_LotRecipeRowCheckCreateByRecipe,c05dcd762e4b4b5a99224c48445d7683,3
65051,06/05/2026 14:01:54,INSERT in LOT_RECIPE_ROW TAG: [GI4_RECIPE_Data_OP10_PTL_13_Cell] value: [0] (FROM RECIPE_ROW) recipeId: [7cdc201d8b9648f9ac77d03ff823d322] tagID=[2efd39cf088b44fa9e8c5d457d66450b] set TAG_NEW=0,DB DEBUG,fe_LotRecipeRowCheckCreateByRecipe,c05dcd762e4b4b5a99224c48445d7683,3
65050,06/05/2026 14:01:54,INSERT in LOT_RECIPE_ROW TAG: [GI4_RECIPE_Data_OP10_PTL_24_Cell] value: [0] (FROM RECIPE_ROW) recipeId: [7cdc201d8b9648f9ac77d03ff823d322] tagID=[2efc21b5f4fd41a6b3b388597dc3adb3] set TAG_NEW=0,DB DEBUG,fe_LotRecipeRowCheckCreateByRecipe,c05dcd762e4b4b5a99224c48445d7683,3
65049,06/05/2026 14:01:54,INSERT in LOT_RECIPE_ROW TAG: [GI4_RECIPE_Data_OP10_PTL_5_Qta] value: [1] (FROM RECIPE_ROW) recipeId: [7cdc201d8b9648f9ac77d03ff823d322] tagID=[2b5decc799564bc88555d022c4ea85a3] set TAG_NEW=0,DB DEBUG,fe_LotRecipeRowCheckCreateByRecipe,c05dcd762e4b4b5a99224c48445d7683,3
65048,06/05/2026 14:01:54,INSERT in LOT_RECIPE_ROW TAG: [GI4_RECIPE_Data_OP10_PTL_10_CellUnion] value: [0] (FROM RECIPE_ROW) recipeId: [7cdc201d8b9648f9ac77d03ff823d322] tagID=[2b0617f17e5f46729f228a527a408fdc] set TAG_NEW=0,DB DEBUG,fe_LotRecipeRowCheckCreateByRecipe,c05dcd762e4b4b5a99224c48445d7683,3
65047,06/05/2026 14:01:54,INSERT in LOT_RECIPE_ROW TAG: [GI4_RECIPE_Data_OP30_PTL_4_CellUnion] value: [0] (FROM RECIPE_ROW) recipeId: [7cdc201d8b9648f9ac77d03ff823d322] tagID=[29c462d549fb42e1b052a86a35b11f12] set TAG_NEW=0,DB DEBUG,fe_LotRecipeRowCheckCreateByRecipe,c05dcd762e4b4b5a99224c48445d7683,3
65046,06/05/2026 14:01:54,INSERT in LOT_RECIPE_ROW TAG: [GI4_RECIPE_Data_OP30_PTL_25_Description] value: [] (FROM RECIPE_ROW) recipeId: [7cdc201d8b9648f9ac77d03ff823d322] tagID=[27b140c810ec405994079df3f60de1e2] set TAG_NEW=0,DB DEBUG,fe_LotRecipeRowCheckCreateByRecipe,c05dcd762e4b4b5a99224c48445d7683,3
65045,06/05/2026 14:01:54,INSERT in LOT_RECIPE_ROW TAG: [GI4_RECIPE_Data_OP10_PTL_21_CellUnion] value: [0] (FROM RECIPE_ROW) recipeId: [7cdc201d8b9648f9ac77d03ff823d322] tagID=[2768d9617f784288aada7d9eef63d70c] set TAG_NEW=0,DB DEBUG,fe_LotRecipeRowCheckCreateByRecipe,c05dcd762e4b4b5a99224c48445d7683,3
65044,06/05/2026 14:01:54,INSERT in LOT_RECIPE_ROW TAG: [GI4_RECIPE_Data_OP10_PTL_29_CellUnion] value: [0] (FROM RECIPE_ROW) recipeId: [7cdc201d8b9648f9ac77d03ff823d322] tagID=[2547ffd6de24486f86b1235208d06d8b] set TAG_NEW=0,DB DEBUG,fe_LotRecipeRowCheckCreateByRecipe,c05dcd762e4b4b5a99224c48445d7683,3
65043,06/05/2026 14:01:54,INSERT in LOT_RECIPE_ROW TAG: [GI4_RECIPE_Data_OP10_PTL_18_CellUnion] value: [0] (FROM RECIPE_ROW) recipeId: [7cdc201d8b9648f9ac77d03ff823d322] tagID=[24788739016145d2a6de1e84726b4509] set TAG_NEW=0,DB DEBUG,fe_LotRecipeRowCheckCreateByRecipe,c05dcd762e4b4b5a99224c48445d7683,3
65042,06/05/2026 14:01:54,INSERT in LOT_RECIPE_ROW TAG: [GI4_RECIPE_Data_OP30_PTL_6_Cell] value: [0] (FROM RECIPE_ROW) recipeId: [7cdc201d8b9648f9ac77d03ff823d322] tagID=[239ff647bb7c4b78b16fb964e8ea5c65] set TAG_NEW=0,DB DEBUG,fe_LotRecipeRowCheckCreateByRecipe,c05dcd762e4b4b5a99224c48445d7683,3
65041,06/05/2026 14:01:54,INSERT in LOT_RECIPE_ROW TAG: [GI4_RECIPE_Data_OP30_PTL_10_CellUnion] value: [0] (FROM RECIPE_ROW) recipeId: [7cdc201d8b9648f9ac77d03ff823d322] tagID=[236ecfef4bc94a9ebfb403c825ec2cb8] set TAG_NEW=0,DB DEBUG,fe_LotRecipeRowCheckCreateByRecipe,c05dcd762e4b4b5a99224c48445d7683,3
65040,06/05/2026 14:01:54,INSERT in LOT_RECIPE_ROW TAG: [GI4_RECIPE_Data_OP10_PTL_16_CellUnion] value: [0] (FROM RECIPE_ROW) recipeId: [7cdc201d8b9648f9ac77d03ff823d322] tagID=[23526c0d4cc14b0b8445d664756087d9] set TAG_NEW=0,DB DEBUG,fe_LotRecipeRowCheckCreateByRecipe,c05dcd762e4b4b5a99224c48445d7683,3
65039,06/05/2026 14:01:54,INSERT in LOT_RECIPE_ROW TAG: [GI4_RECIPE_Data_OP30_PTL_25_CellUnion] value: [0] (FROM RECIPE_ROW) recipeId: [7cdc201d8b9648f9ac77d03ff823d322] tagID=[23490577e94b461fad46e23ebd9cdb89] set TAG_NEW=0,DB DEBUG,fe_LotRecipeRowCheckCreateByRecipe,c05dcd762e4b4b5a99224c48445d7683,3
65038,06/05/2026 14:01:54,INSERT in LOT_RECIPE_ROW TAG: [GI4_RECIPE_Data_OP10_PTL_22_CellUnion] value: [0] (FROM RECIPE_ROW) recipeId: [7cdc201d8b9648f9ac77d03ff823d322] tagID=[22d2c12d88084e9491c910a201e38e0d] set TAG_NEW=0,DB DEBUG,fe_LotRecipeRowCheckCreateByRecipe,c05dcd762e4b4b5a99224c48445d7683,3
65037,06/05/2026 14:01:54,INSERT in LOT_RECIPE_ROW TAG: [GI4_RECIPE_Data_MasterModelCode] value: [SNO3NN/022LN11DMNNBBBANNNN/NNNNN] (FROM RECIPE_ROW) recipeId: [7cdc201d8b9648f9ac77d03ff823d322] tagID=[2295f1d9dbe3459691489299eb02429f] set TAG_NEW=0,DB DEBUG,fe_LotRecipeRowCheckCreateByRecipe,c05dcd762e4b4b5a99224c48445d7683,3
65036,06/05/2026 14:01:54,INSERT in LOT_RECIPE_ROW TAG: [GI4_RECIPE_Data_OP30_PTL_9_CellUnion] value: [0] (FROM RECIPE_ROW) recipeId: [7cdc201d8b9648f9ac77d03ff823d322] tagID=[2117c8a6f98640dea219faa2b6243584] set TAG_NEW=0,DB DEBUG,fe_LotRecipeRowCheckCreateByRecipe,c05dcd762e4b4b5a99224c48445d7683,3
65035,06/05/2026 14:01:54,INSERT in LOT_RECIPE_ROW TAG: [GI4_RECIPE_Data_OP10_PTL_18_Cell] value: [0] (FROM RECIPE_ROW) recipeId: [7cdc201d8b9648f9ac77d03ff823d322] tagID=[200054d0678e43aab0d9f82753270661] set TAG_NEW=0,DB DEBUG,fe_LotRecipeRowCheckCreateByRecipe,c05dcd762e4b4b5a99224c48445d7683,3
65034,06/05/2026 14:01:54,INSERT in LOT_RECIPE_ROW TAG: [GI4_RECIPE_Data_OP10_PTL_18_PartNumber] value: [] (FROM RECIPE_ROW) recipeId: [7cdc201d8b9648f9ac77d03ff823d322] tagID=[1fd38a7c7dd64cfbb9a03b2acf6d6f9e] set TAG_NEW=0,DB DEBUG,fe_LotRecipeRowCheckCreateByRecipe,c05dcd762e4b4b5a99224c48445d7683,3
65033,06/05/2026 14:01:54,INSERT in LOT_RECIPE_ROW TAG: [GI4_RECIPE_Data_OP30_PTL_30_PartNumber] value: [] (FROM RECIPE_ROW) recipeId: [7cdc201d8b9648f9ac77d03ff823d322] tagID=[1ec5b337bccb4f388faef9b1b78fe39d] set TAG_NEW=0,DB DEBUG,fe_LotRecipeRowCheckCreateByRecipe,c05dcd762e4b4b5a99224c48445d7683,3
65032,06/05/2026 14:01:54,INSERT in LOT_RECIPE_ROW TAG: [GI4_RECIPE_Data_OP10_PTL_11_CellUnion] value: [0] (FROM RECIPE_ROW) recipeId: [7cdc201d8b9648f9ac77d03ff823d322] tagID=[1e73099add0d4761b3fb96855bcce8ba] set TAG_NEW=0,DB DEBUG,fe_LotRecipeRowCheckCreateByRecipe,c05dcd762e4b4b5a99224c48445d7683,3
65031,06/05/2026 14:01:54,INSERT in LOT_RECIPE_ROW TAG: [GI4_RECIPE_Data_OP10_PTL_28_PartNumber] value: [] (FROM RECIPE_ROW) recipeId: [7cdc201d8b9648f9ac77d03ff823d322] tagID=[1e6514dd3aa241ddaf46cfba71deda8d] set TAG_NEW=0,DB DEBUG,fe_LotRecipeRowCheckCreateByRecipe,c05dcd762e4b4b5a99224c48445d7683,3
65030,06/05/2026 14:01:54,INSERT in LOT_RECIPE_ROW TAG: [GI4_RECIPE_Data_OP30_PTL_9_Cell] value: [23] (FROM RECIPE_ROW) recipeId: [7cdc201d8b9648f9ac77d03ff823d322] tagID=[1e41bea737484150b9810803137db848] set TAG_NEW=0,DB DEBUG,fe_LotRecipeRowCheckCreateByRecipe,c05dcd762e4b4b5a99224c48445d7683,3
65029,06/05/2026 14:01:54,INSERT in LOT_RECIPE_ROW TAG: [GI4_RECIPE_Data_OP30_PTL_14_Qta] value: [1] (FROM RECIPE_ROW) recipeId: [7cdc201d8b9648f9ac77d03ff823d322] tagID=[1e1a67aab00c40568e55d6a9cb7e929c] set TAG_NEW=0,DB DEBUG,fe_LotRecipeRowCheckCreateByRecipe,c05dcd762e4b4b5a99224c48445d7683,3
65028,06/05/2026 14:01:54,INSERT in LOT_RECIPE_ROW TAG: [GI4_RECIPE_Data_OP10_PTL_2_CellUnion] value: [0] (FROM RECIPE_ROW) recipeId: [7cdc201d8b9648f9ac77d03ff823d322] tagID=[1da4b4e89476455ba061456cde4d84bc] set TAG_NEW=0,DB DEBUG,fe_LotRecipeRowCheckCreateByRecipe,c05dcd762e4b4b5a99224c48445d7683,3
65027,06/05/2026 14:01:54,INSERT in LOT_RECIPE_ROW TAG: [GI4_RECIPE_Data_OP10_PTL_12_PartNumber] value: [] (FROM RECIPE_ROW) recipeId: [7cdc201d8b9648f9ac77d03ff823d322] tagID=[1c6bdf1e83a74aaca4e2c6a37d60fdd3] set TAG_NEW=0,DB DEBUG,fe_LotRecipeRowCheckCreateByRecipe,c05dcd762e4b4b5a99224c48445d7683,3
65026,06/05/2026 14:01:54,INSERT in LOT_RECIPE_ROW TAG: [GI4_RECIPE_Data_OP30_PTL_30_Cell] value: [0] (FROM RECIPE_ROW) recipeId: [7cdc201d8b9648f9ac77d03ff823d322] tagID=[1c292609bff545948b1b50178f98734a] set TAG_NEW=0,DB DEBUG,fe_LotRecipeRowCheckCreateByRecipe,c05dcd762e4b4b5a99224c48445d7683,3
65025,06/05/2026 14:01:54,INSERT in LOT_RECIPE_ROW TAG: [GI4_RECIPE_Data_OP30_PTL_9_Description] value: [AN.ANTIESTR.PIASTRA SNP3] (FROM RECIPE_ROW) recipeId: [7cdc201d8b9648f9ac77d03ff823d322] tagID=[1b395e351c7a424faee5b72d6916e004] set TAG_NEW=0,DB DEBUG,fe_LotRecipeRowCheckCreateByRecipe,c05dcd762e4b4b5a99224c48445d7683,3
65024,06/05/2026 14:01:54,INSERT in LOT_RECIPE_ROW TAG: [GI4_RECIPE_Data_OP30_PTL_20_Qta] value: [0] (FROM RECIPE_ROW) recipeId: [7cdc201d8b9648f9ac77d03ff823d322] tagID=[1ae24f3c9bd843b5bdae323af5e44833] set TAG_NEW=0,DB DEBUG,fe_LotRecipeRowCheckCreateByRecipe,c05dcd762e4b4b5a99224c48445d7683,3
65023,06/05/2026 14:01:54,INSERT in LOT_RECIPE_ROW TAG: [GI4_RECIPE_Data_OP10_PTL_31_PartNumber] value: [] (FROM RECIPE_ROW) recipeId: [7cdc201d8b9648f9ac77d03ff823d322] tagID=[1adcf7bd1d72448bb87b3b30dd715166] set TAG_NEW=0,DB DEBUG,fe_LotRecipeRowCheckCreateByRecipe,c05dcd762e4b4b5a99224c48445d7683,3
65022,06/05/2026 14:01:54,INSERT in LOT_RECIPE_ROW TAG: [GI4_RECIPE_Data_OP10_PTL_9_CellUnion] value: [0] (FROM RECIPE_ROW) recipeId: [7cdc201d8b9648f9ac77d03ff823d322] tagID=[1a1c23ee431f4728b01677039593bc81] set TAG_NEW=0,DB DEBUG,fe_LotRecipeRowCheckCreateByRecipe,c05dcd762e4b4b5a99224c48445d7683,3
65021,06/05/2026 14:01:54,INSERT in LOT_RECIPE_ROW TAG: [GI4_RECIPE_Data_OP30_PTL_12_PartNumber] value: [11282842] (FROM RECIPE_ROW) recipeId: [7cdc201d8b9648f9ac77d03ff823d322] tagID=[1897909b17784365ae9be36b71a37912] set TAG_NEW=0,DB DEBUG,fe_LotRecipeRowCheckCreateByRecipe,c05dcd762e4b4b5a99224c48445d7683,3
65020,06/05/2026 14:01:54,INSERT in LOT_RECIPE_ROW TAG: [GI4_RECIPE_Data_OP30_PTL_5_Qta] value: [3] (FROM RECIPE_ROW) recipeId: [7cdc201d8b9648f9ac77d03ff823d322] tagID=[17e58e802fdb4886a00ee2df555cccc2] set TAG_NEW=0,DB DEBUG,fe_LotRecipeRowCheckCreateByRecipe,c05dcd762e4b4b5a99224c48445d7683,3
65019,06/05/2026 14:01:54,INSERT in LOT_RECIPE_ROW TAG: [GI4_RECIPE_Data_OP30_PTL_32_Qta] value: [0] (FROM RECIPE_ROW) recipeId: [7cdc201d8b9648f9ac77d03ff823d322] tagID=[17bfebdd36ed4d268e65b73ad2683657] set TAG_NEW=0,DB DEBUG,fe_LotRecipeRowCheckCreateByRecipe,c05dcd762e4b4b5a99224c48445d7683,3
65018,06/05/2026 14:01:54,INSERT in LOT_RECIPE_ROW TAG: [GI4_RECIPE_Data_OP30_PTL_13_CellUnion] value: [0] (FROM RECIPE_ROW) recipeId: [7cdc201d8b9648f9ac77d03ff823d322] tagID=[171ef8f151874a64b2aa6d76fa9e011e] set TAG_NEW=0,DB DEBUG,fe_LotRecipeRowCheckCreateByRecipe,c05dcd762e4b4b5a99224c48445d7683,3
65017,06/05/2026 14:01:54,INSERT in LOT_RECIPE_ROW TAG: [GI4_RECIPE_Data_OP30_PTL_8_CellUnion] value: [0] (FROM RECIPE_ROW) recipeId: [7cdc201d8b9648f9ac77d03ff823d322] tagID=[16825f04574b4c16b4ab3c9fc79ebec3] set TAG_NEW=0,DB DEBUG,fe_LotRecipeRowCheckCreateByRecipe,c05dcd762e4b4b5a99224c48445d7683,3
65016,06/05/2026 14:01:54,INSERT in LOT_RECIPE_ROW TAG: [GI4_RECIPE_Data_OP30_PTL_27_PartNumber] value: [] (FROM RECIPE_ROW) recipeId: [7cdc201d8b9648f9ac77d03ff823d322] tagID=[152ff83f6425493d8ee154c7474edc49] set TAG_NEW=0,DB DEBUG,fe_LotRecipeRowCheckCreateByRecipe,c05dcd762e4b4b5a99224c48445d7683,3
65015,06/05/2026 14:01:54,INSERT in LOT_RECIPE_ROW TAG: [GI4_RECIPE_Data_OP10_PTL_6_Qta] value: [1] (FROM RECIPE_ROW) recipeId: [7cdc201d8b9648f9ac77d03ff823d322] tagID=[149871b6a096497a9ec64f62ca13eb4b] set TAG_NEW=0,DB DEBUG,fe_LotRecipeRowCheckCreateByRecipe,c05dcd762e4b4b5a99224c48445d7683,3
65014,06/05/2026 14:01:54,INSERT in LOT_RECIPE_ROW TAG: [GI4_RECIPE_Data_OP10_PTL_4_Qta] value: [1] (FROM RECIPE_ROW) recipeId: [7cdc201d8b9648f9ac77d03ff823d322] tagID=[142c9d2d9d404cae81c1f59ae4da360d] set TAG_NEW=0,DB DEBUG,fe_LotRecipeRowCheckCreateByRecipe,c05dcd762e4b4b5a99224c48445d7683,3
65013,06/05/2026 14:01:54,INSERT in LOT_RECIPE_ROW TAG: [GI4_RECIPE_Data_OP30_PTL_31_Cell] value: [0] (FROM RECIPE_ROW) recipeId: [7cdc201d8b9648f9ac77d03ff823d322] tagID=[138d7ec4d945404cb05a6c2acc6e26c9] set TAG_NEW=0,DB DEBUG,fe_LotRecipeRowCheckCreateByRecipe,c05dcd762e4b4b5a99224c48445d7683,3
65012,06/05/2026 14:01:54,INSERT in LOT_RECIPE_ROW TAG: [GI4_RECIPE_Data_OP10_PTL_28_Description] value: [] (FROM RECIPE_ROW) recipeId: [7cdc201d8b9648f9ac77d03ff823d322] tagID=[12a6a0eb336a45538a178cbcfbba8b13] set TAG_NEW=0,DB DEBUG,fe_LotRecipeRowCheckCreateByRecipe,c05dcd762e4b4b5a99224c48445d7683,3
65011,06/05/2026 14:01:54,INSERT in LOT_RECIPE_ROW TAG: [GI4_RECIPE_Data_OP30_PTL_24_CellUnion] value: [0] (FROM RECIPE_ROW) recipeId: [7cdc201d8b9648f9ac77d03ff823d322] tagID=[11fead26f2374b1895abe418c9d7bf56] set TAG_NEW=0,DB DEBUG,fe_LotRecipeRowCheckCreateByRecipe,c05dcd762e4b4b5a99224c48445d7683,3
65010,06/05/2026 14:01:54,INSERT in LOT_RECIPE_ROW TAG: [GI4_RECIPE_Data_OP30_PTL_19_PartNumber] value: [] (FROM RECIPE_ROW) recipeId: [7cdc201d8b9648f9ac77d03ff823d322] tagID=[117d55a6eec74686af0d4085044334ff] set TAG_NEW=0,DB DEBUG,fe_LotRecipeRowCheckCreateByRecipe,c05dcd762e4b4b5a99224c48445d7683,3
65009,06/05/2026 14:01:54,INSERT in LOT_RECIPE_ROW TAG: [GI4_RECIPE_Data_OP30_PTL_28_PartNumber] value: [] (FROM RECIPE_ROW) recipeId: [7cdc201d8b9648f9ac77d03ff823d322] tagID=[108fa0aa4e9b422cb0c37060f5f8251a] set TAG_NEW=0,DB DEBUG,fe_LotRecipeRowCheckCreateByRecipe,c05dcd762e4b4b5a99224c48445d7683,3
65008,06/05/2026 14:01:54,INSERT in LOT_RECIPE_ROW TAG: [GI4_RECIPE_Data_OP30_PTL_28_Cell] value: [0] (FROM RECIPE_ROW) recipeId: [7cdc201d8b9648f9ac77d03ff823d322] tagID=[1064907859704583a8bb1acb185d83ab] set TAG_NEW=0,DB DEBUG,fe_LotRecipeRowCheckCreateByRecipe,c05dcd762e4b4b5a99224c48445d7683,3
65007,06/05/2026 14:01:54,INSERT in LOT_RECIPE_ROW TAG: [GI4_RECIPE_Data_OP30_PTL_15_PartNumber] value: [] (FROM RECIPE_ROW) recipeId: [7cdc201d8b9648f9ac77d03ff823d322] tagID=[0f861d9887f547c4a700d24785651f0c] set TAG_NEW=0,DB DEBUG,fe_LotRecipeRowCheckCreateByRecipe,c05dcd762e4b4b5a99224c48445d7683,3
65006,06/05/2026 14:01:54,INSERT in LOT_RECIPE_ROW TAG: [GI4_RECIPE_Data_OP10_PTL_3_PartNumber] value: [314.0060.0.00] (FROM RECIPE_ROW) recipeId: [7cdc201d8b9648f9ac77d03ff823d322] tagID=[0ecb09489ff542bdbdd43d40a6c9512f] set TAG_NEW=0,DB DEBUG,fe_LotRecipeRowCheckCreateByRecipe,c05dcd762e4b4b5a99224c48445d7683,3
65005,06/05/2026 14:01:54,INSERT in LOT_RECIPE_ROW TAG: [GI4_RECIPE_Data_OP30_PTL_14_Cell] value: [12] (FROM RECIPE_ROW) recipeId: [7cdc201d8b9648f9ac77d03ff823d322] tagID=[0cf9f78a5123498ab6e2b33cc7e7cdb5] set TAG_NEW=0,DB DEBUG,fe_LotRecipeRowCheckCreateByRecipe,c05dcd762e4b4b5a99224c48445d7683,3
65004,06/05/2026 14:01:54,INSERT in LOT_RECIPE_ROW TAG: [GI4_RECIPE_Data_OP10_PTL_31_Qta] value: [0] (FROM RECIPE_ROW) recipeId: [7cdc201d8b9648f9ac77d03ff823d322] tagID=[0cae3beb3c844e07b0495201a61d0a6b] set TAG_NEW=0,DB DEBUG,fe_LotRecipeRowCheckCreateByRecipe,c05dcd762e4b4b5a99224c48445d7683,3
65003,06/05/2026 14:01:54,INSERT in LOT_RECIPE_ROW TAG: [GI4_RECIPE_Data_OP30_PTL_8_Description] value: [GUAR.BILANC.PIASTRA SNP3] (FROM RECIPE_ROW) recipeId: [7cdc201d8b9648f9ac77d03ff823d322] tagID=[0c50c86c64814102b8bf9d50bea4121c] set TAG_NEW=0,DB DEBUG,fe_LotRecipeRowCheckCreateByRecipe,c05dcd762e4b4b5a99224c48445d7683,3
65002,06/05/2026 14:01:54,INSERT in LOT_RECIPE_ROW TAG: [GI4_RECIPE_Data_OP30_PTL_24_Description] value: [] (FROM RECIPE_ROW) recipeId: [7cdc201d8b9648f9ac77d03ff823d322] tagID=[08e01c362a124f688baffd9b72b42d55] set TAG_NEW=0,DB DEBUG,fe_LotRecipeRowCheckCreateByRecipe,c05dcd762e4b4b5a99224c48445d7683,3
65001,06/05/2026 14:01:54,INSERT in LOT_RECIPE_ROW TAG: [GI4_RECIPE_Data_OP10_PTL_25_PartNumber] value: [] (FROM RECIPE_ROW) recipeId: [7cdc201d8b9648f9ac77d03ff823d322] tagID=[08c052c80fc44199978244ded6f644a8] set TAG_NEW=0,DB DEBUG,fe_LotRecipeRowCheckCreateByRecipe,c05dcd762e4b4b5a99224c48445d7683,3
65000,06/05/2026 14:01:54,INSERT in LOT_RECIPE_ROW TAG: [GI4_RECIPE_Data_OP10_PTL_23_CellUnion] value: [0] (FROM RECIPE_ROW) recipeId: [7cdc201d8b9648f9ac77d03ff823d322] tagID=[08a1b948dc2b43adb6f3a5f05a6e7c10] set TAG_NEW=0,DB DEBUG,fe_LotRecipeRowCheckCreateByRecipe,c05dcd762e4b4b5a99224c48445d7683,3
64999,06/05/2026 14:01:54,INSERT in LOT_RECIPE_ROW TAG: [GI4_RECIPE_Data_OP30_PTL_25_Cell] value: [0] (FROM RECIPE_ROW) recipeId: [7cdc201d8b9648f9ac77d03ff823d322] tagID=[0825757efe7a4a17ad0a2f68fc354c13] set TAG_NEW=0,DB DEBUG,fe_LotRecipeRowCheckCreateByRecipe,c05dcd762e4b4b5a99224c48445d7683,3
64998,06/05/2026 14:01:54,INSERT in LOT_RECIPE_ROW TAG: [GI4_RECIPE_Data_OP30_PTL_2_Qta] value: [3] (FROM RECIPE_ROW) recipeId: [7cdc201d8b9648f9ac77d03ff823d322] tagID=[0595c7172ef94685bfe9c025f6ad73b0] set TAG_NEW=0,DB DEBUG,fe_LotRecipeRowCheckCreateByRecipe,c05dcd762e4b4b5a99224c48445d7683,3
64997,06/05/2026 14:01:54,INSERT in LOT_RECIPE_ROW TAG: [GI4_RECIPE_Data_OP30_PTL_24_PartNumber] value: [] (FROM RECIPE_ROW) recipeId: [7cdc201d8b9648f9ac77d03ff823d322] tagID=[04e5d1459c974a708aa383b3539f6b54] set TAG_NEW=0,DB DEBUG,fe_LotRecipeRowCheckCreateByRecipe,c05dcd762e4b4b5a99224c48445d7683,3
64996,06/05/2026 14:01:54,INSERT in LOT_RECIPE_ROW TAG: [GI4_RECIPE_Data_OP30_PTL_14_CellUnion] value: [0] (FROM RECIPE_ROW) recipeId: [7cdc201d8b9648f9ac77d03ff823d322] tagID=[03fe10dfb8324b348a02ff128543273e] set TAG_NEW=0,DB DEBUG,fe_LotRecipeRowCheckCreateByRecipe,c05dcd762e4b4b5a99224c48445d7683,3
64995,06/05/2026 14:01:54,INSERT in LOT_RECIPE_ROW TAG: [GI4_RECIPE_Data_OP30_PTL_26_CellUnion] value: [0] (FROM RECIPE_ROW) recipeId: [7cdc201d8b9648f9ac77d03ff823d322] tagID=[03eff61cd6c4460ab6aa437ee0a2cc4f] set TAG_NEW=0,DB DEBUG,fe_LotRecipeRowCheckCreateByRecipe,c05dcd762e4b4b5a99224c48445d7683,3
64994,06/05/2026 14:01:54,INSERT in LOT_RECIPE_ROW TAG: [GI4_RECIPE_Data_OP30_PTL_2_PartNumber] value: [311.1925.0.00] (FROM RECIPE_ROW) recipeId: [7cdc201d8b9648f9ac77d03ff823d322] tagID=[02b85a6445fd4f509ff0590d881cbfd7] set TAG_NEW=0,DB DEBUG,fe_LotRecipeRowCheckCreateByRecipe,c05dcd762e4b4b5a99224c48445d7683,3
64993,06/05/2026 14:01:54,INSERT in LOT_RECIPE_ROW TAG: [GI4_RECIPE_Data_OP30_PTL_19_Cell] value: [0] (FROM RECIPE_ROW) recipeId: [7cdc201d8b9648f9ac77d03ff823d322] tagID=[02b3ddb59fc142e19bc8f2344bfb4f72] set TAG_NEW=0,DB DEBUG,fe_LotRecipeRowCheckCreateByRecipe,c05dcd762e4b4b5a99224c48445d7683,3
64992,06/05/2026 14:01:54,INSERT in LOT_RECIPE_ROW TAG: [GI4_RECIPE_Data_OP10_PTL_11_Cell] value: [0] (FROM RECIPE_ROW) recipeId: [7cdc201d8b9648f9ac77d03ff823d322] tagID=[01f796dc632e41b4ab097c1ecabb4b0f] set TAG_NEW=0,DB DEBUG,fe_LotRecipeRowCheckCreateByRecipe,c05dcd762e4b4b5a99224c48445d7683,3
64991,06/05/2026 14:01:54,INSERT in LOT_RECIPE_ROW TAG: [GI4_RECIPE_Data_OP10_PTL_9_Qta] value: [0] (FROM RECIPE_ROW) recipeId: [7cdc201d8b9648f9ac77d03ff823d322] tagID=[01b54df8c5c8431fbdfa8884310acd28] set TAG_NEW=0,DB DEBUG,fe_LotRecipeRowCheckCreateByRecipe,c05dcd762e4b4b5a99224c48445d7683,3
64990,06/05/2026 14:01:54,INSERT in LOT_RECIPE_ROW TAG: [GI4_RECIPE_Data_OP10_PTL_19_CellUnion] value: [0] (FROM RECIPE_ROW) recipeId: [7cdc201d8b9648f9ac77d03ff823d322] tagID=[010d32c109574379bfeff5dd778e4596] set TAG_NEW=0,DB DEBUG,fe_LotRecipeRowCheckCreateByRecipe,c05dcd762e4b4b5a99224c48445d7683,3
64989,06/05/2026 14:01:54,INSERT in LOT_RECIPE_ROW TAG: [GI4_RECIPE_Data_OP10_PTL_9_Cell] value: [0] (FROM RECIPE_ROW) recipeId: [7cdc201d8b9648f9ac77d03ff823d322] tagID=[00bf0c48f06d421fa49b67d755982f66] set TAG_NEW=0,DB DEBUG,fe_LotRecipeRowCheckCreateByRecipe,c05dcd762e4b4b5a99224c48445d7683,3
64988,06/05/2026 14:01:54,INSERT in LOT_RECIPE_ROW TAG: [GI4_RECIPE_Data_OP30_PTL_2_Description] value: [RE SNP3/22      SC71 ....] (FROM RECIPE_ROW) recipeId: [7cdc201d8b9648f9ac77d03ff823d322] tagID=[00b1fda64a62469b8e3742551e16ce95] set TAG_NEW=0,DB DEBUG,fe_LotRecipeRowCheckCreateByRecipe,c05dcd762e4b4b5a99224c48445d7683,3
65318,06/05/2026 14:01:54,Cambiato Lotto/ricetta in coda - LotNew=[919c7429e4f8413b8af4755f3cf76277] era [NULL]; RecipeNew=[7cdc201d8b9648f9ac77d03ff823d322].[NULL era [1].[(NULL),DB DEBUG,fid_MachineFindSetNextLot,c05dcd762e4b4b5a99224c48445d7683,3
65317,06/05/2026 14:01:54,Elaboro lotti in coda per linea=fc0ef60c8da844d5a531b293ac0b857b,DB DEBUG,fe_LineSetNextLot,fc0ef60c8da844d5a531b293ac0b857b,3
65319,06/05/2026 14:01:54,Lotto [59983374}] ricetta [211.25.046.0A-59983374] ver [1] wasLotPresent=0 wasRecipePresent=0 insertedRows=328 updatedRows=0,NODE-RED,CheckCreateLotDone,c05dcd762e4b4b5a99224c48445d7683,0
65406,06/05/2026 14:02:14,set TAG = [GI4_RECIPE_Data_OP30_PTL_14_Qta].value_tag=[1] era [0] tagID=[1e1a67aab00c40568e55d6a9cb7e929c],DB DEBUG,fid_MachineNextLotStart,null,3
65405,06/05/2026 14:02:14,set TAG = [GI4_RECIPE_Data_OP30_PTL_14_PartNumber].value_text=[5713.54.2579] era [] tagID=[adc6dee299e94b74a6c5d5d7fc477174],DB DEBUG,fid_MachineNextLotStart,null,3
65404,06/05/2026 14:02:14,set TAG = [GI4_RECIPE_Data_OP30_PTL_14_Description].value_text=[TCCE M10x30 UNI5931-12K- br.] era [] tagID=[4812e17c8ac14e9a9c0ef1b4b4696b0b],DB DEBUG,fid_MachineNextLotStart,null,3
65403,06/05/2026 14:02:14,set TAG = [GI4_RECIPE_Data_OP30_PTL_14_Cell].value_tag=[12] era [0] tagID=[0cf9f78a5123498ab6e2b33cc7e7cdb5],DB DEBUG,fid_MachineNextLotStart,null,3
65402,06/05/2026 14:02:14,set TAG = [GI4_RECIPE_Data_OP30_PTL_13_Qta].value_tag=[1] era [0] tagID=[374dd1ca558346c198cd868b38086280],DB DEBUG,fid_MachineNextLotStart,null,3
65401,06/05/2026 14:02:14,set TAG = [GI4_RECIPE_Data_OP30_PTL_13_PartNumber].value_text=[5011.31.2215] era [] tagID=[4419482991d445749bca6c4b6b6b4edc],DB DEBUG,fid_MachineNextLotStart,null,3
65400,06/05/2026 14:02:14,set TAG = [GI4_RECIPE_Data_OP30_PTL_13_Description].value_text=[SPINA COLL. D.8x15 sim. UNI E] era [] tagID=[fc7c0d2bb0404817a3b5522808550b35],DB DEBUG,fid_MachineNextLotStart,null,3
65399,06/05/2026 14:02:14,set TAG = [GI4_RECIPE_Data_OP30_PTL_13_Cell].value_tag=[30] era [0] tagID=[322607fdab0d48e482f702551a084233],DB DEBUG,fid_MachineNextLotStart,null,3
65398,06/05/2026 14:02:14,set TAG = [GI4_RECIPE_Data_OP30_PTL_12_Qta].value_tag=[1] era [0] tagID=[e272e191e59948aeb7ea87968fe68743],DB DEBUG,fid_MachineNextLotStart,null,3
65397,06/05/2026 14:02:14,set TAG = [GI4_RECIPE_Data_OP30_PTL_12_PartNumber].value_text=[11282842] era [] tagID=[1897909b17784365ae9be36b71a37912],DB DEBUG,fid_MachineNextLotStart,null,3
65396,06/05/2026 14:02:14,"set TAG = [GI4_RECIPE_Data_OP30_PTL_12_Description].value_text=[PRE-SHAPED  OR SEAL88,57 x 2,] era [] tagID=[9968ccfe92584960b1373e007a2970ca]",DB DEBUG,fid_MachineNextLotStart,null,3
65395,06/05/2026 14:02:14,set TAG = [GI4_RECIPE_Data_OP30_PTL_12_Cell].value_tag=[29] era [0] tagID=[60941a4aae8f4f1a9ce01295056d6dd6],DB DEBUG,fid_MachineNextLotStart,null,3
65394,06/05/2026 14:02:14,set TAG = [GI4_RECIPE_Data_OP30_PTL_11_Qta].value_tag=[1] era [0] tagID=[7485e62704ef4a809acab6146f70165f],DB DEBUG,fid_MachineNextLotStart,null,3
65393,06/05/2026 14:02:14,set TAG = [GI4_RECIPE_Data_OP30_PTL_11_PartNumber].value_text=[MEZZO CORPO] era [] tagID=[48aacd5c08a34d18bbf3bb7419fa3ab4],DB DEBUG,fid_MachineNextLotStart,null,3
65392,06/05/2026 14:02:14,set TAG = [GI4_RECIPE_Data_OP30_PTL_11_Description].value_text=[MEZZO CORPO INSERIMENTO BOCCOLE] era [] tagID=[8221d86a3f8d40afa93cc9f830cee8ce],DB DEBUG,fid_MachineNextLotStart,null,3
65391,06/05/2026 14:02:14,set TAG = [GI4_RECIPE_Data_OP30_PTL_11_Cell].value_tag=[32] era [0] tagID=[ad7f7fe44f0a4a5cbd5acbab5052351e],DB DEBUG,fid_MachineNextLotStart,null,3
65390,06/05/2026 14:02:14,set TAG = [GI4_RECIPE_Data_OP30_PTL_10_Qta].value_tag=[1] era [0] tagID=[48e969b5856d4c9d82336b1e072b1bba],DB DEBUG,fid_MachineNextLotStart,null,3
65389,06/05/2026 14:02:14,set TAG = [GI4_RECIPE_Data_OP30_PTL_10_PartNumber].value_text=[314.0060.0.00] era [] tagID=[3a58c2366cbe4e0a840abbf4b877bace],DB DEBUG,fid_MachineNextLotStart,null,3
65388,06/05/2026 14:02:14,set TAG = [GI4_RECIPE_Data_OP30_PTL_10_Description].value_text=[GUAR.DI CONT. BOCC.SNP3] era [] tagID=[c106b0472bc946af8adb552982d35391],DB DEBUG,fid_MachineNextLotStart,null,3
65387,06/05/2026 14:02:14,set TAG = [GI4_RECIPE_Data_OP30_PTL_10_Cell].value_tag=[21] era [0] tagID=[7a725dc198044ac18b7412e722838ca5],DB DEBUG,fid_MachineNextLotStart,null,3
65386,06/05/2026 14:02:14,set TAG = [GI4_RECIPE_Data_OP30_PTL_9_Qta].value_tag=[1] era [0] tagID=[520695cbf77546e5812b02406ba8f089],DB DEBUG,fid_MachineNextLotStart,null,3
65385,06/05/2026 14:02:14,set TAG = [GI4_RECIPE_Data_OP30_PTL_9_PartNumber].value_text=[313.0039.1.00] era [] tagID=[fc2257a112b54dc2a793c18e6f620bae],DB DEBUG,fid_MachineNextLotStart,null,3
65384,06/05/2026 14:02:14,set TAG = [GI4_RECIPE_Data_OP30_PTL_9_Description].value_text=[AN.ANTIESTR.PIASTRA SNP3] era [] tagID=[1b395e351c7a424faee5b72d6916e004],DB DEBUG,fid_MachineNextLotStart,null,3
65383,06/05/2026 14:02:14,set TAG = [GI4_RECIPE_Data_OP30_PTL_9_Cell].value_tag=[23] era [0] tagID=[1e41bea737484150b9810803137db848],DB DEBUG,fid_MachineNextLotStart,null,3
65382,06/05/2026 14:02:14,set TAG = [GI4_RECIPE_Data_OP30_PTL_8_Qta].value_tag=[1] era [0] tagID=[85fb34eba80d4fb38ad706d6bc51c136],DB DEBUG,fid_MachineNextLotStart,null,3
65381,06/05/2026 14:02:14,set TAG = [GI4_RECIPE_Data_OP30_PTL_8_PartNumber].value_text=[314.0059.0.00] era [] tagID=[7807e14906eb46aa9f1939eb0ad14cc8],DB DEBUG,fid_MachineNextLotStart,null,3
65380,06/05/2026 14:02:14,set TAG = [GI4_RECIPE_Data_OP30_PTL_8_Description].value_text=[GUAR.BILANC.PIASTRA SNP3] era [] tagID=[0c50c86c64814102b8bf9d50bea4121c],DB DEBUG,fid_MachineNextLotStart,null,3
65379,06/05/2026 14:02:14,set TAG = [GI4_RECIPE_Data_OP30_PTL_8_Cell].value_tag=[22] era [0] tagID=[bb92791e866e4d888fd699bdab2462a3],DB DEBUG,fid_MachineNextLotStart,null,3
65378,06/05/2026 14:02:14,set TAG = [GI4_RECIPE_Data_OP30_PTL_7_Qta].value_tag=[3] era [0] tagID=[3640890fbc5649c38727f3cec1b1e5f2],DB DEBUG,fid_MachineNextLotStart,null,3
65377,06/05/2026 14:02:14,set TAG = [GI4_RECIPE_Data_OP30_PTL_7_PartNumber].value_text=[5009.01.0034] era [] tagID=[dfbda0b35a5c49b8819953f342e53512],DB DEBUG,fid_MachineNextLotStart,null,3
65376,06/05/2026 14:02:14,set TAG = [GI4_RECIPE_Data_OP30_PTL_7_Description].value_text=[TAPPO PER FORO DIAM. 27] era [] tagID=[94025c26c59641fa8ca85675332ce390],DB DEBUG,fid_MachineNextLotStart,null,3
65375,06/05/2026 14:02:14,set TAG = [GI4_RECIPE_Data_OP30_PTL_6_Qta].value_tag=[3] era [0] tagID=[d8586c93e6cf42cf8b806d67a901041c],DB DEBUG,fid_MachineNextLotStart,null,3
65374,06/05/2026 14:02:14,set TAG = [GI4_RECIPE_Data_OP30_PTL_6_PartNumber].value_text=[5009.01.0021] era [] tagID=[b8b9fa36e33a4e14a2374c935ab0585d],DB DEBUG,fid_MachineNextLotStart,null,3
65373,06/05/2026 14:02:14,set TAG = [GI4_RECIPE_Data_OP30_PTL_6_Description].value_text=[TAPPO PER FORO DIAM. 48] era [] tagID=[3fbdcfa4cbe54f72b48bbfa700784f6d],DB DEBUG,fid_MachineNextLotStart,null,3
65372,06/05/2026 14:02:14,set TAG = [GI4_RECIPE_Data_OP30_PTL_5_Qta].value_tag=[3] era [0] tagID=[17e58e802fdb4886a00ee2df555cccc2],DB DEBUG,fid_MachineNextLotStart,null,3
65371,06/05/2026 14:02:14,set TAG = [GI4_RECIPE_Data_OP30_PTL_5_PartNumber].value_text=[5009.01.0005] era [] tagID=[d3ef201d06a94d69bb216c88bf4a33ea],DB DEBUG,fid_MachineNextLotStart,null,3
65370,06/05/2026 14:02:14,set TAG = [GI4_RECIPE_Data_OP30_PTL_5_Description].value_text=[TAPPO PER FORO DIAM. 18] era [] tagID=[e53c254a4d5645ba96ad637a909db04d],DB DEBUG,fid_MachineNextLotStart,null,3
65369,06/05/2026 14:02:14,set TAG = [GI4_RECIPE_Data_OP30_PTL_4_Qta].value_tag=[3] era [0] tagID=[7ca06a06c6814e5482f933de89dca8a1],DB DEBUG,fid_MachineNextLotStart,null,3
65368,06/05/2026 14:02:14,set TAG = [GI4_RECIPE_Data_OP30_PTL_4_PartNumber].value_text=[315.0017.0.00] era [] tagID=[db25e4537dce4403bb74d9bd31294088],DB DEBUG,fid_MachineNextLotStart,null,3
65367,06/05/2026 14:02:14,set TAG = [GI4_RECIPE_Data_OP30_PTL_4_Description].value_text=[PIASTRA DI BILANC. SNP3] era [] tagID=[85dd705906f34a43a06a48e2fa5562d0],DB DEBUG,fid_MachineNextLotStart,null,3
65366,06/05/2026 14:02:14,set TAG = [GI4_RECIPE_Data_OP30_PTL_3_Qta].value_tag=[3] era [0] tagID=[f5092d456a0f4d6ba72d15f5021c30ef],DB DEBUG,fid_MachineNextLotStart,null,3
65365,06/05/2026 14:02:14,set TAG = [GI4_RECIPE_Data_OP30_PTL_3_PartNumber].value_text=[11180057] era [] tagID=[4ed4ea17a6e443da814e915f4e0eebca],DB DEBUG,fid_MachineNextLotStart,null,3
65364,06/05/2026 14:02:14,set TAG = [GI4_RECIPE_Data_OP30_PTL_3_Description].value_text=[TARGHETTA ADESIVA GRIGIA 44x2] era [] tagID=[6c0199243d38436b93a2b418272ded79],DB DEBUG,fid_MachineNextLotStart,null,3
65363,06/05/2026 14:02:14,set TAG = [GI4_RECIPE_Data_OP30_PTL_2_Qta].value_tag=[3] era [0] tagID=[0595c7172ef94685bfe9c025f6ad73b0],DB DEBUG,fid_MachineNextLotStart,null,3
65362,06/05/2026 14:02:14,set TAG = [GI4_RECIPE_Data_OP30_PTL_2_PartNumber].value_text=[311.1925.0.00] era [] tagID=[02b85a6445fd4f509ff0590d881cbfd7],DB DEBUG,fid_MachineNextLotStart,null,3
65361,06/05/2026 14:02:14,set TAG = [GI4_RECIPE_Data_OP30_PTL_2_Description].value_text=[RE SNP3/22      SC71 ....] era [] tagID=[00b1fda64a62469b8e3742551e16ce95],DB DEBUG,fid_MachineNextLotStart,null,3
65360,06/05/2026 14:02:14,set TAG = [GI4_RECIPE_Data_OP30_PTL_1_Qta].value_tag=[3] era [0] tagID=[d65957a68f104b35b957c4a45caf82c7],DB DEBUG,fid_MachineNextLotStart,null,3
65359,06/05/2026 14:02:14,set TAG = [GI4_RECIPE_Data_OP30_PTL_1_PartNumber].value_text=[11310055] era [] tagID=[7ce37947270449218f875eea849a2044],DB DEBUG,fid_MachineNextLotStart,null,3
65358,06/05/2026 14:02:14,set TAG = [GI4_RECIPE_Data_OP30_PTL_1_Description].value_text=[BEARING+DU BUSSLE SNP3 (BOLIN] era [] tagID=[6edf7c9599df40aaa064ea22db7144e7],DB DEBUG,fid_MachineNextLotStart,null,3
65357,06/05/2026 14:02:14,set TAG = [GI4_RECIPE_Data_OP10_PTL_7_Qta].value_tag=[1] era [0] tagID=[d25c3d47b2b94538ba9fac551fd3af4b],DB DEBUG,fid_MachineNextLotStart,null,3
65356,06/05/2026 14:02:14,set TAG = [GI4_RECIPE_Data_OP10_PTL_7_PartNumber].value_text=[5713.54.2579] era [] tagID=[81ede46cf2a0429eb773b4da4e5f1846],DB DEBUG,fid_MachineNextLotStart,null,3
65355,06/05/2026 14:02:14,set TAG = [GI4_RECIPE_Data_OP10_PTL_7_Description].value_text=[TCCE M10x30 UNI5931-12K- br.] era [] tagID=[ac7747aadd5a48bc8af7192c4715ad52],DB DEBUG,fid_MachineNextLotStart,null,3
65354,06/05/2026 14:02:14,set TAG = [GI4_RECIPE_Data_OP10_PTL_7_Cell].value_tag=[13] era [0] tagID=[db50e99aa2c24f838f434a2528b515a5],DB DEBUG,fid_MachineNextLotStart,null,3
65353,06/05/2026 14:02:14,set TAG = [GI4_RECIPE_Data_OP10_PTL_6_Qta].value_tag=[1] era [0] tagID=[149871b6a096497a9ec64f62ca13eb4b],DB DEBUG,fid_MachineNextLotStart,null,3
65352,06/05/2026 14:02:14,set TAG = [GI4_RECIPE_Data_OP10_PTL_6_PartNumber].value_text=[5011.31.2215] era [] tagID=[f7ab839aa8ad49d8a42784dccb4de06a],DB DEBUG,fid_MachineNextLotStart,null,3
65351,06/05/2026 14:02:14,set TAG = [GI4_RECIPE_Data_OP10_PTL_6_Description].value_text=[SPINA COLL. D.8x15 sim. UNI E] era [] tagID=[8888b6c2b336454ea1dde3d0e777e26c],DB DEBUG,fid_MachineNextLotStart,null,3
65350,06/05/2026 14:02:14,set TAG = [GI4_RECIPE_Data_OP10_PTL_6_Cell].value_tag=[28] era [0] tagID=[9ca743ce62c64ec19306f9a7f58ee4b2],DB DEBUG,fid_MachineNextLotStart,null,3
65349,06/05/2026 14:02:14,set TAG = [GI4_RECIPE_Data_OP10_PTL_5_Qta].value_tag=[1] era [0] tagID=[2b5decc799564bc88555d022c4ea85a3],DB DEBUG,fid_MachineNextLotStart,null,3
65348,06/05/2026 14:02:14,set TAG = [GI4_RECIPE_Data_OP10_PTL_5_PartNumber].value_text=[11282842] era [] tagID=[4680db2a528748c2a56f1bfc1c19e36f],DB DEBUG,fid_MachineNextLotStart,null,3
65347,06/05/2026 14:02:14,"set TAG = [GI4_RECIPE_Data_OP10_PTL_5_Description].value_text=[PRE-SHAPED  OR SEAL88,57 x 2,] era [] tagID=[5a96b79ffc2047719c43e74778112047]",DB DEBUG,fid_MachineNextLotStart,null,3
65346,06/05/2026 14:02:14,set TAG = [GI4_RECIPE_Data_OP10_PTL_5_Cell].value_tag=[27] era [0] tagID=[d666969d2ef44fd2ae1aba775b049a59],DB DEBUG,fid_MachineNextLotStart,null,3
65345,06/05/2026 14:02:14,set TAG = [GI4_RECIPE_Data_OP10_PTL_4_Qta].value_tag=[1] era [0] tagID=[142c9d2d9d404cae81c1f59ae4da360d],DB DEBUG,fid_MachineNextLotStart,null,3
65344,06/05/2026 14:02:14,set TAG = [GI4_RECIPE_Data_OP10_PTL_4_PartNumber].value_text=[MEZZO CORPO] era [] tagID=[c72ce596a083481fba045f168c9a6b39],DB DEBUG,fid_MachineNextLotStart,null,3
65343,06/05/2026 14:02:14,set TAG = [GI4_RECIPE_Data_OP10_PTL_4_Description].value_text=[MEZZO CORPO INSERIMENTO BOCCOLE] era [] tagID=[490e6e11bbd44c5f92fcf23dcb7868d6],DB DEBUG,fid_MachineNextLotStart,null,3
65342,06/05/2026 14:02:14,set TAG = [GI4_RECIPE_Data_OP10_PTL_4_Cell].value_tag=[32] era [0] tagID=[336e0993097945d5b1a95047881dcb0d],DB DEBUG,fid_MachineNextLotStart,null,3
65341,06/05/2026 14:02:14,set TAG = [GI4_RECIPE_Data_OP10_PTL_3_Qta].value_tag=[1] era [0] tagID=[64b99ad7f39b4af1a1e9626de282e024],DB DEBUG,fid_MachineNextLotStart,null,3
65340,06/05/2026 14:02:14,set TAG = [GI4_RECIPE_Data_OP10_PTL_3_PartNumber].value_text=[314.0060.0.00] era [] tagID=[0ecb09489ff542bdbdd43d40a6c9512f],DB DEBUG,fid_MachineNextLotStart,null,3
65339,06/05/2026 14:02:14,set TAG = [GI4_RECIPE_Data_OP10_PTL_3_Description].value_text=[GUAR.DI CONT. BOCC.SNP3] era [] tagID=[ed4ebb4df0674166b847678c553a27d8],DB DEBUG,fid_MachineNextLotStart,null,3
65338,06/05/2026 14:02:14,set TAG = [GI4_RECIPE_Data_OP10_PTL_3_Cell].value_tag=[29] era [0] tagID=[49b0dafee5f943f0a8d84312bad8611a],DB DEBUG,fid_MachineNextLotStart,null,3
65337,06/05/2026 14:02:14,set TAG = [GI4_RECIPE_Data_OP10_PTL_2_Qta].value_tag=[1] era [0] tagID=[698b5b93bb8a41d5809063524e865c1b],DB DEBUG,fid_MachineNextLotStart,null,3
65336,06/05/2026 14:02:14,set TAG = [GI4_RECIPE_Data_OP10_PTL_2_PartNumber].value_text=[313.0039.1.00] era [] tagID=[97725c7e1be64b50af0a8ea3be69c4ab],DB DEBUG,fid_MachineNextLotStart,null,3
65335,06/05/2026 14:02:14,set TAG = [GI4_RECIPE_Data_OP10_PTL_2_Description].value_text=[AN.ANTIESTR.PIASTRA SNP3] era [] tagID=[692cff3bc5bb4dbcae04e9c68f313072],DB DEBUG,fid_MachineNextLotStart,null,3
65334,06/05/2026 14:02:14,set TAG = [GI4_RECIPE_Data_OP10_PTL_2_Cell].value_tag=[22] era [0] tagID=[bf8911c5ef4d46cca50bc6607b301bcb],DB DEBUG,fid_MachineNextLotStart,null,3
65333,06/05/2026 14:02:14,set TAG = [GI4_RECIPE_Data_OP10_PTL_1_Qta].value_tag=[1] era [0] tagID=[5a21fa6644594e34bb4c27ec532841c5],DB DEBUG,fid_MachineNextLotStart,null,3
65332,06/05/2026 14:02:14,set TAG = [GI4_RECIPE_Data_OP10_PTL_1_PartNumber].value_text=[314.0059.0.00] era [] tagID=[7eee7b9b5d3f4f3385918cf9bb6b7875],DB DEBUG,fid_MachineNextLotStart,null,3
65331,06/05/2026 14:02:14,set TAG = [GI4_RECIPE_Data_OP10_PTL_1_Description].value_text=[GUAR.BILANC.PIASTRA SNP3] era [] tagID=[d6291a14f33944dfa23f56376299e43c],DB DEBUG,fid_MachineNextLotStart,null,3
65330,06/05/2026 14:02:14,set TAG = [GI4_RECIPE_Data_OP10_PTL_1_Cell].value_tag=[21] era [0] tagID=[445a0a3d4bb74ef4a33c63abd027367f],DB DEBUG,fid_MachineNextLotStart,null,3
65329,06/05/2026 14:02:14,set TAG = [GI4_RECIPE_Data_QtaOrd].value_tag=[3] era [0] tagID=[651c889b30e34366b6504e28badaf6ad],DB DEBUG,fid_MachineNextLotStart,null,3
65328,06/05/2026 14:02:14,set TAG = [GI4_RECIPE_Data_ScrewProgram].value_tag=[1] era [0] tagID=[d512b9acdfc144c5a79d23a266dcbe3d],DB DEBUG,fid_MachineNextLotStart,null,3
65327,06/05/2026 14:02:14,set TAG = [GI4_RECIPE_Data_PrintType].value_tag=[1] era [0] tagID=[319e60a433a54b1986e7af6ab5b36d6e],DB DEBUG,fid_MachineNextLotStart,null,3
65326,06/05/2026 14:02:14,set TAG = [GI4_RECIPE_Data_PartNumber].value_text=[211.25.046.0A] era [] tagID=[c83d6a238f06459f8a8779a32bb67758],DB DEBUG,fid_MachineNextLotStart,null,3
65325,06/05/2026 14:02:14,set TAG = [GI4_RECIPE_Data_Orientation].value_tag=[1] era [0] tagID=[659d2725213c419598cd5309a512dc6c],DB DEBUG,fid_MachineNextLotStart,null,3
65324,06/05/2026 14:02:14,set TAG = [GI4_RECIPE_Data_MasterModelCode].value_text=[SNO3NN/022LN11DMNNBBBANNNN/NNNNN] era [] tagID=[2295f1d9dbe3459691489299eb02429f],DB DEBUG,fid_MachineNextLotStart,null,3
65323,06/05/2026 14:02:14,RECIPE HAS NO CHANGES; LOT: 919c7429e4f8413b8af4755f3cf76277; RECIPE: 7cdc201d8b9648f9ac77d03ff823d322,DB,fe_LotRecipeRowCheckCreateByRecipe,c05dcd762e4b4b5a99224c48445d7683,0
65322,06/05/2026 14:02:14,i_machine_id=[c05dcd762e4b4b5a99224c48445d7683]v_next_lot_id=[919c7429e4f8413b8af4755f3cf76277]v_recipe_id=[7cdc201d8b9648f9ac77d03ff823d322]v_recipe_version=[1]v_recipe_not_to_send=[0]v_update_to_last_recipe=[1]v_count_forced=[0],DB DEBUG,fid_MachineNextLotStart,null,3
65321,06/05/2026 14:02:14,FINE sp_LotMachineCloseOther machine=[c05dcd762e4b4b5a99224c48445d7683] lot_chiusi=[0],DB DEBUG,sp_LotMachineCloseOther,c05dcd762e4b4b5a99224c48445d7683,3
65320,06/05/2026 14:02:14,INIZIO sp_LotMachineCloseOther machine=[c05dcd762e4b4b5a99224c48445d7683] not_to_close=[919c7429e4f8413b8af4755f3cf76277],DB DEBUG,sp_LotMachineCloseOther,c05dcd762e4b4b5a99224c48445d7683,3
65407,06/05/2026 14:02:19,INIZIO sp_LotMachineCloseOther machine=[c05dcd762e4b4b5a99224c48445d7683] not_to_close=[919c7429e4f8413b8af4755f3cf76277],DB DEBUG,sp_LotMachineCloseOther,c05dcd762e4b4b5a99224c48445d7683,3
65408,06/05/2026 14:02:19,FINE sp_LotMachineCloseOther machine=[c05dcd762e4b4b5a99224c48445d7683] lot_chiusi=[0],DB DEBUG,sp_LotMachineCloseOther,c05dcd762e4b4b5a99224c48445d7683,3
65410,06/05/2026 14:02:20,Cambiato Lotto/ricetta in coda - LotNew=[NULL] era [919c7429e4f8413b8af4755f3cf76277]; RecipeNew=[NULL].[7cdc201d8b9648f9ac77d03ff823d322 era [(NULL)].[1,DB DEBUG,fid_MachineFindSetNextLot,c05dcd762e4b4b5a99224c48445d7683,3
65409,06/05/2026 14:02:20,Elaboro lotti in coda per linea=fc0ef60c8da844d5a531b293ac0b857b,DB DEBUG,fe_LineSetNextLot,fc0ef60c8da844d5a531b293ac0b857b,3
65411,06/05/2026 14:02:20,Cambio Lotto avvenuto con successo - macchina:c05dcd762e4b4b5a99224c48445d7683 lotto:,NODE-RED,NextLotStartDone,c05dcd762e4b4b5a99224c48445d7683,0
65413,06/05/2026 14:03:32,FINE fid_TrackingCreateNewCodLot tracking_id=[0fc80e46ebf543a488f1712d857b27d9] lot_id=[74c044b07a5e4e89bce1b3f2fa6e2591] lot_gia_chiuso=[1],DB DEBUG,fid_TrackingCreateNewCodLot,c05dcd762e4b4b5a99224c48445d7683,3
65412,06/05/2026 14:03:32,INIZIO fid_TrackingCreateNewCodLot machine=[c05dcd762e4b4b5a99224c48445d7683] lot_code=[59959535] detail=[NULL] detail_idx=[NULL],DB DEBUG,fid_TrackingCreateNewCodLot,c05dcd762e4b4b5a99224c48445d7683,3
65415,06/05/2026 14:05:51,FINE fid_TrackingCreateNewCodLot tracking_id=[67b599c73f734531826581415730f73a] lot_id=[74c044b07a5e4e89bce1b3f2fa6e2591] lot_gia_chiuso=[1],DB DEBUG,fid_TrackingCreateNewCodLot,c05dcd762e4b4b5a99224c48445d7683,3
65414,06/05/2026 14:05:51,INIZIO fid_TrackingCreateNewCodLot machine=[c05dcd762e4b4b5a99224c48445d7683] lot_code=[59959535] detail=[NULL] detail_idx=[NULL],DB DEBUG,fid_TrackingCreateNewCodLot,c05dcd762e4b4b5a99224c48445d7683,3
65417,06/05/2026 14:07:45,FINE fid_TrackingCreateNewCodLot tracking_id=[8ed9048bf52144d8833b2467d3b5df98] lot_id=[74c044b07a5e4e89bce1b3f2fa6e2591] lot_gia_chiuso=[1],DB DEBUG,fid_TrackingCreateNewCodLot,c05dcd762e4b4b5a99224c48445d7683,3
65416,06/05/2026 14:07:45,INIZIO fid_TrackingCreateNewCodLot machine=[c05dcd762e4b4b5a99224c48445d7683] lot_code=[59959535] detail=[NULL] detail_idx=[NULL],DB DEBUG,fid_TrackingCreateNewCodLot,c05dcd762e4b4b5a99224c48445d7683,3
65418,06/05/2026 14:10:14,Lotto [59983374}] ricetta [211.25.046.0A-59983374] ver [1] wasLotPresent=1 wasRecipePresent=1 insertedRows=0 updatedRows=0,NODE-RED,CheckCreateLotDone,c05dcd762e4b4b5a99224c48445d7683,0
65419,06/05/2026 14:10:19,INIZIO sp_LotEndOnPlc machine=[c05dcd762e4b4b5a99224c48445d7683] user=[NULL],DB DEBUG,sp_LotEndOnPlc,c05dcd762e4b4b5a99224c48445d7683,3
65420,06/05/2026 14:10:19,INIZIO sp_LotMachineCloseOther machine=[c05dcd762e4b4b5a99224c48445d7683] not_to_close=[ZZZZZZZZZZZZZZZZZZZZZZZZZZZZZZZZZZZZ],DB DEBUG,sp_LotMachineCloseOther,c05dcd762e4b4b5a99224c48445d7683,3
65421,06/05/2026 14:10:19,CHIUDO LOT_MACHINE(lot:919c7429e4f8413b8af4755f3cf76277;machine:c05dcd762e4b4b5a99224c48445d7683),DB DEBUG,sp_LotMachineCloseOther,c05dcd762e4b4b5a99224c48445d7683,3
65422,06/05/2026 14:10:19,FINE sp_LotMachineCloseOther machine=[c05dcd762e4b4b5a99224c48445d7683] lot_chiusi=[1],DB DEBUG,sp_LotMachineCloseOther,c05dcd762e4b4b5a99224c48445d7683,3
65423,06/05/2026 14:10:19,Azzerato lotto attivo e chiusi lot_machine - line=[fc0ef60c8da844d5a531b293ac0b857b],DB DEBUG,sp_LotEndOnPlc,c05dcd762e4b4b5a99224c48445d7683,3
65424,06/05/2026 14:10:19,Elaboro lotti in coda per linea=fc0ef60c8da844d5a531b293ac0b857b,DB DEBUG,fe_LineSetNextLot,fc0ef60c8da844d5a531b293ac0b857b,3
65425,06/05/2026 14:10:19,FINE sp_LotEndOnPlc machine=[c05dcd762e4b4b5a99224c48445d7683],DB DEBUG,sp_LotEndOnPlc,c05dcd762e4b4b5a99224c48445d7683,3
65754,06/05/2026 14:10:55,ROWS CREATED/UPDATED 328; LOT: 833a859a64c74b098a0e8107099593b8; RECIPE: f571c9e6895848a1af481a1681f23ee7,DB,fe_LotRecipeRowCheckCreateByRecipe,c05dcd762e4b4b5a99224c48445d7683,0
65753,06/05/2026 14:10:55,INSERT in LOT_RECIPE_ROW TAG: [GI4_RECIPE_Data_OP10_PTL_14_Description] value: [] (FROM RECIPE_ROW) recipeId: [f571c9e6895848a1af481a1681f23ee7] tagID=[ff5f86aa8935495ebafe9cc8a04f010d] set TAG_NEW=0,DB DEBUG,fe_LotRecipeRowCheckCreateByRecipe,c05dcd762e4b4b5a99224c48445d7683,3
65752,06/05/2026 14:10:55,INSERT in LOT_RECIPE_ROW TAG: [GI4_RECIPE_Data_OP30_PTL_20_CellUnion] value: [0] (FROM RECIPE_ROW) recipeId: [f571c9e6895848a1af481a1681f23ee7] tagID=[fce237bc68594e2eabdc6cb046c16942] set TAG_NEW=0,DB DEBUG,fe_LotRecipeRowCheckCreateByRecipe,c05dcd762e4b4b5a99224c48445d7683,3
65751,06/05/2026 14:10:55,INSERT in LOT_RECIPE_ROW TAG: [GI4_RECIPE_Data_OP30_PTL_13_Description] value: [SPINA COLL. D.8x15 sim. UNI E] (FROM RECIPE_ROW) recipeId: [f571c9e6895848a1af481a1681f23ee7] tagID=[fc7c0d2bb0404817a3b5522808550b35] set TAG_NEW=0,DB DEBUG,fe_LotRecipeRowCheckCreateByRecipe,c05dcd762e4b4b5a99224c48445d7683,3
65750,06/05/2026 14:10:55,INSERT in LOT_RECIPE_ROW TAG: [GI4_RECIPE_Data_OP30_PTL_9_PartNumber] value: [313.0039.1.00] (FROM RECIPE_ROW) recipeId: [f571c9e6895848a1af481a1681f23ee7] tagID=[fc2257a112b54dc2a793c18e6f620bae] set TAG_NEW=0,DB DEBUG,fe_LotRecipeRowCheckCreateByRecipe,c05dcd762e4b4b5a99224c48445d7683,3
65749,06/05/2026 14:10:55,INSERT in LOT_RECIPE_ROW TAG: [GI4_RECIPE_Data_OP30_PTL_18_Qta] value: [0] (FROM RECIPE_ROW) recipeId: [f571c9e6895848a1af481a1681f23ee7] tagID=[fbaa718a6f79489791c6078feeef72b7] set TAG_NEW=0,DB DEBUG,fe_LotRecipeRowCheckCreateByRecipe,c05dcd762e4b4b5a99224c48445d7683,3
65748,06/05/2026 14:10:55,INSERT in LOT_RECIPE_ROW TAG: [GI4_RECIPE_Data_OP10_PTL_31_Cell] value: [0] (FROM RECIPE_ROW) recipeId: [f571c9e6895848a1af481a1681f23ee7] tagID=[fb8d0c02ebab45d2bc0d2c8de4d6a79c] set TAG_NEW=0,DB DEBUG,fe_LotRecipeRowCheckCreateByRecipe,c05dcd762e4b4b5a99224c48445d7683,3
65747,06/05/2026 14:10:55,INSERT in LOT_RECIPE_ROW TAG: [GI4_RECIPE_Data_OP10_PTL_20_Description] value: [] (FROM RECIPE_ROW) recipeId: [f571c9e6895848a1af481a1681f23ee7] tagID=[fa48aff35e18435bad4be161c3272962] set TAG_NEW=0,DB DEBUG,fe_LotRecipeRowCheckCreateByRecipe,c05dcd762e4b4b5a99224c48445d7683,3
65746,06/05/2026 14:10:55,INSERT in LOT_RECIPE_ROW TAG: [GI4_RECIPE_Data_OP10_PTL_29_PartNumber] value: [] (FROM RECIPE_ROW) recipeId: [f571c9e6895848a1af481a1681f23ee7] tagID=[f862b30adadf4701af27264d8f168a33] set TAG_NEW=0,DB DEBUG,fe_LotRecipeRowCheckCreateByRecipe,c05dcd762e4b4b5a99224c48445d7683,3
65745,06/05/2026 14:10:55,INSERT in LOT_RECIPE_ROW TAG: [GI4_RECIPE_Data_OP30_PTL_1_Cell] value: [0] (FROM RECIPE_ROW) recipeId: [f571c9e6895848a1af481a1681f23ee7] tagID=[f7bf91d82ec84d33a1063238fb891ff0] set TAG_NEW=0,DB DEBUG,fe_LotRecipeRowCheckCreateByRecipe,c05dcd762e4b4b5a99224c48445d7683,3
65744,06/05/2026 14:10:55,INSERT in LOT_RECIPE_ROW TAG: [GI4_RECIPE_Data_OP10_PTL_6_PartNumber] value: [5011.31.2215] (FROM RECIPE_ROW) recipeId: [f571c9e6895848a1af481a1681f23ee7] tagID=[f7ab839aa8ad49d8a42784dccb4de06a] set TAG_NEW=0,DB DEBUG,fe_LotRecipeRowCheckCreateByRecipe,c05dcd762e4b4b5a99224c48445d7683,3
65743,06/05/2026 14:10:55,INSERT in LOT_RECIPE_ROW TAG: [GI4_RECIPE_Data_OP10_PTL_26_PartNumber] value: [] (FROM RECIPE_ROW) recipeId: [f571c9e6895848a1af481a1681f23ee7] tagID=[f776a20b0ffa4196ac72dd0cd1592556] set TAG_NEW=0,DB DEBUG,fe_LotRecipeRowCheckCreateByRecipe,c05dcd762e4b4b5a99224c48445d7683,3
65742,06/05/2026 14:10:55,INSERT in LOT_RECIPE_ROW TAG: [GI4_RECIPE_Data_OP10_PTL_26_Qta] value: [0] (FROM RECIPE_ROW) recipeId: [f571c9e6895848a1af481a1681f23ee7] tagID=[f75b5630895645378efe2bc6b6c0414b] set TAG_NEW=0,DB DEBUG,fe_LotRecipeRowCheckCreateByRecipe,c05dcd762e4b4b5a99224c48445d7683,3
65741,06/05/2026 14:10:55,INSERT in LOT_RECIPE_ROW TAG: [GI4_RECIPE_Data_OP10_PTL_26_Description] value: [] (FROM RECIPE_ROW) recipeId: [f571c9e6895848a1af481a1681f23ee7] tagID=[f69107804d514517aedb88aed8771094] set TAG_NEW=0,DB DEBUG,fe_LotRecipeRowCheckCreateByRecipe,c05dcd762e4b4b5a99224c48445d7683,3
65740,06/05/2026 14:10:55,INSERT in LOT_RECIPE_ROW TAG: [GI4_RECIPE_Data_OP10_PTL_32_CellUnion] value: [0] (FROM RECIPE_ROW) recipeId: [f571c9e6895848a1af481a1681f23ee7] tagID=[f63566928b984caca3d9e3cd128949aa] set TAG_NEW=0,DB DEBUG,fe_LotRecipeRowCheckCreateByRecipe,c05dcd762e4b4b5a99224c48445d7683,3
65739,06/05/2026 14:10:55,INSERT in LOT_RECIPE_ROW TAG: [GI4_RECIPE_Data_OP30_PTL_3_Qta] value: [25] (FROM RECIPE_ROW) recipeId: [f571c9e6895848a1af481a1681f23ee7] tagID=[f5092d456a0f4d6ba72d15f5021c30ef] set TAG_NEW=0,DB DEBUG,fe_LotRecipeRowCheckCreateByRecipe,c05dcd762e4b4b5a99224c48445d7683,3
65738,06/05/2026 14:10:55,INSERT in LOT_RECIPE_ROW TAG: [GI4_RECIPE_Data_OP10_PTL_26_CellUnion] value: [0] (FROM RECIPE_ROW) recipeId: [f571c9e6895848a1af481a1681f23ee7] tagID=[f4f9c7bc80fd4159a647f1e0df6999c4] set TAG_NEW=0,DB DEBUG,fe_LotRecipeRowCheckCreateByRecipe,c05dcd762e4b4b5a99224c48445d7683,3
65737,06/05/2026 14:10:55,INSERT in LOT_RECIPE_ROW TAG: [GI4_RECIPE_Data_OP10_PTL_13_CellUnion] value: [0] (FROM RECIPE_ROW) recipeId: [f571c9e6895848a1af481a1681f23ee7] tagID=[f3e3235d2d9a43498727f0d3bb6d5813] set TAG_NEW=0,DB DEBUG,fe_LotRecipeRowCheckCreateByRecipe,c05dcd762e4b4b5a99224c48445d7683,3
65736,06/05/2026 14:10:55,INSERT in LOT_RECIPE_ROW TAG: [GI4_RECIPE_Data_OP10_PTL_32_PartNumber] value: [] (FROM RECIPE_ROW) recipeId: [f571c9e6895848a1af481a1681f23ee7] tagID=[f3b7aa068e2046828472c6595f30f660] set TAG_NEW=0,DB DEBUG,fe_LotRecipeRowCheckCreateByRecipe,c05dcd762e4b4b5a99224c48445d7683,3
65735,06/05/2026 14:10:55,INSERT in LOT_RECIPE_ROW TAG: [GI4_RECIPE_Data_OP10_PTL_8_Description] value: [] (FROM RECIPE_ROW) recipeId: [f571c9e6895848a1af481a1681f23ee7] tagID=[f30a2cf393c54c92ad6ec87a9e19aaf9] set TAG_NEW=0,DB DEBUG,fe_LotRecipeRowCheckCreateByRecipe,c05dcd762e4b4b5a99224c48445d7683,3
65734,06/05/2026 14:10:55,INSERT in LOT_RECIPE_ROW TAG: [GI4_RECIPE_Data_OP10_PTL_28_CellUnion] value: [0] (FROM RECIPE_ROW) recipeId: [f571c9e6895848a1af481a1681f23ee7] tagID=[f2416656c6b64e1a8857ca7db5455647] set TAG_NEW=0,DB DEBUG,fe_LotRecipeRowCheckCreateByRecipe,c05dcd762e4b4b5a99224c48445d7683,3
65733,06/05/2026 14:10:55,INSERT in LOT_RECIPE_ROW TAG: [GI4_RECIPE_Data_OP30_PTL_21_CellUnion] value: [0] (FROM RECIPE_ROW) recipeId: [f571c9e6895848a1af481a1681f23ee7] tagID=[f217397b0b5d4df680453eaa9e1e66c2] set TAG_NEW=0,DB DEBUG,fe_LotRecipeRowCheckCreateByRecipe,c05dcd762e4b4b5a99224c48445d7683,3
65732,06/05/2026 14:10:55,INSERT in LOT_RECIPE_ROW TAG: [GI4_RECIPE_Data_QtaDone] value: [0] (FROM RECIPE_ROW) recipeId: [f571c9e6895848a1af481a1681f23ee7] tagID=[f190a4c4537840aea6df363fd513026a] set TAG_NEW=0,DB DEBUG,fe_LotRecipeRowCheckCreateByRecipe,c05dcd762e4b4b5a99224c48445d7683,3
65731,06/05/2026 14:10:55,INSERT in LOT_RECIPE_ROW TAG: [GI4_RECIPE_Data_OP30_PTL_23_Description] value: [] (FROM RECIPE_ROW) recipeId: [f571c9e6895848a1af481a1681f23ee7] tagID=[f05cf5b190ad44a4aa74be67b4f47a4e] set TAG_NEW=0,DB DEBUG,fe_LotRecipeRowCheckCreateByRecipe,c05dcd762e4b4b5a99224c48445d7683,3
65730,06/05/2026 14:10:55,INSERT in LOT_RECIPE_ROW TAG: [GI4_RECIPE_Data_OP10_PTL_14_Cell] value: [0] (FROM RECIPE_ROW) recipeId: [f571c9e6895848a1af481a1681f23ee7] tagID=[ef973a2153a9457f819f04821531200a] set TAG_NEW=0,DB DEBUG,fe_LotRecipeRowCheckCreateByRecipe,c05dcd762e4b4b5a99224c48445d7683,3
65729,06/05/2026 14:10:55,INSERT in LOT_RECIPE_ROW TAG: [GI4_RECIPE_Data_OP30_PTL_28_CellUnion] value: [0] (FROM RECIPE_ROW) recipeId: [f571c9e6895848a1af481a1681f23ee7] tagID=[edad4e2a28f54d41ad667d29dcbad1cc] set TAG_NEW=0,DB DEBUG,fe_LotRecipeRowCheckCreateByRecipe,c05dcd762e4b4b5a99224c48445d7683,3
65728,06/05/2026 14:10:55,INSERT in LOT_RECIPE_ROW TAG: [GI4_RECIPE_Data_OP10_PTL_3_Description] value: [GUAR.DI CONT. BOCC.SNP3] (FROM RECIPE_ROW) recipeId: [f571c9e6895848a1af481a1681f23ee7] tagID=[ed4ebb4df0674166b847678c553a27d8] set TAG_NEW=0,DB DEBUG,fe_LotRecipeRowCheckCreateByRecipe,c05dcd762e4b4b5a99224c48445d7683,3
65727,06/05/2026 14:10:55,INSERT in LOT_RECIPE_ROW TAG: [GI4_RECIPE_Data_OP10_PTL_23_Description] value: [] (FROM RECIPE_ROW) recipeId: [f571c9e6895848a1af481a1681f23ee7] tagID=[ed37b1d14e694e758a7f79cafc355cf4] set TAG_NEW=0,DB DEBUG,fe_LotRecipeRowCheckCreateByRecipe,c05dcd762e4b4b5a99224c48445d7683,3
65726,06/05/2026 14:10:55,INSERT in LOT_RECIPE_ROW TAG: [GI4_RECIPE_Data_OP30_PTL_17_Qta] value: [0] (FROM RECIPE_ROW) recipeId: [f571c9e6895848a1af481a1681f23ee7] tagID=[ed0f4ff5e80b483abd0c4e253163a0d0] set TAG_NEW=0,DB DEBUG,fe_LotRecipeRowCheckCreateByRecipe,c05dcd762e4b4b5a99224c48445d7683,3
65725,06/05/2026 14:10:55,INSERT in LOT_RECIPE_ROW TAG: [GI4_RECIPE_Data_OP30_PTL_29_CellUnion] value: [0] (FROM RECIPE_ROW) recipeId: [f571c9e6895848a1af481a1681f23ee7] tagID=[eb3f3c74f10049cb84bd30a9ebfe909f] set TAG_NEW=0,DB DEBUG,fe_LotRecipeRowCheckCreateByRecipe,c05dcd762e4b4b5a99224c48445d7683,3
65724,06/05/2026 14:10:55,INSERT in LOT_RECIPE_ROW TAG: [GI4_RECIPE_Data_OP10_PTL_25_Description] value: [] (FROM RECIPE_ROW) recipeId: [f571c9e6895848a1af481a1681f23ee7] tagID=[eb1be58597a84e53bec0e1de8479f201] set TAG_NEW=0,DB DEBUG,fe_LotRecipeRowCheckCreateByRecipe,c05dcd762e4b4b5a99224c48445d7683,3
65723,06/05/2026 14:10:55,INSERT in LOT_RECIPE_ROW TAG: [GI4_RECIPE_Data_OP10_PTL_17_Cell] value: [0] (FROM RECIPE_ROW) recipeId: [f571c9e6895848a1af481a1681f23ee7] tagID=[eae39ac2a01746088c87bc2efe8043ce] set TAG_NEW=0,DB DEBUG,fe_LotRecipeRowCheckCreateByRecipe,c05dcd762e4b4b5a99224c48445d7683,3
65722,06/05/2026 14:10:55,INSERT in LOT_RECIPE_ROW TAG: [GI4_RECIPE_Data_OP10_PTL_24_PartNumber] value: [] (FROM RECIPE_ROW) recipeId: [f571c9e6895848a1af481a1681f23ee7] tagID=[ea551020792c43dfa88a235f4fe51bcf] set TAG_NEW=0,DB DEBUG,fe_LotRecipeRowCheckCreateByRecipe,c05dcd762e4b4b5a99224c48445d7683,3
65721,06/05/2026 14:10:55,INSERT in LOT_RECIPE_ROW TAG: [GI4_RECIPE_Data_OP30_PTL_25_Qta] value: [0] (FROM RECIPE_ROW) recipeId: [f571c9e6895848a1af481a1681f23ee7] tagID=[ea0cd52f94d0490b8c3a6dd3b39af23d] set TAG_NEW=0,DB DEBUG,fe_LotRecipeRowCheckCreateByRecipe,c05dcd762e4b4b5a99224c48445d7683,3
65720,06/05/2026 14:10:55,INSERT in LOT_RECIPE_ROW TAG: [GI4_RECIPE_Data_OP10_PTL_23_Cell] value: [0] (FROM RECIPE_ROW) recipeId: [f571c9e6895848a1af481a1681f23ee7] tagID=[e8258d79246e48ee99ea01457b4c60ff] set TAG_NEW=0,DB DEBUG,fe_LotRecipeRowCheckCreateByRecipe,c05dcd762e4b4b5a99224c48445d7683,3
65719,06/05/2026 14:10:55,INSERT in LOT_RECIPE_ROW TAG: [GI4_RECIPE_Data_OP30_PTL_5_Description] value: [TAPPO PER FORO DIAM. 20] (FROM RECIPE_ROW) recipeId: [f571c9e6895848a1af481a1681f23ee7] tagID=[e53c254a4d5645ba96ad637a909db04d] set TAG_NEW=0,DB DEBUG,fe_LotRecipeRowCheckCreateByRecipe,c05dcd762e4b4b5a99224c48445d7683,3
65718,06/05/2026 14:10:55,INSERT in LOT_RECIPE_ROW TAG: [GI4_RECIPE_Data_OP10_PTL_5_CellUnion] value: [0] (FROM RECIPE_ROW) recipeId: [f571c9e6895848a1af481a1681f23ee7] tagID=[e36cb249a51144fcab3b255cd363eb04] set TAG_NEW=0,DB DEBUG,fe_LotRecipeRowCheckCreateByRecipe,c05dcd762e4b4b5a99224c48445d7683,3
65717,06/05/2026 14:10:55,INSERT in LOT_RECIPE_ROW TAG: [GI4_RECIPE_Data_OP10_PTL_21_Cell] value: [0] (FROM RECIPE_ROW) recipeId: [f571c9e6895848a1af481a1681f23ee7] tagID=[e306e5db0b134cbfbb4d284cc8112e52] set TAG_NEW=0,DB DEBUG,fe_LotRecipeRowCheckCreateByRecipe,c05dcd762e4b4b5a99224c48445d7683,3
65716,06/05/2026 14:10:55,INSERT in LOT_RECIPE_ROW TAG: [GI4_RECIPE_Data_OP30_PTL_26_Description] value: [] (FROM RECIPE_ROW) recipeId: [f571c9e6895848a1af481a1681f23ee7] tagID=[e2c718d710ce489dbf803fba340ebaab] set TAG_NEW=0,DB DEBUG,fe_LotRecipeRowCheckCreateByRecipe,c05dcd762e4b4b5a99224c48445d7683,3
65715,06/05/2026 14:10:55,INSERT in LOT_RECIPE_ROW TAG: [GI4_RECIPE_Data_OP30_PTL_12_Qta] value: [12] (FROM RECIPE_ROW) recipeId: [f571c9e6895848a1af481a1681f23ee7] tagID=[e272e191e59948aeb7ea87968fe68743] set TAG_NEW=0,DB DEBUG,fe_LotRecipeRowCheckCreateByRecipe,c05dcd762e4b4b5a99224c48445d7683,3
65714,06/05/2026 14:10:55,INSERT in LOT_RECIPE_ROW TAG: [GI4_RECIPE_Data_OP10_PTL_1_CellUnion] value: [0] (FROM RECIPE_ROW) recipeId: [f571c9e6895848a1af481a1681f23ee7] tagID=[e1dd704bed0c4c08ad13ea939bcc6975] set TAG_NEW=0,DB DEBUG,fe_LotRecipeRowCheckCreateByRecipe,c05dcd762e4b4b5a99224c48445d7683,3
65713,06/05/2026 14:10:55,INSERT in LOT_RECIPE_ROW TAG: [GI4_RECIPE_Data_OP30_PTL_15_CellUnion] value: [0] (FROM RECIPE_ROW) recipeId: [f571c9e6895848a1af481a1681f23ee7] tagID=[e13820d1064248a4b2b45a7155a439a0] set TAG_NEW=0,DB DEBUG,fe_LotRecipeRowCheckCreateByRecipe,c05dcd762e4b4b5a99224c48445d7683,3
65712,06/05/2026 14:10:55,INSERT in LOT_RECIPE_ROW TAG: [GI4_RECIPE_Data_OP10_PTL_19_Cell] value: [0] (FROM RECIPE_ROW) recipeId: [f571c9e6895848a1af481a1681f23ee7] tagID=[e02f1c7cc4bf4a7aa41fde139a74426e] set TAG_NEW=0,DB DEBUG,fe_LotRecipeRowCheckCreateByRecipe,c05dcd762e4b4b5a99224c48445d7683,3
65711,06/05/2026 14:10:55,INSERT in LOT_RECIPE_ROW TAG: [GI4_RECIPE_Data_OP30_PTL_7_PartNumber] value: [5009.01.0034] (FROM RECIPE_ROW) recipeId: [f571c9e6895848a1af481a1681f23ee7] tagID=[dfbda0b35a5c49b8819953f342e53512] set TAG_NEW=0,DB DEBUG,fe_LotRecipeRowCheckCreateByRecipe,c05dcd762e4b4b5a99224c48445d7683,3
65710,06/05/2026 14:10:55,INSERT in LOT_RECIPE_ROW TAG: [GI4_RECIPE_Data_OP10_PTL_21_PartNumber] value: [] (FROM RECIPE_ROW) recipeId: [f571c9e6895848a1af481a1681f23ee7] tagID=[ddde32e8bc294db885e8931257aace8c] set TAG_NEW=0,DB DEBUG,fe_LotRecipeRowCheckCreateByRecipe,c05dcd762e4b4b5a99224c48445d7683,3
65709,06/05/2026 14:10:55,INSERT in LOT_RECIPE_ROW TAG: [GI4_RECIPE_Data_OP30_PTL_25_PartNumber] value: [] (FROM RECIPE_ROW) recipeId: [f571c9e6895848a1af481a1681f23ee7] tagID=[dd870214849b4005b0ff08e88a4f2cdb] set TAG_NEW=0,DB DEBUG,fe_LotRecipeRowCheckCreateByRecipe,c05dcd762e4b4b5a99224c48445d7683,3
65708,06/05/2026 14:10:55,INSERT in LOT_RECIPE_ROW TAG: [GI4_RECIPE_Data_OP30_PTL_17_PartNumber] value: [] (FROM RECIPE_ROW) recipeId: [f571c9e6895848a1af481a1681f23ee7] tagID=[dc6d34d72e764dc39923d42256ea925e] set TAG_NEW=0,DB DEBUG,fe_LotRecipeRowCheckCreateByRecipe,c05dcd762e4b4b5a99224c48445d7683,3
65707,06/05/2026 14:10:55,INSERT in LOT_RECIPE_ROW TAG: [GI4_RECIPE_Data_OP30_PTL_31_Qta] value: [0] (FROM RECIPE_ROW) recipeId: [f571c9e6895848a1af481a1681f23ee7] tagID=[db61411464a54b4d95d9485a139665b8] set TAG_NEW=0,DB DEBUG,fe_LotRecipeRowCheckCreateByRecipe,c05dcd762e4b4b5a99224c48445d7683,3
65706,06/05/2026 14:10:55,INSERT in LOT_RECIPE_ROW TAG: [GI4_RECIPE_Data_OP10_PTL_7_Cell] value: [13] (FROM RECIPE_ROW) recipeId: [f571c9e6895848a1af481a1681f23ee7] tagID=[db50e99aa2c24f838f434a2528b515a5] set TAG_NEW=0,DB DEBUG,fe_LotRecipeRowCheckCreateByRecipe,c05dcd762e4b4b5a99224c48445d7683,3
65705,06/05/2026 14:10:55,INSERT in LOT_RECIPE_ROW TAG: [GI4_RECIPE_Data_OP10_PTL_32_Description] value: [] (FROM RECIPE_ROW) recipeId: [f571c9e6895848a1af481a1681f23ee7] tagID=[db26141f0c364bf58cbb64cb2ffbb1b7] set TAG_NEW=0,DB DEBUG,fe_LotRecipeRowCheckCreateByRecipe,c05dcd762e4b4b5a99224c48445d7683,3
65704,06/05/2026 14:10:55,INSERT in LOT_RECIPE_ROW TAG: [GI4_RECIPE_Data_OP30_PTL_4_PartNumber] value: [315.0017.0.00] (FROM RECIPE_ROW) recipeId: [f571c9e6895848a1af481a1681f23ee7] tagID=[db25e4537dce4403bb74d9bd31294088] set TAG_NEW=0,DB DEBUG,fe_LotRecipeRowCheckCreateByRecipe,c05dcd762e4b4b5a99224c48445d7683,3
65703,06/05/2026 14:10:55,INSERT in LOT_RECIPE_ROW TAG: [GI4_RECIPE_Data_OP10_PTL_18_Qta] value: [0] (FROM RECIPE_ROW) recipeId: [f571c9e6895848a1af481a1681f23ee7] tagID=[da9bdbf7d2d8445dbc0074564ae9e5d2] set TAG_NEW=0,DB DEBUG,fe_LotRecipeRowCheckCreateByRecipe,c05dcd762e4b4b5a99224c48445d7683,3
65702,06/05/2026 14:10:55,INSERT in LOT_RECIPE_ROW TAG: [GI4_RECIPE_Data_OP30_PTL_21_PartNumber] value: [] (FROM RECIPE_ROW) recipeId: [f571c9e6895848a1af481a1681f23ee7] tagID=[d9503fc762da49519d6310f41e4542a7] set TAG_NEW=0,DB DEBUG,fe_LotRecipeRowCheckCreateByRecipe,c05dcd762e4b4b5a99224c48445d7683,3
65701,06/05/2026 14:10:55,INSERT in LOT_RECIPE_ROW TAG: [GI4_RECIPE_Data_OP30_PTL_26_Cell] value: [0] (FROM RECIPE_ROW) recipeId: [f571c9e6895848a1af481a1681f23ee7] tagID=[d8cbe6e09d32402d928fc658dc0fd7af] set TAG_NEW=0,DB DEBUG,fe_LotRecipeRowCheckCreateByRecipe,c05dcd762e4b4b5a99224c48445d7683,3
65700,06/05/2026 14:10:55,INSERT in LOT_RECIPE_ROW TAG: [GI4_RECIPE_Data_OP10_PTL_9_Description] value: [] (FROM RECIPE_ROW) recipeId: [f571c9e6895848a1af481a1681f23ee7] tagID=[d8a1593280024ca8bcb63d18648172c0] set TAG_NEW=0,DB DEBUG,fe_LotRecipeRowCheckCreateByRecipe,c05dcd762e4b4b5a99224c48445d7683,3
65699,06/05/2026 14:10:55,INSERT in LOT_RECIPE_ROW TAG: [GI4_RECIPE_Data_OP30_PTL_6_Qta] value: [25] (FROM RECIPE_ROW) recipeId: [f571c9e6895848a1af481a1681f23ee7] tagID=[d8586c93e6cf42cf8b806d67a901041c] set TAG_NEW=0,DB DEBUG,fe_LotRecipeRowCheckCreateByRecipe,c05dcd762e4b4b5a99224c48445d7683,3
65698,06/05/2026 14:10:55,INSERT in LOT_RECIPE_ROW TAG: [GI4_RECIPE_Data_OP30_PTL_4_Cell] value: [0] (FROM RECIPE_ROW) recipeId: [f571c9e6895848a1af481a1681f23ee7] tagID=[d82e322e3913451fbedf33e5d18a7ec3] set TAG_NEW=0,DB DEBUG,fe_LotRecipeRowCheckCreateByRecipe,c05dcd762e4b4b5a99224c48445d7683,3
65697,06/05/2026 14:10:55,INSERT in LOT_RECIPE_ROW TAG: [GI4_RECIPE_Data_OP10_PTL_5_Cell] value: [27] (FROM RECIPE_ROW) recipeId: [f571c9e6895848a1af481a1681f23ee7] tagID=[d666969d2ef44fd2ae1aba775b049a59] set TAG_NEW=0,DB DEBUG,fe_LotRecipeRowCheckCreateByRecipe,c05dcd762e4b4b5a99224c48445d7683,3
65696,06/05/2026 14:10:55,INSERT in LOT_RECIPE_ROW TAG: [GI4_RECIPE_Data_OP30_PTL_1_Qta] value: [25] (FROM RECIPE_ROW) recipeId: [f571c9e6895848a1af481a1681f23ee7] tagID=[d65957a68f104b35b957c4a45caf82c7] set TAG_NEW=0,DB DEBUG,fe_LotRecipeRowCheckCreateByRecipe,c05dcd762e4b4b5a99224c48445d7683,3
65695,06/05/2026 14:10:55,INSERT in LOT_RECIPE_ROW TAG: [GI4_RECIPE_Data_OP10_PTL_1_Description] value: [GUAR.BILANC.PIASTRA SNP3] (FROM RECIPE_ROW) recipeId: [f571c9e6895848a1af481a1681f23ee7] tagID=[d6291a14f33944dfa23f56376299e43c] set TAG_NEW=0,DB DEBUG,fe_LotRecipeRowCheckCreateByRecipe,c05dcd762e4b4b5a99224c48445d7683,3
65694,06/05/2026 14:10:55,INSERT in LOT_RECIPE_ROW TAG: [GI4_RECIPE_Data_ScrewProgram] value: [1] (FROM RECIPE_ROW) recipeId: [f571c9e6895848a1af481a1681f23ee7] tagID=[d512b9acdfc144c5a79d23a266dcbe3d] set TAG_NEW=0,DB DEBUG,fe_LotRecipeRowCheckCreateByRecipe,c05dcd762e4b4b5a99224c48445d7683,3
65693,06/05/2026 14:10:55,INSERT in LOT_RECIPE_ROW TAG: [GI4_RECIPE_Data_OP30_PTL_22_CellUnion] value: [0] (FROM RECIPE_ROW) recipeId: [f571c9e6895848a1af481a1681f23ee7] tagID=[d4e0ceda11944ed7b53cc2a99755b63e] set TAG_NEW=0,DB DEBUG,fe_LotRecipeRowCheckCreateByRecipe,c05dcd762e4b4b5a99224c48445d7683,3
65692,06/05/2026 14:10:55,INSERT in LOT_RECIPE_ROW TAG: [GI4_RECIPE_Data_OP30_PTL_16_Description] value: [] (FROM RECIPE_ROW) recipeId: [f571c9e6895848a1af481a1681f23ee7] tagID=[d4dd1b0e36854cb0b97ca5a2083a5e97] set TAG_NEW=0,DB DEBUG,fe_LotRecipeRowCheckCreateByRecipe,c05dcd762e4b4b5a99224c48445d7683,3
65691,06/05/2026 14:10:55,INSERT in LOT_RECIPE_ROW TAG: [GI4_RECIPE_Data_OP30_PTL_27_CellUnion] value: [0] (FROM RECIPE_ROW) recipeId: [f571c9e6895848a1af481a1681f23ee7] tagID=[d4777004cf6048599c737b7fe2ffa0ef] set TAG_NEW=0,DB DEBUG,fe_LotRecipeRowCheckCreateByRecipe,c05dcd762e4b4b5a99224c48445d7683,3
65690,06/05/2026 14:10:55,INSERT in LOT_RECIPE_ROW TAG: [GI4_RECIPE_Data_OP30_PTL_23_Cell] value: [0] (FROM RECIPE_ROW) recipeId: [f571c9e6895848a1af481a1681f23ee7] tagID=[d400b964d19e4cce8117ab1651d779af] set TAG_NEW=0,DB DEBUG,fe_LotRecipeRowCheckCreateByRecipe,c05dcd762e4b4b5a99224c48445d7683,3
65689,06/05/2026 14:10:55,INSERT in LOT_RECIPE_ROW TAG: [GI4_RECIPE_Data_OP30_PTL_5_PartNumber] value: [5009.01.0004] (FROM RECIPE_ROW) recipeId: [f571c9e6895848a1af481a1681f23ee7] tagID=[d3ef201d06a94d69bb216c88bf4a33ea] set TAG_NEW=0,DB DEBUG,fe_LotRecipeRowCheckCreateByRecipe,c05dcd762e4b4b5a99224c48445d7683,3
65688,06/05/2026 14:10:55,INSERT in LOT_RECIPE_ROW TAG: [GI4_RECIPE_Data_OP10_PTL_7_Qta] value: [12] (FROM RECIPE_ROW) recipeId: [f571c9e6895848a1af481a1681f23ee7] tagID=[d25c3d47b2b94538ba9fac551fd3af4b] set TAG_NEW=0,DB DEBUG,fe_LotRecipeRowCheckCreateByRecipe,c05dcd762e4b4b5a99224c48445d7683,3
65687,06/05/2026 14:10:55,INSERT in LOT_RECIPE_ROW TAG: [GI4_RECIPE_Data_OP30_PTL_19_Qta] value: [0] (FROM RECIPE_ROW) recipeId: [f571c9e6895848a1af481a1681f23ee7] tagID=[d20b05552f07497ebda26ccb177f2dbc] set TAG_NEW=0,DB DEBUG,fe_LotRecipeRowCheckCreateByRecipe,c05dcd762e4b4b5a99224c48445d7683,3
65686,06/05/2026 14:10:55,INSERT in LOT_RECIPE_ROW TAG: [GI4_RECIPE_Data_OP30_PTL_18_Cell] value: [0] (FROM RECIPE_ROW) recipeId: [f571c9e6895848a1af481a1681f23ee7] tagID=[d1fb08f8dfe8459ca943cb806aafa3d7] set TAG_NEW=0,DB DEBUG,fe_LotRecipeRowCheckCreateByRecipe,c05dcd762e4b4b5a99224c48445d7683,3
65685,06/05/2026 14:10:55,INSERT in LOT_RECIPE_ROW TAG: [GI4_RECIPE_Data_OP30_PTL_16_Cell] value: [0] (FROM RECIPE_ROW) recipeId: [f571c9e6895848a1af481a1681f23ee7] tagID=[d123070cd4a345bc89bf30fe22794bc1] set TAG_NEW=0,DB DEBUG,fe_LotRecipeRowCheckCreateByRecipe,c05dcd762e4b4b5a99224c48445d7683,3
65684,06/05/2026 14:10:55,INSERT in LOT_RECIPE_ROW TAG: [GI4_RECIPE_Data_OP10_PTL_11_Description] value: [] (FROM RECIPE_ROW) recipeId: [f571c9e6895848a1af481a1681f23ee7] tagID=[cf808fdffd77430f9cf3082bfd2699df] set TAG_NEW=0,DB DEBUG,fe_LotRecipeRowCheckCreateByRecipe,c05dcd762e4b4b5a99224c48445d7683,3
65683,06/05/2026 14:10:55,INSERT in LOT_RECIPE_ROW TAG: [GI4_RECIPE_Data_OP10_PTL_11_Qta] value: [0] (FROM RECIPE_ROW) recipeId: [f571c9e6895848a1af481a1681f23ee7] tagID=[cc8c0e89be2048d186990555b1a44840] set TAG_NEW=0,DB DEBUG,fe_LotRecipeRowCheckCreateByRecipe,c05dcd762e4b4b5a99224c48445d7683,3
65682,06/05/2026 14:10:55,INSERT in LOT_RECIPE_ROW TAG: [GI4_RECIPE_Data_OP30_PTL_22_Description] value: [] (FROM RECIPE_ROW) recipeId: [f571c9e6895848a1af481a1681f23ee7] tagID=[cc597808527b4b459e0846ffb02480e1] set TAG_NEW=0,DB DEBUG,fe_LotRecipeRowCheckCreateByRecipe,c05dcd762e4b4b5a99224c48445d7683,3
65681,06/05/2026 14:10:55,INSERT in LOT_RECIPE_ROW TAG: [GI4_RECIPE_Data_OP10_PTL_9_PartNumber] value: [] (FROM RECIPE_ROW) recipeId: [f571c9e6895848a1af481a1681f23ee7] tagID=[cbb7678eb3b54ba8a956d341db4ff661] set TAG_NEW=0,DB DEBUG,fe_LotRecipeRowCheckCreateByRecipe,c05dcd762e4b4b5a99224c48445d7683,3
65680,06/05/2026 14:10:55,INSERT in LOT_RECIPE_ROW TAG: [GI4_RECIPE_Data_OP10_PTL_26_Cell] value: [0] (FROM RECIPE_ROW) recipeId: [f571c9e6895848a1af481a1681f23ee7] tagID=[cac61cb92d4b40bc984efe67651d8e4e] set TAG_NEW=0,DB DEBUG,fe_LotRecipeRowCheckCreateByRecipe,c05dcd762e4b4b5a99224c48445d7683,3
65679,06/05/2026 14:10:55,INSERT in LOT_RECIPE_ROW TAG: [GI4_RECIPE_Data_OP30_PTL_27_Qta] value: [0] (FROM RECIPE_ROW) recipeId: [f571c9e6895848a1af481a1681f23ee7] tagID=[c942d48f7ee4443ba82f2c656dd30ec2] set TAG_NEW=0,DB DEBUG,fe_LotRecipeRowCheckCreateByRecipe,c05dcd762e4b4b5a99224c48445d7683,3
65678,06/05/2026 14:10:55,INSERT in LOT_RECIPE_ROW TAG: [GI4_RECIPE_Data_PartNumber] value: [11278381] (FROM RECIPE_ROW) recipeId: [f571c9e6895848a1af481a1681f23ee7] tagID=[c83d6a238f06459f8a8779a32bb67758] set TAG_NEW=0,DB DEBUG,fe_LotRecipeRowCheckCreateByRecipe,c05dcd762e4b4b5a99224c48445d7683,3
65677,06/05/2026 14:10:55,INSERT in LOT_RECIPE_ROW TAG: [GI4_RECIPE_Data_OP30_PTL_22_PartNumber] value: [] (FROM RECIPE_ROW) recipeId: [f571c9e6895848a1af481a1681f23ee7] tagID=[c76153368d324d41a1253e0e03e0e7d8] set TAG_NEW=0,DB DEBUG,fe_LotRecipeRowCheckCreateByRecipe,c05dcd762e4b4b5a99224c48445d7683,3
65676,06/05/2026 14:10:55,INSERT in LOT_RECIPE_ROW TAG: [GI4_RECIPE_Data_OP10_PTL_4_PartNumber] value: [MEZZO CORPO] (FROM RECIPE_ROW) recipeId: [f571c9e6895848a1af481a1681f23ee7] tagID=[c72ce596a083481fba045f168c9a6b39] set TAG_NEW=0,DB DEBUG,fe_LotRecipeRowCheckCreateByRecipe,c05dcd762e4b4b5a99224c48445d7683,3
65675,06/05/2026 14:10:55,INSERT in LOT_RECIPE_ROW TAG: [GI4_RECIPE_Data_OP10_PTL_30_Description] value: [] (FROM RECIPE_ROW) recipeId: [f571c9e6895848a1af481a1681f23ee7] tagID=[c56e92e2122a41b89779605bc0cf4fe5] set TAG_NEW=0,DB DEBUG,fe_LotRecipeRowCheckCreateByRecipe,c05dcd762e4b4b5a99224c48445d7683,3
65674,06/05/2026 14:10:55,INSERT in LOT_RECIPE_ROW TAG: [GI4_RECIPE_Data_OP10_PTL_16_Qta] value: [0] (FROM RECIPE_ROW) recipeId: [f571c9e6895848a1af481a1681f23ee7] tagID=[c4e63e6a207546dd9a0d7a51fd7a8467] set TAG_NEW=0,DB DEBUG,fe_LotRecipeRowCheckCreateByRecipe,c05dcd762e4b4b5a99224c48445d7683,3
65673,06/05/2026 14:10:55,INSERT in LOT_RECIPE_ROW TAG: [GI4_RECIPE_Data_OP10_PTL_4_CellUnion] value: [0] (FROM RECIPE_ROW) recipeId: [f571c9e6895848a1af481a1681f23ee7] tagID=[c3baf9c71d13472fa6cdaaca86f9002f] set TAG_NEW=0,DB DEBUG,fe_LotRecipeRowCheckCreateByRecipe,c05dcd762e4b4b5a99224c48445d7683,3
65672,06/05/2026 14:10:55,INSERT in LOT_RECIPE_ROW TAG: [GI4_RECIPE_Data_OP30_PTL_32_Description] value: [] (FROM RECIPE_ROW) recipeId: [f571c9e6895848a1af481a1681f23ee7] tagID=[c2b389e7b0dd4fa2bddfb6faa78caa2b] set TAG_NEW=0,DB DEBUG,fe_LotRecipeRowCheckCreateByRecipe,c05dcd762e4b4b5a99224c48445d7683,3
65671,06/05/2026 14:10:55,INSERT in LOT_RECIPE_ROW TAG: [GI4_RECIPE_Data_OP30_PTL_18_PartNumber] value: [] (FROM RECIPE_ROW) recipeId: [f571c9e6895848a1af481a1681f23ee7] tagID=[c26f43793c1d47c59d1e85e4b3346a7d] set TAG_NEW=0,DB DEBUG,fe_LotRecipeRowCheckCreateByRecipe,c05dcd762e4b4b5a99224c48445d7683,3
65670,06/05/2026 14:10:55,INSERT in LOT_RECIPE_ROW TAG: [GI4_RECIPE_Data_OP10_PTL_29_Description] value: [] (FROM RECIPE_ROW) recipeId: [f571c9e6895848a1af481a1681f23ee7] tagID=[c1af14d7f1ab4b289e63457352547ec8] set TAG_NEW=0,DB DEBUG,fe_LotRecipeRowCheckCreateByRecipe,c05dcd762e4b4b5a99224c48445d7683,3
65669,06/05/2026 14:10:55,INSERT in LOT_RECIPE_ROW TAG: [GI4_RECIPE_Data_OP10_PTL_20_PartNumber] value: [] (FROM RECIPE_ROW) recipeId: [f571c9e6895848a1af481a1681f23ee7] tagID=[c12fb192e4684af1a0076e569693b60a] set TAG_NEW=0,DB DEBUG,fe_LotRecipeRowCheckCreateByRecipe,c05dcd762e4b4b5a99224c48445d7683,3
65668,06/05/2026 14:10:55,INSERT in LOT_RECIPE_ROW TAG: [GI4_RECIPE_Data_OP30_PTL_10_Description] value: [GUAR.DI CONT. BOCC.SNP3] (FROM RECIPE_ROW) recipeId: [f571c9e6895848a1af481a1681f23ee7] tagID=[c106b0472bc946af8adb552982d35391] set TAG_NEW=0,DB DEBUG,fe_LotRecipeRowCheckCreateByRecipe,c05dcd762e4b4b5a99224c48445d7683,3
65667,06/05/2026 14:10:55,INSERT in LOT_RECIPE_ROW TAG: [GI4_RECIPE_Data_OP10_PTL_17_Description] value: [] (FROM RECIPE_ROW) recipeId: [f571c9e6895848a1af481a1681f23ee7] tagID=[c070a6bd45634e6cb48e3f33257074a4] set TAG_NEW=0,DB DEBUG,fe_LotRecipeRowCheckCreateByRecipe,c05dcd762e4b4b5a99224c48445d7683,3
65666,06/05/2026 14:10:55,INSERT in LOT_RECIPE_ROW TAG: [GI4_RECIPE_Data_OP10_PTL_2_Cell] value: [22] (FROM RECIPE_ROW) recipeId: [f571c9e6895848a1af481a1681f23ee7] tagID=[bf8911c5ef4d46cca50bc6607b301bcb] set TAG_NEW=0,DB DEBUG,fe_LotRecipeRowCheckCreateByRecipe,c05dcd762e4b4b5a99224c48445d7683,3
65665,06/05/2026 14:10:55,INSERT in LOT_RECIPE_ROW TAG: [GI4_RECIPE_Data_OP30_PTL_31_PartNumber] value: [] (FROM RECIPE_ROW) recipeId: [f571c9e6895848a1af481a1681f23ee7] tagID=[be5401d776254fb491ba083fe0c2c746] set TAG_NEW=0,DB DEBUG,fe_LotRecipeRowCheckCreateByRecipe,c05dcd762e4b4b5a99224c48445d7683,3
65664,06/05/2026 14:10:55,INSERT in LOT_RECIPE_ROW TAG: [GI4_RECIPE_Data_OP10_PTL_24_CellUnion] value: [0] (FROM RECIPE_ROW) recipeId: [f571c9e6895848a1af481a1681f23ee7] tagID=[be073a12937c458d84834dace368a187] set TAG_NEW=0,DB DEBUG,fe_LotRecipeRowCheckCreateByRecipe,c05dcd762e4b4b5a99224c48445d7683,3
65663,06/05/2026 14:10:55,INSERT in LOT_RECIPE_ROW TAG: [GI4_RECIPE_Data_OP30_PTL_29_Qta] value: [0] (FROM RECIPE_ROW) recipeId: [f571c9e6895848a1af481a1681f23ee7] tagID=[bc3fc782f88f41ee9ca37dbbf13c9a30] set TAG_NEW=0,DB DEBUG,fe_LotRecipeRowCheckCreateByRecipe,c05dcd762e4b4b5a99224c48445d7683,3
65662,06/05/2026 14:10:55,INSERT in LOT_RECIPE_ROW TAG: [GI4_RECIPE_Data_OP30_PTL_26_PartNumber] value: [] (FROM RECIPE_ROW) recipeId: [f571c9e6895848a1af481a1681f23ee7] tagID=[bc25f7ecf75e421c97fb25804c34fb13] set TAG_NEW=0,DB DEBUG,fe_LotRecipeRowCheckCreateByRecipe,c05dcd762e4b4b5a99224c48445d7683,3
65661,06/05/2026 14:10:55,INSERT in LOT_RECIPE_ROW TAG: [GI4_RECIPE_Data_OP10_PTL_27_PartNumber] value: [] (FROM RECIPE_ROW) recipeId: [f571c9e6895848a1af481a1681f23ee7] tagID=[bbd55296f3d9459c9cbced2ba6f0a77d] set TAG_NEW=0,DB DEBUG,fe_LotRecipeRowCheckCreateByRecipe,c05dcd762e4b4b5a99224c48445d7683,3
65660,06/05/2026 14:10:55,INSERT in LOT_RECIPE_ROW TAG: [GI4_RECIPE_Data_OP30_PTL_8_Cell] value: [22] (FROM RECIPE_ROW) recipeId: [f571c9e6895848a1af481a1681f23ee7] tagID=[bb92791e866e4d888fd699bdab2462a3] set TAG_NEW=0,DB DEBUG,fe_LotRecipeRowCheckCreateByRecipe,c05dcd762e4b4b5a99224c48445d7683,3
65659,06/05/2026 14:10:55,INSERT in LOT_RECIPE_ROW TAG: [GI4_RECIPE_Data_OP10_PTL_8_Cell] value: [0] (FROM RECIPE_ROW) recipeId: [f571c9e6895848a1af481a1681f23ee7] tagID=[b97671bc53ef430da0c80fcd2c7e6b05] set TAG_NEW=0,DB DEBUG,fe_LotRecipeRowCheckCreateByRecipe,c05dcd762e4b4b5a99224c48445d7683,3
65658,06/05/2026 14:10:55,INSERT in LOT_RECIPE_ROW TAG: [GI4_RECIPE_Data_OP30_PTL_6_PartNumber] value: [5009.01.0021] (FROM RECIPE_ROW) recipeId: [f571c9e6895848a1af481a1681f23ee7] tagID=[b8b9fa36e33a4e14a2374c935ab0585d] set TAG_NEW=0,DB DEBUG,fe_LotRecipeRowCheckCreateByRecipe,c05dcd762e4b4b5a99224c48445d7683,3
65657,06/05/2026 14:10:55,INSERT in LOT_RECIPE_ROW TAG: [GI4_RECIPE_Data_OP10_PTL_22_Qta] value: [0] (FROM RECIPE_ROW) recipeId: [f571c9e6895848a1af481a1681f23ee7] tagID=[b7d668115615414499c34d74a9b620e5] set TAG_NEW=0,DB DEBUG,fe_LotRecipeRowCheckCreateByRecipe,c05dcd762e4b4b5a99224c48445d7683,3
