ID,DATE_TIME_LOG,MESSAGE,UNIT_NAME,ROUTINE_NAME,KEY_TAG,STATE
79805,08/05/2026 08:38:32,FINE fid_TrackingCreateNewCodLot tracking_id=[31184383936747a980f32b95371ef59f] lot_id=[653078be3b284be7bc3c16fcb00d652f] lot_gia_chiuso=[1],DB DEBUG,fid_TrackingCreateNewCodLot,c05dcd762e4b4b5a99224c48445d7683,3
79804,08/05/2026 08:38:32,INIZIO fid_TrackingCreateNewCodLot machine=[c05dcd762e4b4b5a99224c48445d7683] lot_code=[59987166] detail=[NULL] detail_idx=[NULL],DB DEBUG,fid_TrackingCreateNewCodLot,c05dcd762e4b4b5a99224c48445d7683,3
79807,08/05/2026 08:40:38,FINE fid_TrackingCreateNewCodLot tracking_id=[f034ad47748d457a87e07a0742a5345b] lot_id=[653078be3b284be7bc3c16fcb00d652f] lot_gia_chiuso=[1],DB DEBUG,fid_TrackingCreateNewCodLot,c05dcd762e4b4b5a99224c48445d7683,3
79806,08/05/2026 08:40:38,INIZIO fid_TrackingCreateNewCodLot machine=[c05dcd762e4b4b5a99224c48445d7683] lot_code=[59987166] detail=[NULL] detail_idx=[NULL],DB DEBUG,fid_TrackingCreateNewCodLot,c05dcd762e4b4b5a99224c48445d7683,3
79809,08/05/2026 08:42:34,FINE fid_TrackingCreateNewCodLot tracking_id=[db299353c6db4fca861f29a21e056d09] lot_id=[1b4699561c0649c088c0df9f28370060] lot_gia_chiuso=[0],DB DEBUG,fid_TrackingCreateNewCodLot,c05dcd762e4b4b5a99224c48445d7683,3
79808,08/05/2026 08:42:34,INIZIO fid_TrackingCreateNewCodLot machine=[c05dcd762e4b4b5a99224c48445d7683] lot_code=[59978333] detail=[NULL] detail_idx=[NULL],DB DEBUG,fid_TrackingCreateNewCodLot,c05dcd762e4b4b5a99224c48445d7683,3
79811,08/05/2026 08:44:49,FINE fid_TrackingCreateNewCodLot tracking_id=[9b29ecd8a67a48548625ecdfd41d5616] lot_id=[1b4699561c0649c088c0df9f28370060] lot_gia_chiuso=[0],DB DEBUG,fid_TrackingCreateNewCodLot,c05dcd762e4b4b5a99224c48445d7683,3
79810,08/05/2026 08:44:49,INIZIO fid_TrackingCreateNewCodLot machine=[c05dcd762e4b4b5a99224c48445d7683] lot_code=[59978333] detail=[NULL] detail_idx=[NULL],DB DEBUG,fid_TrackingCreateNewCodLot,c05dcd762e4b4b5a99224c48445d7683,3
79812,08/05/2026 08:47:28,LotEndOnPlcInit: inizio chiusura lotto  macchina c05dcd762e4b4b5a99224c48445d7683,NODE-RED,LotEndOnPlcInit,c05dcd762e4b4b5a99224c48445d7683,3
79813,08/05/2026 08:47:29,Elaboro lotti in coda per linea=fc0ef60c8da844d5a531b293ac0b857b,DB DEBUG,fe_LineSetNextLot,fc0ef60c8da844d5a531b293ac0b857b,3
79814,08/05/2026 08:47:29,LotEndOnPlcDone: chiusi 1 lotti per macchina c05dcd762e4b4b5a99224c48445d7683 lotto ,NODE-RED,LotEndOnPlcDone,c05dcd762e4b4b5a99224c48445d7683,0
79815,08/05/2026 08:47:43,Lotto [59978333}] ricetta [121.25.098.00-59978333] ver [1] wasLotPresent=1 wasRecipePresent=1 insertedRows=0 updatedRows=0,NODE-RED,CheckCreateLotDone,c05dcd762e4b4b5a99224c48445d7683,0
80144,08/05/2026 08:48:23,ROWS CREATED/UPDATED 328; LOT: 91a765fc57f2434c8576708eeeba82f8; RECIPE: 79bc447496f5479d96880fbecb69eadb,DB,fe_LotRecipeRowCheckCreateByRecipe,c05dcd762e4b4b5a99224c48445d7683,0
80143,08/05/2026 08:48:23,INSERT in LOT_RECIPE_ROW TAG: [GI4_RECIPE_Data_OP10_PTL_14_Description] value: [] (FROM RECIPE_ROW) recipeId: [79bc447496f5479d96880fbecb69eadb] tagID=[ff5f86aa8935495ebafe9cc8a04f010d] set TAG_NEW=0,DB DEBUG,fe_LotRecipeRowCheckCreateByRecipe,c05dcd762e4b4b5a99224c48445d7683,3
80142,08/05/2026 08:48:23,INSERT in LOT_RECIPE_ROW TAG: [GI4_RECIPE_Data_OP30_PTL_20_CellUnion] value: [0] (FROM RECIPE_ROW) recipeId: [79bc447496f5479d96880fbecb69eadb] tagID=[fce237bc68594e2eabdc6cb046c16942] set TAG_NEW=0,DB DEBUG,fe_LotRecipeRowCheckCreateByRecipe,c05dcd762e4b4b5a99224c48445d7683,3
80141,08/05/2026 08:48:23,INSERT in LOT_RECIPE_ROW TAG: [GI4_RECIPE_Data_OP30_PTL_13_Description] value: [] (FROM RECIPE_ROW) recipeId: [79bc447496f5479d96880fbecb69eadb] tagID=[fc7c0d2bb0404817a3b5522808550b35] set TAG_NEW=0,DB DEBUG,fe_LotRecipeRowCheckCreateByRecipe,c05dcd762e4b4b5a99224c48445d7683,3
80140,08/05/2026 08:48:23,INSERT in LOT_RECIPE_ROW TAG: [GI4_RECIPE_Data_OP30_PTL_9_PartNumber] value: [] (FROM RECIPE_ROW) recipeId: [79bc447496f5479d96880fbecb69eadb] tagID=[fc2257a112b54dc2a793c18e6f620bae] set TAG_NEW=0,DB DEBUG,fe_LotRecipeRowCheckCreateByRecipe,c05dcd762e4b4b5a99224c48445d7683,3
80139,08/05/2026 08:48:23,INSERT in LOT_RECIPE_ROW TAG: [GI4_RECIPE_Data_OP30_PTL_18_Qta] value: [0] (FROM RECIPE_ROW) recipeId: [79bc447496f5479d96880fbecb69eadb] tagID=[fbaa718a6f79489791c6078feeef72b7] set TAG_NEW=0,DB DEBUG,fe_LotRecipeRowCheckCreateByRecipe,c05dcd762e4b4b5a99224c48445d7683,3
80138,08/05/2026 08:48:23,INSERT in LOT_RECIPE_ROW TAG: [GI4_RECIPE_Data_OP10_PTL_31_Cell] value: [0] (FROM RECIPE_ROW) recipeId: [79bc447496f5479d96880fbecb69eadb] tagID=[fb8d0c02ebab45d2bc0d2c8de4d6a79c] set TAG_NEW=0,DB DEBUG,fe_LotRecipeRowCheckCreateByRecipe,c05dcd762e4b4b5a99224c48445d7683,3
80137,08/05/2026 08:48:23,INSERT in LOT_RECIPE_ROW TAG: [GI4_RECIPE_Data_OP10_PTL_20_Description] value: [] (FROM RECIPE_ROW) recipeId: [79bc447496f5479d96880fbecb69eadb] tagID=[fa48aff35e18435bad4be161c3272962] set TAG_NEW=0,DB DEBUG,fe_LotRecipeRowCheckCreateByRecipe,c05dcd762e4b4b5a99224c48445d7683,3
80136,08/05/2026 08:48:23,INSERT in LOT_RECIPE_ROW TAG: [GI4_RECIPE_Data_OP10_PTL_29_PartNumber] value: [] (FROM RECIPE_ROW) recipeId: [79bc447496f5479d96880fbecb69eadb] tagID=[f862b30adadf4701af27264d8f168a33] set TAG_NEW=0,DB DEBUG,fe_LotRecipeRowCheckCreateByRecipe,c05dcd762e4b4b5a99224c48445d7683,3
80135,08/05/2026 08:48:23,INSERT in LOT_RECIPE_ROW TAG: [GI4_RECIPE_Data_OP30_PTL_1_Cell] value: [17] (FROM RECIPE_ROW) recipeId: [79bc447496f5479d96880fbecb69eadb] tagID=[f7bf91d82ec84d33a1063238fb891ff0] set TAG_NEW=0,DB DEBUG,fe_LotRecipeRowCheckCreateByRecipe,c05dcd762e4b4b5a99224c48445d7683,3
80134,08/05/2026 08:48:23,INSERT in LOT_RECIPE_ROW TAG: [GI4_RECIPE_Data_OP10_PTL_6_PartNumber] value: [11282842] (FROM RECIPE_ROW) recipeId: [79bc447496f5479d96880fbecb69eadb] tagID=[f7ab839aa8ad49d8a42784dccb4de06a] set TAG_NEW=0,DB DEBUG,fe_LotRecipeRowCheckCreateByRecipe,c05dcd762e4b4b5a99224c48445d7683,3
80133,08/05/2026 08:48:23,INSERT in LOT_RECIPE_ROW TAG: [GI4_RECIPE_Data_OP10_PTL_26_PartNumber] value: [] (FROM RECIPE_ROW) recipeId: [79bc447496f5479d96880fbecb69eadb] tagID=[f776a20b0ffa4196ac72dd0cd1592556] set TAG_NEW=0,DB DEBUG,fe_LotRecipeRowCheckCreateByRecipe,c05dcd762e4b4b5a99224c48445d7683,3
80132,08/05/2026 08:48:23,INSERT in LOT_RECIPE_ROW TAG: [GI4_RECIPE_Data_OP10_PTL_26_Qta] value: [0] (FROM RECIPE_ROW) recipeId: [79bc447496f5479d96880fbecb69eadb] tagID=[f75b5630895645378efe2bc6b6c0414b] set TAG_NEW=0,DB DEBUG,fe_LotRecipeRowCheckCreateByRecipe,c05dcd762e4b4b5a99224c48445d7683,3
80131,08/05/2026 08:48:23,INSERT in LOT_RECIPE_ROW TAG: [GI4_RECIPE_Data_OP10_PTL_26_Description] value: [] (FROM RECIPE_ROW) recipeId: [79bc447496f5479d96880fbecb69eadb] tagID=[f69107804d514517aedb88aed8771094] set TAG_NEW=0,DB DEBUG,fe_LotRecipeRowCheckCreateByRecipe,c05dcd762e4b4b5a99224c48445d7683,3
80130,08/05/2026 08:48:23,INSERT in LOT_RECIPE_ROW TAG: [GI4_RECIPE_Data_OP10_PTL_32_CellUnion] value: [0] (FROM RECIPE_ROW) recipeId: [79bc447496f5479d96880fbecb69eadb] tagID=[f63566928b984caca3d9e3cd128949aa] set TAG_NEW=0,DB DEBUG,fe_LotRecipeRowCheckCreateByRecipe,c05dcd762e4b4b5a99224c48445d7683,3
80129,08/05/2026 08:48:23,INSERT in LOT_RECIPE_ROW TAG: [GI4_RECIPE_Data_OP30_PTL_3_Qta] value: [5] (FROM RECIPE_ROW) recipeId: [79bc447496f5479d96880fbecb69eadb] tagID=[f5092d456a0f4d6ba72d15f5021c30ef] set TAG_NEW=0,DB DEBUG,fe_LotRecipeRowCheckCreateByRecipe,c05dcd762e4b4b5a99224c48445d7683,3
80128,08/05/2026 08:48:23,INSERT in LOT_RECIPE_ROW TAG: [GI4_RECIPE_Data_OP10_PTL_26_CellUnion] value: [0] (FROM RECIPE_ROW) recipeId: [79bc447496f5479d96880fbecb69eadb] tagID=[f4f9c7bc80fd4159a647f1e0df6999c4] set TAG_NEW=0,DB DEBUG,fe_LotRecipeRowCheckCreateByRecipe,c05dcd762e4b4b5a99224c48445d7683,3
80127,08/05/2026 08:48:23,INSERT in LOT_RECIPE_ROW TAG: [GI4_RECIPE_Data_OP10_PTL_13_CellUnion] value: [0] (FROM RECIPE_ROW) recipeId: [79bc447496f5479d96880fbecb69eadb] tagID=[f3e3235d2d9a43498727f0d3bb6d5813] set TAG_NEW=0,DB DEBUG,fe_LotRecipeRowCheckCreateByRecipe,c05dcd762e4b4b5a99224c48445d7683,3
80126,08/05/2026 08:48:23,INSERT in LOT_RECIPE_ROW TAG: [GI4_RECIPE_Data_OP10_PTL_32_PartNumber] value: [] (FROM RECIPE_ROW) recipeId: [79bc447496f5479d96880fbecb69eadb] tagID=[f3b7aa068e2046828472c6595f30f660] set TAG_NEW=0,DB DEBUG,fe_LotRecipeRowCheckCreateByRecipe,c05dcd762e4b4b5a99224c48445d7683,3
80125,08/05/2026 08:48:23,INSERT in LOT_RECIPE_ROW TAG: [GI4_RECIPE_Data_OP10_PTL_8_Description] value: [] (FROM RECIPE_ROW) recipeId: [79bc447496f5479d96880fbecb69eadb] tagID=[f30a2cf393c54c92ad6ec87a9e19aaf9] set TAG_NEW=0,DB DEBUG,fe_LotRecipeRowCheckCreateByRecipe,c05dcd762e4b4b5a99224c48445d7683,3
80124,08/05/2026 08:48:23,INSERT in LOT_RECIPE_ROW TAG: [GI4_RECIPE_Data_OP10_PTL_28_CellUnion] value: [0] (FROM RECIPE_ROW) recipeId: [79bc447496f5479d96880fbecb69eadb] tagID=[f2416656c6b64e1a8857ca7db5455647] set TAG_NEW=0,DB DEBUG,fe_LotRecipeRowCheckCreateByRecipe,c05dcd762e4b4b5a99224c48445d7683,3
80123,08/05/2026 08:48:23,INSERT in LOT_RECIPE_ROW TAG: [GI4_RECIPE_Data_OP30_PTL_21_CellUnion] value: [0] (FROM RECIPE_ROW) recipeId: [79bc447496f5479d96880fbecb69eadb] tagID=[f217397b0b5d4df680453eaa9e1e66c2] set TAG_NEW=0,DB DEBUG,fe_LotRecipeRowCheckCreateByRecipe,c05dcd762e4b4b5a99224c48445d7683,3
80122,08/05/2026 08:48:23,INSERT in LOT_RECIPE_ROW TAG: [GI4_RECIPE_Data_QtaDone] value: [0] (FROM RECIPE_ROW) recipeId: [79bc447496f5479d96880fbecb69eadb] tagID=[f190a4c4537840aea6df363fd513026a] set TAG_NEW=0,DB DEBUG,fe_LotRecipeRowCheckCreateByRecipe,c05dcd762e4b4b5a99224c48445d7683,3
80121,08/05/2026 08:48:23,INSERT in LOT_RECIPE_ROW TAG: [GI4_RECIPE_Data_OP30_PTL_23_Description] value: [] (FROM RECIPE_ROW) recipeId: [79bc447496f5479d96880fbecb69eadb] tagID=[f05cf5b190ad44a4aa74be67b4f47a4e] set TAG_NEW=0,DB DEBUG,fe_LotRecipeRowCheckCreateByRecipe,c05dcd762e4b4b5a99224c48445d7683,3
80120,08/05/2026 08:48:23,INSERT in LOT_RECIPE_ROW TAG: [GI4_RECIPE_Data_OP10_PTL_14_Cell] value: [0] (FROM RECIPE_ROW) recipeId: [79bc447496f5479d96880fbecb69eadb] tagID=[ef973a2153a9457f819f04821531200a] set TAG_NEW=0,DB DEBUG,fe_LotRecipeRowCheckCreateByRecipe,c05dcd762e4b4b5a99224c48445d7683,3
80119,08/05/2026 08:48:23,INSERT in LOT_RECIPE_ROW TAG: [GI4_RECIPE_Data_OP30_PTL_28_CellUnion] value: [0] (FROM RECIPE_ROW) recipeId: [79bc447496f5479d96880fbecb69eadb] tagID=[edad4e2a28f54d41ad667d29dcbad1cc] set TAG_NEW=0,DB DEBUG,fe_LotRecipeRowCheckCreateByRecipe,c05dcd762e4b4b5a99224c48445d7683,3
80118,08/05/2026 08:48:23,INSERT in LOT_RECIPE_ROW TAG: [GI4_RECIPE_Data_OP10_PTL_3_Description] value: [GUAR.CONTEN.SNM3] (FROM RECIPE_ROW) recipeId: [79bc447496f5479d96880fbecb69eadb] tagID=[ed4ebb4df0674166b847678c553a27d8] set TAG_NEW=0,DB DEBUG,fe_LotRecipeRowCheckCreateByRecipe,c05dcd762e4b4b5a99224c48445d7683,3
80117,08/05/2026 08:48:23,INSERT in LOT_RECIPE_ROW TAG: [GI4_RECIPE_Data_OP10_PTL_23_Description] value: [] (FROM RECIPE_ROW) recipeId: [79bc447496f5479d96880fbecb69eadb] tagID=[ed37b1d14e694e758a7f79cafc355cf4] set TAG_NEW=0,DB DEBUG,fe_LotRecipeRowCheckCreateByRecipe,c05dcd762e4b4b5a99224c48445d7683,3
80116,08/05/2026 08:48:23,INSERT in LOT_RECIPE_ROW TAG: [GI4_RECIPE_Data_OP30_PTL_17_Qta] value: [0] (FROM RECIPE_ROW) recipeId: [79bc447496f5479d96880fbecb69eadb] tagID=[ed0f4ff5e80b483abd0c4e253163a0d0] set TAG_NEW=0,DB DEBUG,fe_LotRecipeRowCheckCreateByRecipe,c05dcd762e4b4b5a99224c48445d7683,3
80115,08/05/2026 08:48:23,INSERT in LOT_RECIPE_ROW TAG: [GI4_RECIPE_Data_OP30_PTL_29_CellUnion] value: [0] (FROM RECIPE_ROW) recipeId: [79bc447496f5479d96880fbecb69eadb] tagID=[eb3f3c74f10049cb84bd30a9ebfe909f] set TAG_NEW=0,DB DEBUG,fe_LotRecipeRowCheckCreateByRecipe,c05dcd762e4b4b5a99224c48445d7683,3
80114,08/05/2026 08:48:23,INSERT in LOT_RECIPE_ROW TAG: [GI4_RECIPE_Data_OP10_PTL_25_Description] value: [] (FROM RECIPE_ROW) recipeId: [79bc447496f5479d96880fbecb69eadb] tagID=[eb1be58597a84e53bec0e1de8479f201] set TAG_NEW=0,DB DEBUG,fe_LotRecipeRowCheckCreateByRecipe,c05dcd762e4b4b5a99224c48445d7683,3
80113,08/05/2026 08:48:23,INSERT in LOT_RECIPE_ROW TAG: [GI4_RECIPE_Data_OP10_PTL_17_Cell] value: [0] (FROM RECIPE_ROW) recipeId: [79bc447496f5479d96880fbecb69eadb] tagID=[eae39ac2a01746088c87bc2efe8043ce] set TAG_NEW=0,DB DEBUG,fe_LotRecipeRowCheckCreateByRecipe,c05dcd762e4b4b5a99224c48445d7683,3
80112,08/05/2026 08:48:23,INSERT in LOT_RECIPE_ROW TAG: [GI4_RECIPE_Data_OP10_PTL_24_PartNumber] value: [] (FROM RECIPE_ROW) recipeId: [79bc447496f5479d96880fbecb69eadb] tagID=[ea551020792c43dfa88a235f4fe51bcf] set TAG_NEW=0,DB DEBUG,fe_LotRecipeRowCheckCreateByRecipe,c05dcd762e4b4b5a99224c48445d7683,3
80111,08/05/2026 08:48:23,INSERT in LOT_RECIPE_ROW TAG: [GI4_RECIPE_Data_OP30_PTL_25_Qta] value: [0] (FROM RECIPE_ROW) recipeId: [79bc447496f5479d96880fbecb69eadb] tagID=[ea0cd52f94d0490b8c3a6dd3b39af23d] set TAG_NEW=0,DB DEBUG,fe_LotRecipeRowCheckCreateByRecipe,c05dcd762e4b4b5a99224c48445d7683,3
80110,08/05/2026 08:48:23,INSERT in LOT_RECIPE_ROW TAG: [GI4_RECIPE_Data_OP10_PTL_23_Cell] value: [0] (FROM RECIPE_ROW) recipeId: [79bc447496f5479d96880fbecb69eadb] tagID=[e8258d79246e48ee99ea01457b4c60ff] set TAG_NEW=0,DB DEBUG,fe_LotRecipeRowCheckCreateByRecipe,c05dcd762e4b4b5a99224c48445d7683,3
80109,08/05/2026 08:48:23,INSERT in LOT_RECIPE_ROW TAG: [GI4_RECIPE_Data_OP30_PTL_5_Description] value: [MEZZO CORPO INSERIMENTO BOCCOLE] (FROM RECIPE_ROW) recipeId: [79bc447496f5479d96880fbecb69eadb] tagID=[e53c254a4d5645ba96ad637a909db04d] set TAG_NEW=0,DB DEBUG,fe_LotRecipeRowCheckCreateByRecipe,c05dcd762e4b4b5a99224c48445d7683,3
80108,08/05/2026 08:48:23,INSERT in LOT_RECIPE_ROW TAG: [GI4_RECIPE_Data_OP10_PTL_5_CellUnion] value: [0] (FROM RECIPE_ROW) recipeId: [79bc447496f5479d96880fbecb69eadb] tagID=[e36cb249a51144fcab3b255cd363eb04] set TAG_NEW=0,DB DEBUG,fe_LotRecipeRowCheckCreateByRecipe,c05dcd762e4b4b5a99224c48445d7683,3
80107,08/05/2026 08:48:23,INSERT in LOT_RECIPE_ROW TAG: [GI4_RECIPE_Data_OP10_PTL_21_Cell] value: [0] (FROM RECIPE_ROW) recipeId: [79bc447496f5479d96880fbecb69eadb] tagID=[e306e5db0b134cbfbb4d284cc8112e52] set TAG_NEW=0,DB DEBUG,fe_LotRecipeRowCheckCreateByRecipe,c05dcd762e4b4b5a99224c48445d7683,3
80106,08/05/2026 08:48:23,INSERT in LOT_RECIPE_ROW TAG: [GI4_RECIPE_Data_OP30_PTL_26_Description] value: [] (FROM RECIPE_ROW) recipeId: [79bc447496f5479d96880fbecb69eadb] tagID=[e2c718d710ce489dbf803fba340ebaab] set TAG_NEW=0,DB DEBUG,fe_LotRecipeRowCheckCreateByRecipe,c05dcd762e4b4b5a99224c48445d7683,3
80105,08/05/2026 08:48:23,INSERT in LOT_RECIPE_ROW TAG: [GI4_RECIPE_Data_OP30_PTL_12_Qta] value: [0] (FROM RECIPE_ROW) recipeId: [79bc447496f5479d96880fbecb69eadb] tagID=[e272e191e59948aeb7ea87968fe68743] set TAG_NEW=0,DB DEBUG,fe_LotRecipeRowCheckCreateByRecipe,c05dcd762e4b4b5a99224c48445d7683,3
80104,08/05/2026 08:48:23,INSERT in LOT_RECIPE_ROW TAG: [GI4_RECIPE_Data_OP10_PTL_1_CellUnion] value: [0] (FROM RECIPE_ROW) recipeId: [79bc447496f5479d96880fbecb69eadb] tagID=[e1dd704bed0c4c08ad13ea939bcc6975] set TAG_NEW=0,DB DEBUG,fe_LotRecipeRowCheckCreateByRecipe,c05dcd762e4b4b5a99224c48445d7683,3
80103,08/05/2026 08:48:23,INSERT in LOT_RECIPE_ROW TAG: [GI4_RECIPE_Data_OP30_PTL_15_CellUnion] value: [0] (FROM RECIPE_ROW) recipeId: [79bc447496f5479d96880fbecb69eadb] tagID=[e13820d1064248a4b2b45a7155a439a0] set TAG_NEW=0,DB DEBUG,fe_LotRecipeRowCheckCreateByRecipe,c05dcd762e4b4b5a99224c48445d7683,3
80102,08/05/2026 08:48:23,INSERT in LOT_RECIPE_ROW TAG: [GI4_RECIPE_Data_OP10_PTL_19_Cell] value: [0] (FROM RECIPE_ROW) recipeId: [79bc447496f5479d96880fbecb69eadb] tagID=[e02f1c7cc4bf4a7aa41fde139a74426e] set TAG_NEW=0,DB DEBUG,fe_LotRecipeRowCheckCreateByRecipe,c05dcd762e4b4b5a99224c48445d7683,3
80101,08/05/2026 08:48:23,INSERT in LOT_RECIPE_ROW TAG: [GI4_RECIPE_Data_OP30_PTL_7_PartNumber] value: [5011.31.2215] (FROM RECIPE_ROW) recipeId: [79bc447496f5479d96880fbecb69eadb] tagID=[dfbda0b35a5c49b8819953f342e53512] set TAG_NEW=0,DB DEBUG,fe_LotRecipeRowCheckCreateByRecipe,c05dcd762e4b4b5a99224c48445d7683,3
80100,08/05/2026 08:48:23,INSERT in LOT_RECIPE_ROW TAG: [GI4_RECIPE_Data_OP10_PTL_21_PartNumber] value: [] (FROM RECIPE_ROW) recipeId: [79bc447496f5479d96880fbecb69eadb] tagID=[ddde32e8bc294db885e8931257aace8c] set TAG_NEW=0,DB DEBUG,fe_LotRecipeRowCheckCreateByRecipe,c05dcd762e4b4b5a99224c48445d7683,3
80099,08/05/2026 08:48:23,INSERT in LOT_RECIPE_ROW TAG: [GI4_RECIPE_Data_OP30_PTL_25_PartNumber] value: [] (FROM RECIPE_ROW) recipeId: [79bc447496f5479d96880fbecb69eadb] tagID=[dd870214849b4005b0ff08e88a4f2cdb] set TAG_NEW=0,DB DEBUG,fe_LotRecipeRowCheckCreateByRecipe,c05dcd762e4b4b5a99224c48445d7683,3
80098,08/05/2026 08:48:23,INSERT in LOT_RECIPE_ROW TAG: [GI4_RECIPE_Data_OP30_PTL_17_PartNumber] value: [] (FROM RECIPE_ROW) recipeId: [79bc447496f5479d96880fbecb69eadb] tagID=[dc6d34d72e764dc39923d42256ea925e] set TAG_NEW=0,DB DEBUG,fe_LotRecipeRowCheckCreateByRecipe,c05dcd762e4b4b5a99224c48445d7683,3
80097,08/05/2026 08:48:23,INSERT in LOT_RECIPE_ROW TAG: [GI4_RECIPE_Data_OP30_PTL_31_Qta] value: [0] (FROM RECIPE_ROW) recipeId: [79bc447496f5479d96880fbecb69eadb] tagID=[db61411464a54b4d95d9485a139665b8] set TAG_NEW=0,DB DEBUG,fe_LotRecipeRowCheckCreateByRecipe,c05dcd762e4b4b5a99224c48445d7683,3
80096,08/05/2026 08:48:23,INSERT in LOT_RECIPE_ROW TAG: [GI4_RECIPE_Data_OP10_PTL_7_Cell] value: [11] (FROM RECIPE_ROW) recipeId: [79bc447496f5479d96880fbecb69eadb] tagID=[db50e99aa2c24f838f434a2528b515a5] set TAG_NEW=0,DB DEBUG,fe_LotRecipeRowCheckCreateByRecipe,c05dcd762e4b4b5a99224c48445d7683,3
80095,08/05/2026 08:48:23,INSERT in LOT_RECIPE_ROW TAG: [GI4_RECIPE_Data_OP10_PTL_32_Description] value: [] (FROM RECIPE_ROW) recipeId: [79bc447496f5479d96880fbecb69eadb] tagID=[db26141f0c364bf58cbb64cb2ffbb1b7] set TAG_NEW=0,DB DEBUG,fe_LotRecipeRowCheckCreateByRecipe,c05dcd762e4b4b5a99224c48445d7683,3
80094,08/05/2026 08:48:23,INSERT in LOT_RECIPE_ROW TAG: [GI4_RECIPE_Data_OP30_PTL_4_PartNumber] value: [313.0048.0.00] (FROM RECIPE_ROW) recipeId: [79bc447496f5479d96880fbecb69eadb] tagID=[db25e4537dce4403bb74d9bd31294088] set TAG_NEW=0,DB DEBUG,fe_LotRecipeRowCheckCreateByRecipe,c05dcd762e4b4b5a99224c48445d7683,3
80093,08/05/2026 08:48:23,INSERT in LOT_RECIPE_ROW TAG: [GI4_RECIPE_Data_OP10_PTL_18_Qta] value: [0] (FROM RECIPE_ROW) recipeId: [79bc447496f5479d96880fbecb69eadb] tagID=[da9bdbf7d2d8445dbc0074564ae9e5d2] set TAG_NEW=0,DB DEBUG,fe_LotRecipeRowCheckCreateByRecipe,c05dcd762e4b4b5a99224c48445d7683,3
80092,08/05/2026 08:48:23,INSERT in LOT_RECIPE_ROW TAG: [GI4_RECIPE_Data_OP30_PTL_21_PartNumber] value: [] (FROM RECIPE_ROW) recipeId: [79bc447496f5479d96880fbecb69eadb] tagID=[d9503fc762da49519d6310f41e4542a7] set TAG_NEW=0,DB DEBUG,fe_LotRecipeRowCheckCreateByRecipe,c05dcd762e4b4b5a99224c48445d7683,3
80091,08/05/2026 08:48:23,INSERT in LOT_RECIPE_ROW TAG: [GI4_RECIPE_Data_OP30_PTL_26_Cell] value: [0] (FROM RECIPE_ROW) recipeId: [79bc447496f5479d96880fbecb69eadb] tagID=[d8cbe6e09d32402d928fc658dc0fd7af] set TAG_NEW=0,DB DEBUG,fe_LotRecipeRowCheckCreateByRecipe,c05dcd762e4b4b5a99224c48445d7683,3
80090,08/05/2026 08:48:23,INSERT in LOT_RECIPE_ROW TAG: [GI4_RECIPE_Data_OP10_PTL_9_Description] value: [] (FROM RECIPE_ROW) recipeId: [79bc447496f5479d96880fbecb69eadb] tagID=[d8a1593280024ca8bcb63d18648172c0] set TAG_NEW=0,DB DEBUG,fe_LotRecipeRowCheckCreateByRecipe,c05dcd762e4b4b5a99224c48445d7683,3
80089,08/05/2026 08:48:23,INSERT in LOT_RECIPE_ROW TAG: [GI4_RECIPE_Data_OP30_PTL_6_Qta] value: [5] (FROM RECIPE_ROW) recipeId: [79bc447496f5479d96880fbecb69eadb] tagID=[d8586c93e6cf42cf8b806d67a901041c] set TAG_NEW=0,DB DEBUG,fe_LotRecipeRowCheckCreateByRecipe,c05dcd762e4b4b5a99224c48445d7683,3
80088,08/05/2026 08:48:23,INSERT in LOT_RECIPE_ROW TAG: [GI4_RECIPE_Data_OP30_PTL_4_Cell] value: [20] (FROM RECIPE_ROW) recipeId: [79bc447496f5479d96880fbecb69eadb] tagID=[d82e322e3913451fbedf33e5d18a7ec3] set TAG_NEW=0,DB DEBUG,fe_LotRecipeRowCheckCreateByRecipe,c05dcd762e4b4b5a99224c48445d7683,3
80087,08/05/2026 08:48:23,INSERT in LOT_RECIPE_ROW TAG: [GI4_RECIPE_Data_OP10_PTL_5_Cell] value: [32] (FROM RECIPE_ROW) recipeId: [79bc447496f5479d96880fbecb69eadb] tagID=[d666969d2ef44fd2ae1aba775b049a59] set TAG_NEW=0,DB DEBUG,fe_LotRecipeRowCheckCreateByRecipe,c05dcd762e4b4b5a99224c48445d7683,3
80086,08/05/2026 08:48:23,INSERT in LOT_RECIPE_ROW TAG: [GI4_RECIPE_Data_OP30_PTL_1_Qta] value: [5] (FROM RECIPE_ROW) recipeId: [79bc447496f5479d96880fbecb69eadb] tagID=[d65957a68f104b35b957c4a45caf82c7] set TAG_NEW=0,DB DEBUG,fe_LotRecipeRowCheckCreateByRecipe,c05dcd762e4b4b5a99224c48445d7683,3
80085,08/05/2026 08:48:23,INSERT in LOT_RECIPE_ROW TAG: [GI4_RECIPE_Data_OP10_PTL_1_Description] value: [GUAR.BILANC.SNM3] (FROM RECIPE_ROW) recipeId: [79bc447496f5479d96880fbecb69eadb] tagID=[d6291a14f33944dfa23f56376299e43c] set TAG_NEW=0,DB DEBUG,fe_LotRecipeRowCheckCreateByRecipe,c05dcd762e4b4b5a99224c48445d7683,3
80084,08/05/2026 08:48:23,INSERT in LOT_RECIPE_ROW TAG: [GI4_RECIPE_Data_ScrewProgram] value: [1] (FROM RECIPE_ROW) recipeId: [79bc447496f5479d96880fbecb69eadb] tagID=[d512b9acdfc144c5a79d23a266dcbe3d] set TAG_NEW=0,DB DEBUG,fe_LotRecipeRowCheckCreateByRecipe,c05dcd762e4b4b5a99224c48445d7683,3
80083,08/05/2026 08:48:23,INSERT in LOT_RECIPE_ROW TAG: [GI4_RECIPE_Data_OP30_PTL_22_CellUnion] value: [0] (FROM RECIPE_ROW) recipeId: [79bc447496f5479d96880fbecb69eadb] tagID=[d4e0ceda11944ed7b53cc2a99755b63e] set TAG_NEW=0,DB DEBUG,fe_LotRecipeRowCheckCreateByRecipe,c05dcd762e4b4b5a99224c48445d7683,3
80082,08/05/2026 08:48:23,INSERT in LOT_RECIPE_ROW TAG: [GI4_RECIPE_Data_OP30_PTL_16_Description] value: [] (FROM RECIPE_ROW) recipeId: [79bc447496f5479d96880fbecb69eadb] tagID=[d4dd1b0e36854cb0b97ca5a2083a5e97] set TAG_NEW=0,DB DEBUG,fe_LotRecipeRowCheckCreateByRecipe,c05dcd762e4b4b5a99224c48445d7683,3
80081,08/05/2026 08:48:23,INSERT in LOT_RECIPE_ROW TAG: [GI4_RECIPE_Data_OP30_PTL_27_CellUnion] value: [0] (FROM RECIPE_ROW) recipeId: [79bc447496f5479d96880fbecb69eadb] tagID=[d4777004cf6048599c737b7fe2ffa0ef] set TAG_NEW=0,DB DEBUG,fe_LotRecipeRowCheckCreateByRecipe,c05dcd762e4b4b5a99224c48445d7683,3
80080,08/05/2026 08:48:23,INSERT in LOT_RECIPE_ROW TAG: [GI4_RECIPE_Data_OP30_PTL_23_Cell] value: [0] (FROM RECIPE_ROW) recipeId: [79bc447496f5479d96880fbecb69eadb] tagID=[d400b964d19e4cce8117ab1651d779af] set TAG_NEW=0,DB DEBUG,fe_LotRecipeRowCheckCreateByRecipe,c05dcd762e4b4b5a99224c48445d7683,3
80079,08/05/2026 08:48:23,INSERT in LOT_RECIPE_ROW TAG: [GI4_RECIPE_Data_OP30_PTL_5_PartNumber] value: [MEZZO CORPO] (FROM RECIPE_ROW) recipeId: [79bc447496f5479d96880fbecb69eadb] tagID=[d3ef201d06a94d69bb216c88bf4a33ea] set TAG_NEW=0,DB DEBUG,fe_LotRecipeRowCheckCreateByRecipe,c05dcd762e4b4b5a99224c48445d7683,3
80078,08/05/2026 08:48:23,INSERT in LOT_RECIPE_ROW TAG: [GI4_RECIPE_Data_OP10_PTL_7_Qta] value: [10] (FROM RECIPE_ROW) recipeId: [79bc447496f5479d96880fbecb69eadb] tagID=[d25c3d47b2b94538ba9fac551fd3af4b] set TAG_NEW=0,DB DEBUG,fe_LotRecipeRowCheckCreateByRecipe,c05dcd762e4b4b5a99224c48445d7683,3
80077,08/05/2026 08:48:23,INSERT in LOT_RECIPE_ROW TAG: [GI4_RECIPE_Data_OP30_PTL_19_Qta] value: [0] (FROM RECIPE_ROW) recipeId: [79bc447496f5479d96880fbecb69eadb] tagID=[d20b05552f07497ebda26ccb177f2dbc] set TAG_NEW=0,DB DEBUG,fe_LotRecipeRowCheckCreateByRecipe,c05dcd762e4b4b5a99224c48445d7683,3
80076,08/05/2026 08:48:23,INSERT in LOT_RECIPE_ROW TAG: [GI4_RECIPE_Data_OP30_PTL_18_Cell] value: [0] (FROM RECIPE_ROW) recipeId: [79bc447496f5479d96880fbecb69eadb] tagID=[d1fb08f8dfe8459ca943cb806aafa3d7] set TAG_NEW=0,DB DEBUG,fe_LotRecipeRowCheckCreateByRecipe,c05dcd762e4b4b5a99224c48445d7683,3
80075,08/05/2026 08:48:23,INSERT in LOT_RECIPE_ROW TAG: [GI4_RECIPE_Data_OP30_PTL_16_Cell] value: [0] (FROM RECIPE_ROW) recipeId: [79bc447496f5479d96880fbecb69eadb] tagID=[d123070cd4a345bc89bf30fe22794bc1] set TAG_NEW=0,DB DEBUG,fe_LotRecipeRowCheckCreateByRecipe,c05dcd762e4b4b5a99224c48445d7683,3
80074,08/05/2026 08:48:23,INSERT in LOT_RECIPE_ROW TAG: [GI4_RECIPE_Data_OP10_PTL_11_Description] value: [] (FROM RECIPE_ROW) recipeId: [79bc447496f5479d96880fbecb69eadb] tagID=[cf808fdffd77430f9cf3082bfd2699df] set TAG_NEW=0,DB DEBUG,fe_LotRecipeRowCheckCreateByRecipe,c05dcd762e4b4b5a99224c48445d7683,3
80073,08/05/2026 08:48:23,INSERT in LOT_RECIPE_ROW TAG: [GI4_RECIPE_Data_OP10_PTL_11_Qta] value: [0] (FROM RECIPE_ROW) recipeId: [79bc447496f5479d96880fbecb69eadb] tagID=[cc8c0e89be2048d186990555b1a44840] set TAG_NEW=0,DB DEBUG,fe_LotRecipeRowCheckCreateByRecipe,c05dcd762e4b4b5a99224c48445d7683,3
80072,08/05/2026 08:48:23,INSERT in LOT_RECIPE_ROW TAG: [GI4_RECIPE_Data_OP30_PTL_22_Description] value: [] (FROM RECIPE_ROW) recipeId: [79bc447496f5479d96880fbecb69eadb] tagID=[cc597808527b4b459e0846ffb02480e1] set TAG_NEW=0,DB DEBUG,fe_LotRecipeRowCheckCreateByRecipe,c05dcd762e4b4b5a99224c48445d7683,3
80071,08/05/2026 08:48:23,INSERT in LOT_RECIPE_ROW TAG: [GI4_RECIPE_Data_OP10_PTL_9_PartNumber] value: [] (FROM RECIPE_ROW) recipeId: [79bc447496f5479d96880fbecb69eadb] tagID=[cbb7678eb3b54ba8a956d341db4ff661] set TAG_NEW=0,DB DEBUG,fe_LotRecipeRowCheckCreateByRecipe,c05dcd762e4b4b5a99224c48445d7683,3
80070,08/05/2026 08:48:23,INSERT in LOT_RECIPE_ROW TAG: [GI4_RECIPE_Data_OP10_PTL_26_Cell] value: [0] (FROM RECIPE_ROW) recipeId: [79bc447496f5479d96880fbecb69eadb] tagID=[cac61cb92d4b40bc984efe67651d8e4e] set TAG_NEW=0,DB DEBUG,fe_LotRecipeRowCheckCreateByRecipe,c05dcd762e4b4b5a99224c48445d7683,3
80069,08/05/2026 08:48:23,INSERT in LOT_RECIPE_ROW TAG: [GI4_RECIPE_Data_OP30_PTL_27_Qta] value: [0] (FROM RECIPE_ROW) recipeId: [79bc447496f5479d96880fbecb69eadb] tagID=[c942d48f7ee4443ba82f2c656dd30ec2] set TAG_NEW=0,DB DEBUG,fe_LotRecipeRowCheckCreateByRecipe,c05dcd762e4b4b5a99224c48445d7683,3
80068,08/05/2026 08:48:23,INSERT in LOT_RECIPE_ROW TAG: [GI4_RECIPE_Data_PartNumber] value: [121.25.097.00] (FROM RECIPE_ROW) recipeId: [79bc447496f5479d96880fbecb69eadb] tagID=[c83d6a238f06459f8a8779a32bb67758] set TAG_NEW=0,DB DEBUG,fe_LotRecipeRowCheckCreateByRecipe,c05dcd762e4b4b5a99224c48445d7683,3
80067,08/05/2026 08:48:23,INSERT in LOT_RECIPE_ROW TAG: [GI4_RECIPE_Data_OP30_PTL_22_PartNumber] value: [] (FROM RECIPE_ROW) recipeId: [79bc447496f5479d96880fbecb69eadb] tagID=[c76153368d324d41a1253e0e03e0e7d8] set TAG_NEW=0,DB DEBUG,fe_LotRecipeRowCheckCreateByRecipe,c05dcd762e4b4b5a99224c48445d7683,3
80066,08/05/2026 08:48:23,INSERT in LOT_RECIPE_ROW TAG: [GI4_RECIPE_Data_OP10_PTL_4_PartNumber] value: [313.0048.0.00] (FROM RECIPE_ROW) recipeId: [79bc447496f5479d96880fbecb69eadb] tagID=[c72ce596a083481fba045f168c9a6b39] set TAG_NEW=0,DB DEBUG,fe_LotRecipeRowCheckCreateByRecipe,c05dcd762e4b4b5a99224c48445d7683,3
80065,08/05/2026 08:48:23,INSERT in LOT_RECIPE_ROW TAG: [GI4_RECIPE_Data_OP10_PTL_30_Description] value: [] (FROM RECIPE_ROW) recipeId: [79bc447496f5479d96880fbecb69eadb] tagID=[c56e92e2122a41b89779605bc0cf4fe5] set TAG_NEW=0,DB DEBUG,fe_LotRecipeRowCheckCreateByRecipe,c05dcd762e4b4b5a99224c48445d7683,3
80064,08/05/2026 08:48:23,INSERT in LOT_RECIPE_ROW TAG: [GI4_RECIPE_Data_OP10_PTL_16_Qta] value: [0] (FROM RECIPE_ROW) recipeId: [79bc447496f5479d96880fbecb69eadb] tagID=[c4e63e6a207546dd9a0d7a51fd7a8467] set TAG_NEW=0,DB DEBUG,fe_LotRecipeRowCheckCreateByRecipe,c05dcd762e4b4b5a99224c48445d7683,3
80063,08/05/2026 08:48:23,INSERT in LOT_RECIPE_ROW TAG: [GI4_RECIPE_Data_OP10_PTL_4_CellUnion] value: [0] (FROM RECIPE_ROW) recipeId: [79bc447496f5479d96880fbecb69eadb] tagID=[c3baf9c71d13472fa6cdaaca86f9002f] set TAG_NEW=0,DB DEBUG,fe_LotRecipeRowCheckCreateByRecipe,c05dcd762e4b4b5a99224c48445d7683,3
80062,08/05/2026 08:48:23,INSERT in LOT_RECIPE_ROW TAG: [GI4_RECIPE_Data_OP30_PTL_32_Description] value: [] (FROM RECIPE_ROW) recipeId: [79bc447496f5479d96880fbecb69eadb] tagID=[c2b389e7b0dd4fa2bddfb6faa78caa2b] set TAG_NEW=0,DB DEBUG,fe_LotRecipeRowCheckCreateByRecipe,c05dcd762e4b4b5a99224c48445d7683,3
80061,08/05/2026 08:48:23,INSERT in LOT_RECIPE_ROW TAG: [GI4_RECIPE_Data_OP30_PTL_18_PartNumber] value: [] (FROM RECIPE_ROW) recipeId: [79bc447496f5479d96880fbecb69eadb] tagID=[c26f43793c1d47c59d1e85e4b3346a7d] set TAG_NEW=0,DB DEBUG,fe_LotRecipeRowCheckCreateByRecipe,c05dcd762e4b4b5a99224c48445d7683,3
80060,08/05/2026 08:48:23,INSERT in LOT_RECIPE_ROW TAG: [GI4_RECIPE_Data_OP10_PTL_29_Description] value: [] (FROM RECIPE_ROW) recipeId: [79bc447496f5479d96880fbecb69eadb] tagID=[c1af14d7f1ab4b289e63457352547ec8] set TAG_NEW=0,DB DEBUG,fe_LotRecipeRowCheckCreateByRecipe,c05dcd762e4b4b5a99224c48445d7683,3
80059,08/05/2026 08:48:23,INSERT in LOT_RECIPE_ROW TAG: [GI4_RECIPE_Data_OP10_PTL_20_PartNumber] value: [] (FROM RECIPE_ROW) recipeId: [79bc447496f5479d96880fbecb69eadb] tagID=[c12fb192e4684af1a0076e569693b60a] set TAG_NEW=0,DB DEBUG,fe_LotRecipeRowCheckCreateByRecipe,c05dcd762e4b4b5a99224c48445d7683,3
80058,08/05/2026 08:48:23,INSERT in LOT_RECIPE_ROW TAG: [GI4_RECIPE_Data_OP30_PTL_10_Description] value: [] (FROM RECIPE_ROW) recipeId: [79bc447496f5479d96880fbecb69eadb] tagID=[c106b0472bc946af8adb552982d35391] set TAG_NEW=0,DB DEBUG,fe_LotRecipeRowCheckCreateByRecipe,c05dcd762e4b4b5a99224c48445d7683,3
80057,08/05/2026 08:48:23,INSERT in LOT_RECIPE_ROW TAG: [GI4_RECIPE_Data_OP10_PTL_17_Description] value: [] (FROM RECIPE_ROW) recipeId: [79bc447496f5479d96880fbecb69eadb] tagID=[c070a6bd45634e6cb48e3f33257074a4] set TAG_NEW=0,DB DEBUG,fe_LotRecipeRowCheckCreateByRecipe,c05dcd762e4b4b5a99224c48445d7683,3
80056,08/05/2026 08:48:23,INSERT in LOT_RECIPE_ROW TAG: [GI4_RECIPE_Data_OP10_PTL_2_Cell] value: [18] (FROM RECIPE_ROW) recipeId: [79bc447496f5479d96880fbecb69eadb] tagID=[bf8911c5ef4d46cca50bc6607b301bcb] set TAG_NEW=0,DB DEBUG,fe_LotRecipeRowCheckCreateByRecipe,c05dcd762e4b4b5a99224c48445d7683,3
80055,08/05/2026 08:48:23,INSERT in LOT_RECIPE_ROW TAG: [GI4_RECIPE_Data_OP30_PTL_31_PartNumber] value: [] (FROM RECIPE_ROW) recipeId: [79bc447496f5479d96880fbecb69eadb] tagID=[be5401d776254fb491ba083fe0c2c746] set TAG_NEW=0,DB DEBUG,fe_LotRecipeRowCheckCreateByRecipe,c05dcd762e4b4b5a99224c48445d7683,3
80054,08/05/2026 08:48:23,INSERT in LOT_RECIPE_ROW TAG: [GI4_RECIPE_Data_OP10_PTL_24_CellUnion] value: [0] (FROM RECIPE_ROW) recipeId: [79bc447496f5479d96880fbecb69eadb] tagID=[be073a12937c458d84834dace368a187] set TAG_NEW=0,DB DEBUG,fe_LotRecipeRowCheckCreateByRecipe,c05dcd762e4b4b5a99224c48445d7683,3
80053,08/05/2026 08:48:23,INSERT in LOT_RECIPE_ROW TAG: [GI4_RECIPE_Data_OP30_PTL_29_Qta] value: [0] (FROM RECIPE_ROW) recipeId: [79bc447496f5479d96880fbecb69eadb] tagID=[bc3fc782f88f41ee9ca37dbbf13c9a30] set TAG_NEW=0,DB DEBUG,fe_LotRecipeRowCheckCreateByRecipe,c05dcd762e4b4b5a99224c48445d7683,3
80052,08/05/2026 08:48:23,INSERT in LOT_RECIPE_ROW TAG: [GI4_RECIPE_Data_OP30_PTL_26_PartNumber] value: [] (FROM RECIPE_ROW) recipeId: [79bc447496f5479d96880fbecb69eadb] tagID=[bc25f7ecf75e421c97fb25804c34fb13] set TAG_NEW=0,DB DEBUG,fe_LotRecipeRowCheckCreateByRecipe,c05dcd762e4b4b5a99224c48445d7683,3
80051,08/05/2026 08:48:23,INSERT in LOT_RECIPE_ROW TAG: [GI4_RECIPE_Data_OP10_PTL_27_PartNumber] value: [] (FROM RECIPE_ROW) recipeId: [79bc447496f5479d96880fbecb69eadb] tagID=[bbd55296f3d9459c9cbced2ba6f0a77d] set TAG_NEW=0,DB DEBUG,fe_LotRecipeRowCheckCreateByRecipe,c05dcd762e4b4b5a99224c48445d7683,3
80050,08/05/2026 08:48:23,INSERT in LOT_RECIPE_ROW TAG: [GI4_RECIPE_Data_OP30_PTL_8_Cell] value: [12] (FROM RECIPE_ROW) recipeId: [79bc447496f5479d96880fbecb69eadb] tagID=[bb92791e866e4d888fd699bdab2462a3] set TAG_NEW=0,DB DEBUG,fe_LotRecipeRowCheckCreateByRecipe,c05dcd762e4b4b5a99224c48445d7683,3
80049,08/05/2026 08:48:23,INSERT in LOT_RECIPE_ROW TAG: [GI4_RECIPE_Data_OP10_PTL_8_Cell] value: [0] (FROM RECIPE_ROW) recipeId: [79bc447496f5479d96880fbecb69eadb] tagID=[b97671bc53ef430da0c80fcd2c7e6b05] set TAG_NEW=0,DB DEBUG,fe_LotRecipeRowCheckCreateByRecipe,c05dcd762e4b4b5a99224c48445d7683,3
80048,08/05/2026 08:48:23,INSERT in LOT_RECIPE_ROW TAG: [GI4_RECIPE_Data_OP30_PTL_6_PartNumber] value: [11282842] (FROM RECIPE_ROW) recipeId: [79bc447496f5479d96880fbecb69eadb] tagID=[b8b9fa36e33a4e14a2374c935ab0585d] set TAG_NEW=0,DB DEBUG,fe_LotRecipeRowCheckCreateByRecipe,c05dcd762e4b4b5a99224c48445d7683,3
80047,08/05/2026 08:48:23,INSERT in LOT_RECIPE_ROW TAG: [GI4_RECIPE_Data_OP10_PTL_22_Qta] value: [0] (FROM RECIPE_ROW) recipeId: [79bc447496f5479d96880fbecb69eadb] tagID=[b7d668115615414499c34d74a9b620e5] set TAG_NEW=0,DB DEBUG,fe_LotRecipeRowCheckCreateByRecipe,c05dcd762e4b4b5a99224c48445d7683,3
80046,08/05/2026 08:48:23,INSERT in LOT_RECIPE_ROW TAG: [GI4_RECIPE_Data_OP30_PTL_5_CellUnion] value: [0] (FROM RECIPE_ROW) recipeId: [79bc447496f5479d96880fbecb69eadb] tagID=[b63c4febbeee4ebeaba4b956239c4c4e] set TAG_NEW=0,DB DEBUG,fe_LotRecipeRowCheckCreateByRecipe,c05dcd762e4b4b5a99224c48445d7683,3
80045,08/05/2026 08:48:23,INSERT in LOT_RECIPE_ROW TAG: [GI4_RECIPE_Data_OP10_PTL_25_Qta] value: [0] (FROM RECIPE_ROW) recipeId: [79bc447496f5479d96880fbecb69eadb] tagID=[b5cbc5b84b64466789f2b58cc5e5bbb4] set TAG_NEW=0,DB DEBUG,fe_LotRecipeRowCheckCreateByRecipe,c05dcd762e4b4b5a99224c48445d7683,3
80044,08/05/2026 08:48:23,INSERT in LOT_RECIPE_ROW TAG: [GI4_RECIPE_Data_OP10_PTL_10_Qta] value: [0] (FROM RECIPE_ROW) recipeId: [79bc447496f5479d96880fbecb69eadb] tagID=[affad80389084da3899b526e402ed673] set TAG_NEW=0,DB DEBUG,fe_LotRecipeRowCheckCreateByRecipe,c05dcd762e4b4b5a99224c48445d7683,3
80043,08/05/2026 08:48:23,INSERT in LOT_RECIPE_ROW TAG: [GI4_RECIPE_Data_OP30_PTL_14_PartNumber] value: [] (FROM RECIPE_ROW) recipeId: [79bc447496f5479d96880fbecb69eadb] tagID=[adc6dee299e94b74a6c5d5d7fc477174] set TAG_NEW=0,DB DEBUG,fe_LotRecipeRowCheckCreateByRecipe,c05dcd762e4b4b5a99224c48445d7683,3
80042,08/05/2026 08:48:23,INSERT in LOT_RECIPE_ROW TAG: [GI4_RECIPE_Data_OP30_PTL_30_CellUnion] value: [0] (FROM RECIPE_ROW) recipeId: [79bc447496f5479d96880fbecb69eadb] tagID=[adc5415e252f479f81b9a6c599dbb9d0] set TAG_NEW=0,DB DEBUG,fe_LotRecipeRowCheckCreateByRecipe,c05dcd762e4b4b5a99224c48445d7683,3
80041,08/05/2026 08:48:23,INSERT in LOT_RECIPE_ROW TAG: [GI4_RECIPE_Data_OP30_PTL_11_Cell] value: [0] (FROM RECIPE_ROW) recipeId: [79bc447496f5479d96880fbecb69eadb] tagID=[ad7f7fe44f0a4a5cbd5acbab5052351e] set TAG_NEW=0,DB DEBUG,fe_LotRecipeRowCheckCreateByRecipe,c05dcd762e4b4b5a99224c48445d7683,3
80040,08/05/2026 08:48:23,INSERT in LOT_RECIPE_ROW TAG: [GI4_RECIPE_Data_OP10_PTL_7_Description] value: [TCCE M10x35 UNI5931-12K-br.] (FROM RECIPE_ROW) recipeId: [79bc447496f5479d96880fbecb69eadb] tagID=[ac7747aadd5a48bc8af7192c4715ad52] set TAG_NEW=0,DB DEBUG,fe_LotRecipeRowCheckCreateByRecipe,c05dcd762e4b4b5a99224c48445d7683,3
80039,08/05/2026 08:48:23,INSERT in LOT_RECIPE_ROW TAG: [GI4_RECIPE_Data_OP10_PTL_24_Qta] value: [0] (FROM RECIPE_ROW) recipeId: [79bc447496f5479d96880fbecb69eadb] tagID=[ac05b3ef6b984070964f44c6a386b03e] set TAG_NEW=0,DB DEBUG,fe_LotRecipeRowCheckCreateByRecipe,c05dcd762e4b4b5a99224c48445d7683,3
80038,08/05/2026 08:48:23,INSERT in LOT_RECIPE_ROW TAG: [GI4_RECIPE_Data_OP10_PTL_19_Qta] value: [0] (FROM RECIPE_ROW) recipeId: [79bc447496f5479d96880fbecb69eadb] tagID=[a854b6342fee41a6a95bf7a66f91f2f2] set TAG_NEW=0,DB DEBUG,fe_LotRecipeRowCheckCreateByRecipe,c05dcd762e4b4b5a99224c48445d7683,3
80037,08/05/2026 08:48:23,INSERT in LOT_RECIPE_ROW TAG: [GI4_RECIPE_Data_OP10_PTL_15_Qta] value: [0] (FROM RECIPE_ROW) recipeId: [79bc447496f5479d96880fbecb69eadb] tagID=[a62c40231ea046c392bd93ca69a7eb93] set TAG_NEW=0,DB DEBUG,fe_LotRecipeRowCheckCreateByRecipe,c05dcd762e4b4b5a99224c48445d7683,3
80036,08/05/2026 08:48:23,INSERT in LOT_RECIPE_ROW TAG: [GI4_RECIPE_Data_OP10_PTL_12_Cell] value: [0] (FROM RECIPE_ROW) recipeId: [79bc447496f5479d96880fbecb69eadb] tagID=[a536e08c7e0646a1a3bf8cbf76ff4d06] set TAG_NEW=0,DB DEBUG,fe_LotRecipeRowCheckCreateByRecipe,c05dcd762e4b4b5a99224c48445d7683,3
80035,08/05/2026 08:48:23,INSERT in LOT_RECIPE_ROW TAG: [GI4_RECIPE_Data_OP10_PTL_22_Cell] value: [0] (FROM RECIPE_ROW) recipeId: [79bc447496f5479d96880fbecb69eadb] tagID=[a06dc51fecd4478cab7219b5a81f561e] set TAG_NEW=0,DB DEBUG,fe_LotRecipeRowCheckCreateByRecipe,c05dcd762e4b4b5a99224c48445d7683,3
80034,08/05/2026 08:48:23,INSERT in LOT_RECIPE_ROW TAG: [GI4_RECIPE_Data_OP10_PTL_8_CellUnion] value: [0] (FROM RECIPE_ROW) recipeId: [79bc447496f5479d96880fbecb69eadb] tagID=[9f675bf8a3fc4baf9600424a6e6e7dfc] set TAG_NEW=0,DB DEBUG,fe_LotRecipeRowCheckCreateByRecipe,c05dcd762e4b4b5a99224c48445d7683,3
80033,08/05/2026 08:48:23,INSERT in LOT_RECIPE_ROW TAG: [GI4_RECIPE_Data_OP30_PTL_30_Description] value: [] (FROM RECIPE_ROW) recipeId: [79bc447496f5479d96880fbecb69eadb] tagID=[9f49aa7d8fe74c4ebe0822c76b1d6809] set TAG_NEW=0,DB DEBUG,fe_LotRecipeRowCheckCreateByRecipe,c05dcd762e4b4b5a99224c48445d7683,3
80032,08/05/2026 08:48:23,INSERT in LOT_RECIPE_ROW TAG: [GI4_RECIPE_Data_OP10_PTL_3_CellUnion] value: [0] (FROM RECIPE_ROW) recipeId: [79bc447496f5479d96880fbecb69eadb] tagID=[9f494ab1a6b240f0a92431fa148ecacd] set TAG_NEW=0,DB DEBUG,fe_LotRecipeRowCheckCreateByRecipe,c05dcd762e4b4b5a99224c48445d7683,3
80031,08/05/2026 08:48:23,INSERT in LOT_RECIPE_ROW TAG: [GI4_RECIPE_Data_OP30_PTL_23_CellUnion] value: [0] (FROM RECIPE_ROW) recipeId: [79bc447496f5479d96880fbecb69eadb] tagID=[9f3ce9c5657c4081a44076684abed128] set TAG_NEW=0,DB DEBUG,fe_LotRecipeRowCheckCreateByRecipe,c05dcd762e4b4b5a99224c48445d7683,3
80030,08/05/2026 08:48:23,INSERT in LOT_RECIPE_ROW TAG: [GI4_RECIPE_Data_OP10_PTL_31_CellUnion] value: [0] (FROM RECIPE_ROW) recipeId: [79bc447496f5479d96880fbecb69eadb] tagID=[9e841f7f5b044a1693ad08752fc3583d] set TAG_NEW=0,DB DEBUG,fe_LotRecipeRowCheckCreateByRecipe,c05dcd762e4b4b5a99224c48445d7683,3
80029,08/05/2026 08:48:23,INSERT in LOT_RECIPE_ROW TAG: [GI4_RECIPE_Data_OP30_PTL_26_Qta] value: [0] (FROM RECIPE_ROW) recipeId: [79bc447496f5479d96880fbecb69eadb] tagID=[9da728b46768497c82e8ee97dab5c77f] set TAG_NEW=0,DB DEBUG,fe_LotRecipeRowCheckCreateByRecipe,c05dcd762e4b4b5a99224c48445d7683,3
80028,08/05/2026 08:48:23,INSERT in LOT_RECIPE_ROW TAG: [GI4_RECIPE_Data_OP30_PTL_29_Cell] value: [0] (FROM RECIPE_ROW) recipeId: [79bc447496f5479d96880fbecb69eadb] tagID=[9d894fc434dd4e128348f7295f11a416] set TAG_NEW=0,DB DEBUG,fe_LotRecipeRowCheckCreateByRecipe,c05dcd762e4b4b5a99224c48445d7683,3
80027,08/05/2026 08:48:23,INSERT in LOT_RECIPE_ROW TAG: [GI4_RECIPE_Data_OP30_PTL_18_Description] value: [] (FROM RECIPE_ROW) recipeId: [79bc447496f5479d96880fbecb69eadb] tagID=[9d6181a89a3b42b089cdea11cde8d5aa] set TAG_NEW=0,DB DEBUG,fe_LotRecipeRowCheckCreateByRecipe,c05dcd762e4b4b5a99224c48445d7683,3
80026,08/05/2026 08:48:23,INSERT in LOT_RECIPE_ROW TAG: [GI4_RECIPE_Data_OP10_PTL_6_Cell] value: [27] (FROM RECIPE_ROW) recipeId: [79bc447496f5479d96880fbecb69eadb] tagID=[9ca743ce62c64ec19306f9a7f58ee4b2] set TAG_NEW=0,DB DEBUG,fe_LotRecipeRowCheckCreateByRecipe,c05dcd762e4b4b5a99224c48445d7683,3
80025,08/05/2026 08:48:23,INSERT in LOT_RECIPE_ROW TAG: [GI4_RECIPE_Data_OP30_PTL_12_Description] value: [] (FROM RECIPE_ROW) recipeId: [79bc447496f5479d96880fbecb69eadb] tagID=[9968ccfe92584960b1373e007a2970ca] set TAG_NEW=0,DB DEBUG,fe_LotRecipeRowCheckCreateByRecipe,c05dcd762e4b4b5a99224c48445d7683,3
80024,08/05/2026 08:48:23,INSERT in LOT_RECIPE_ROW TAG: [GI4_RECIPE_Data_OP30_PTL_15_Description] value: [] (FROM RECIPE_ROW) recipeId: [79bc447496f5479d96880fbecb69eadb] tagID=[980dc20e83254cfa8b43b2e84a4dc2f3] set TAG_NEW=0,DB DEBUG,fe_LotRecipeRowCheckCreateByRecipe,c05dcd762e4b4b5a99224c48445d7683,3
80023,08/05/2026 08:48:23,INSERT in LOT_RECIPE_ROW TAG: [GI4_RECIPE_Data_OP10_PTL_2_PartNumber] value: [313.0047.0.00] (FROM RECIPE_ROW) recipeId: [79bc447496f5479d96880fbecb69eadb] tagID=[97725c7e1be64b50af0a8ea3be69c4ab] set TAG_NEW=0,DB DEBUG,fe_LotRecipeRowCheckCreateByRecipe,c05dcd762e4b4b5a99224c48445d7683,3
80022,08/05/2026 08:48:23,INSERT in LOT_RECIPE_ROW TAG: [GI4_RECIPE_Data_OP10_PTL_30_Cell] value: [0] (FROM RECIPE_ROW) recipeId: [79bc447496f5479d96880fbecb69eadb] tagID=[96e62cf2a766464aa0d7953351080569] set TAG_NEW=0,DB DEBUG,fe_LotRecipeRowCheckCreateByRecipe,c05dcd762e4b4b5a99224c48445d7683,3
80021,08/05/2026 08:48:23,INSERT in LOT_RECIPE_ROW TAG: [GI4_RECIPE_Data_OP30_PTL_15_Qta] value: [0] (FROM RECIPE_ROW) recipeId: [79bc447496f5479d96880fbecb69eadb] tagID=[968856ca602e46fea96e5ad25133b385] set TAG_NEW=0,DB DEBUG,fe_LotRecipeRowCheckCreateByRecipe,c05dcd762e4b4b5a99224c48445d7683,3
80020,08/05/2026 08:48:23,INSERT in LOT_RECIPE_ROW TAG: [GI4_RECIPE_Data_OP30_PTL_29_PartNumber] value: [] (FROM RECIPE_ROW) recipeId: [79bc447496f5479d96880fbecb69eadb] tagID=[94dd4cd7263e45239951c5b10677bf6c] set TAG_NEW=0,DB DEBUG,fe_LotRecipeRowCheckCreateByRecipe,c05dcd762e4b4b5a99224c48445d7683,3
80019,08/05/2026 08:48:23,INSERT in LOT_RECIPE_ROW TAG: [GI4_RECIPE_Data_OP30_PTL_19_Description] value: [] (FROM RECIPE_ROW) recipeId: [79bc447496f5479d96880fbecb69eadb] tagID=[94c2f74c34bb4d6cb2166ebd7712ff25] set TAG_NEW=0,DB DEBUG,fe_LotRecipeRowCheckCreateByRecipe,c05dcd762e4b4b5a99224c48445d7683,3
80018,08/05/2026 08:48:23,INSERT in LOT_RECIPE_ROW TAG: [GI4_RECIPE_Data_OP30_PTL_7_Description] value: [SPINA COLL. D.8x15 sim. UNI E] (FROM RECIPE_ROW) recipeId: [79bc447496f5479d96880fbecb69eadb] tagID=[94025c26c59641fa8ca85675332ce390] set TAG_NEW=0,DB DEBUG,fe_LotRecipeRowCheckCreateByRecipe,c05dcd762e4b4b5a99224c48445d7683,3
80017,08/05/2026 08:48:23,INSERT in LOT_RECIPE_ROW TAG: [GI4_RECIPE_Data_OP30_PTL_24_Cell] value: [0] (FROM RECIPE_ROW) recipeId: [79bc447496f5479d96880fbecb69eadb] tagID=[93740c4ee2724d1b94687ed48e1e00e4] set TAG_NEW=0,DB DEBUG,fe_LotRecipeRowCheckCreateByRecipe,c05dcd762e4b4b5a99224c48445d7683,3
80016,08/05/2026 08:48:23,INSERT in LOT_RECIPE_ROW TAG: [GI4_RECIPE_Data_OP10_PTL_29_Qta] value: [0] (FROM RECIPE_ROW) recipeId: [79bc447496f5479d96880fbecb69eadb] tagID=[92b271e48ed641e6ad129bac0809f533] set TAG_NEW=0,DB DEBUG,fe_LotRecipeRowCheckCreateByRecipe,c05dcd762e4b4b5a99224c48445d7683,3
80015,08/05/2026 08:48:23,INSERT in LOT_RECIPE_ROW TAG: [GI4_RECIPE_Data_OP30_PTL_27_Description] value: [] (FROM RECIPE_ROW) recipeId: [79bc447496f5479d96880fbecb69eadb] tagID=[9268db9795f2473ba4a24cac807882a1] set TAG_NEW=0,DB DEBUG,fe_LotRecipeRowCheckCreateByRecipe,c05dcd762e4b4b5a99224c48445d7683,3
80014,08/05/2026 08:48:23,INSERT in LOT_RECIPE_ROW TAG: [GI4_RECIPE_Data_OP10_PTL_24_Description] value: [] (FROM RECIPE_ROW) recipeId: [79bc447496f5479d96880fbecb69eadb] tagID=[9087a3791a4b4f6793a64e1cee3db501] set TAG_NEW=0,DB DEBUG,fe_LotRecipeRowCheckCreateByRecipe,c05dcd762e4b4b5a99224c48445d7683,3
80013,08/05/2026 08:48:23,INSERT in LOT_RECIPE_ROW TAG: [GI4_RECIPE_Data_OP10_PTL_27_Cell] value: [0] (FROM RECIPE_ROW) recipeId: [79bc447496f5479d96880fbecb69eadb] tagID=[8f2745f0a12842afaa70318e3cd1f7a8] set TAG_NEW=0,DB DEBUG,fe_LotRecipeRowCheckCreateByRecipe,c05dcd762e4b4b5a99224c48445d7683,3
80012,08/05/2026 08:48:23,INSERT in LOT_RECIPE_ROW TAG: [GI4_RECIPE_Data_OP30_PTL_7_Cell] value: [30] (FROM RECIPE_ROW) recipeId: [79bc447496f5479d96880fbecb69eadb] tagID=[8da5355aad07486dafba036bfff05750] set TAG_NEW=0,DB DEBUG,fe_LotRecipeRowCheckCreateByRecipe,c05dcd762e4b4b5a99224c48445d7683,3
80011,08/05/2026 08:48:23,INSERT in LOT_RECIPE_ROW TAG: [GI4_RECIPE_Data_OP10_PTL_6_CellUnion] value: [0] (FROM RECIPE_ROW) recipeId: [79bc447496f5479d96880fbecb69eadb] tagID=[8d2e3fe01eeb446292888b44f818a1f9] set TAG_NEW=0,DB DEBUG,fe_LotRecipeRowCheckCreateByRecipe,c05dcd762e4b4b5a99224c48445d7683,3
80010,08/05/2026 08:48:23,INSERT in LOT_RECIPE_ROW TAG: [GI4_RECIPE_Data_OP30_PTL_21_Description] value: [] (FROM RECIPE_ROW) recipeId: [79bc447496f5479d96880fbecb69eadb] tagID=[8c2620cd63eb4df79760a38874c39e8b] set TAG_NEW=0,DB DEBUG,fe_LotRecipeRowCheckCreateByRecipe,c05dcd762e4b4b5a99224c48445d7683,3
80009,08/05/2026 08:48:23,INSERT in LOT_RECIPE_ROW TAG: [GI4_RECIPE_Data_OP30_PTL_23_Qta] value: [0] (FROM RECIPE_ROW) recipeId: [79bc447496f5479d96880fbecb69eadb] tagID=[8bcb146e530c4d34ac0f620c1d076067] set TAG_NEW=0,DB DEBUG,fe_LotRecipeRowCheckCreateByRecipe,c05dcd762e4b4b5a99224c48445d7683,3
80008,08/05/2026 08:48:23,INSERT in LOT_RECIPE_ROW TAG: [GI4_RECIPE_Data_OP10_PTL_12_Description] value: [] (FROM RECIPE_ROW) recipeId: [79bc447496f5479d96880fbecb69eadb] tagID=[8917fa3d84b94453897c15f5eb6a1bc7] set TAG_NEW=0,DB DEBUG,fe_LotRecipeRowCheckCreateByRecipe,c05dcd762e4b4b5a99224c48445d7683,3
80007,08/05/2026 08:48:23,"INSERT in LOT_RECIPE_ROW TAG: [GI4_RECIPE_Data_OP10_PTL_6_Description] value: [PRE-SHAPED  OR SEAL88,57 x 2,] (FROM RECIPE_ROW) recipeId: [79bc447496f5479d96880fbecb69eadb] tagID=[8888b6c2b336454ea1dde3d0e777e26c] set TAG_NEW=0",DB DEBUG,fe_LotRecipeRowCheckCreateByRecipe,c05dcd762e4b4b5a99224c48445d7683,3
80006,08/05/2026 08:48:23,INSERT in LOT_RECIPE_ROW TAG: [GI4_RECIPE_Data_OP30_PTL_8_Qta] value: [10] (FROM RECIPE_ROW) recipeId: [79bc447496f5479d96880fbecb69eadb] tagID=[85fb34eba80d4fb38ad706d6bc51c136] set TAG_NEW=0,DB DEBUG,fe_LotRecipeRowCheckCreateByRecipe,c05dcd762e4b4b5a99224c48445d7683,3
80005,08/05/2026 08:48:23,INSERT in LOT_RECIPE_ROW TAG: [GI4_RECIPE_Data_OP30_PTL_4_Description] value: [AN.ANTIESTR.CONTEN.SNM3] (FROM RECIPE_ROW) recipeId: [79bc447496f5479d96880fbecb69eadb] tagID=[85dd705906f34a43a06a48e2fa5562d0] set TAG_NEW=0,DB DEBUG,fe_LotRecipeRowCheckCreateByRecipe,c05dcd762e4b4b5a99224c48445d7683,3
80004,08/05/2026 08:48:23,INSERT in LOT_RECIPE_ROW TAG: [GI4_RECIPE_Data_OP10_PTL_20_CellUnion] value: [0] (FROM RECIPE_ROW) recipeId: [79bc447496f5479d96880fbecb69eadb] tagID=[85556a15889e4c90b875e2fa81df305e] set TAG_NEW=0,DB DEBUG,fe_LotRecipeRowCheckCreateByRecipe,c05dcd762e4b4b5a99224c48445d7683,3
80003,08/05/2026 08:48:23,INSERT in LOT_RECIPE_ROW TAG: [GI4_RECIPE_Data_OP30_PTL_11_Description] value: [] (FROM RECIPE_ROW) recipeId: [79bc447496f5479d96880fbecb69eadb] tagID=[8221d86a3f8d40afa93cc9f830cee8ce] set TAG_NEW=0,DB DEBUG,fe_LotRecipeRowCheckCreateByRecipe,c05dcd762e4b4b5a99224c48445d7683,3
80002,08/05/2026 08:48:23,INSERT in LOT_RECIPE_ROW TAG: [GI4_RECIPE_Data_OP10_PTL_7_PartNumber] value: [5713.54.2587] (FROM RECIPE_ROW) recipeId: [79bc447496f5479d96880fbecb69eadb] tagID=[81ede46cf2a0429eb773b4da4e5f1846] set TAG_NEW=0,DB DEBUG,fe_LotRecipeRowCheckCreateByRecipe,c05dcd762e4b4b5a99224c48445d7683,3
80001,08/05/2026 08:48:23,INSERT in LOT_RECIPE_ROW TAG: [GI4_RECIPE_Data_OP30_PTL_27_Cell] value: [0] (FROM RECIPE_ROW) recipeId: [79bc447496f5479d96880fbecb69eadb] tagID=[819d3ffd99bb4d46afeea3540ec7844c] set TAG_NEW=0,DB DEBUG,fe_LotRecipeRowCheckCreateByRecipe,c05dcd762e4b4b5a99224c48445d7683,3
80000,08/05/2026 08:48:23,INSERT in LOT_RECIPE_ROW TAG: [GI4_RECIPE_Data_OP30_PTL_28_Qta] value: [0] (FROM RECIPE_ROW) recipeId: [79bc447496f5479d96880fbecb69eadb] tagID=[8016fe4df75b47bdad750766152a7bf9] set TAG_NEW=0,DB DEBUG,fe_LotRecipeRowCheckCreateByRecipe,c05dcd762e4b4b5a99224c48445d7683,3
79999,08/05/2026 08:48:23,INSERT in LOT_RECIPE_ROW TAG: [GI4_RECIPE_Data_OP10_PTL_17_PartNumber] value: [] (FROM RECIPE_ROW) recipeId: [79bc447496f5479d96880fbecb69eadb] tagID=[7f7739bc347f45608ba21aa04342c2dc] set TAG_NEW=0,DB DEBUG,fe_LotRecipeRowCheckCreateByRecipe,c05dcd762e4b4b5a99224c48445d7683,3
79998,08/05/2026 08:48:23,INSERT in LOT_RECIPE_ROW TAG: [GI4_RECIPE_Data_OP30_PTL_5_Cell] value: [32] (FROM RECIPE_ROW) recipeId: [79bc447496f5479d96880fbecb69eadb] tagID=[7f00999f806f469994cc8e2c2ef27728] set TAG_NEW=0,DB DEBUG,fe_LotRecipeRowCheckCreateByRecipe,c05dcd762e4b4b5a99224c48445d7683,3
79997,08/05/2026 08:48:23,INSERT in LOT_RECIPE_ROW TAG: [GI4_RECIPE_Data_OP30_PTL_20_Cell] value: [0] (FROM RECIPE_ROW) recipeId: [79bc447496f5479d96880fbecb69eadb] tagID=[7f0097e64d4e42568f87353f6886771e] set TAG_NEW=0,DB DEBUG,fe_LotRecipeRowCheckCreateByRecipe,c05dcd762e4b4b5a99224c48445d7683,3
79996,08/05/2026 08:48:23,INSERT in LOT_RECIPE_ROW TAG: [GI4_RECIPE_Data_OP10_PTL_1_PartNumber] value: [314.0079.0.00] (FROM RECIPE_ROW) recipeId: [79bc447496f5479d96880fbecb69eadb] tagID=[7eee7b9b5d3f4f3385918cf9bb6b7875] set TAG_NEW=0,DB DEBUG,fe_LotRecipeRowCheckCreateByRecipe,c05dcd762e4b4b5a99224c48445d7683,3
79995,08/05/2026 08:48:23,INSERT in LOT_RECIPE_ROW TAG: [GI4_RECIPE_Data_OP10_PTL_17_CellUnion] value: [0] (FROM RECIPE_ROW) recipeId: [79bc447496f5479d96880fbecb69eadb] tagID=[7e99c778fe01429c8147fb61bf20fdbe] set TAG_NEW=0,DB DEBUG,fe_LotRecipeRowCheckCreateByRecipe,c05dcd762e4b4b5a99224c48445d7683,3
79994,08/05/2026 08:48:23,INSERT in LOT_RECIPE_ROW TAG: [GI4_RECIPE_Data_OP30_PTL_1_PartNumber] value: [314.0079.0.00] (FROM RECIPE_ROW) recipeId: [79bc447496f5479d96880fbecb69eadb] tagID=[7ce37947270449218f875eea849a2044] set TAG_NEW=0,DB DEBUG,fe_LotRecipeRowCheckCreateByRecipe,c05dcd762e4b4b5a99224c48445d7683,3
79993,08/05/2026 08:48:23,INSERT in LOT_RECIPE_ROW TAG: [GI4_RECIPE_Data_OP30_PTL_4_Qta] value: [5] (FROM RECIPE_ROW) recipeId: [79bc447496f5479d96880fbecb69eadb] tagID=[7ca06a06c6814e5482f933de89dca8a1] set TAG_NEW=0,DB DEBUG,fe_LotRecipeRowCheckCreateByRecipe,c05dcd762e4b4b5a99224c48445d7683,3
79992,08/05/2026 08:48:23,INSERT in LOT_RECIPE_ROW TAG: [GI4_RECIPE_Data_OP10_PTL_15_CellUnion] value: [0] (FROM RECIPE_ROW) recipeId: [79bc447496f5479d96880fbecb69eadb] tagID=[7b33baae8b4546efa155794599a1a1cd] set TAG_NEW=0,DB DEBUG,fe_LotRecipeRowCheckCreateByRecipe,c05dcd762e4b4b5a99224c48445d7683,3
79991,08/05/2026 08:48:23,INSERT in LOT_RECIPE_ROW TAG: [GI4_RECIPE_Data_OP30_PTL_32_PartNumber] value: [] (FROM RECIPE_ROW) recipeId: [79bc447496f5479d96880fbecb69eadb] tagID=[7aeef739d63544f497cc8606bc4a423a] set TAG_NEW=0,DB DEBUG,fe_LotRecipeRowCheckCreateByRecipe,c05dcd762e4b4b5a99224c48445d7683,3
79990,08/05/2026 08:48:23,INSERT in LOT_RECIPE_ROW TAG: [GI4_RECIPE_Data_OP30_PTL_10_Cell] value: [0] (FROM RECIPE_ROW) recipeId: [79bc447496f5479d96880fbecb69eadb] tagID=[7a725dc198044ac18b7412e722838ca5] set TAG_NEW=0,DB DEBUG,fe_LotRecipeRowCheckCreateByRecipe,c05dcd762e4b4b5a99224c48445d7683,3
79989,08/05/2026 08:48:23,INSERT in LOT_RECIPE_ROW TAG: [GI4_RECIPE_Data_OP10_PTL_10_Description] value: [] (FROM RECIPE_ROW) recipeId: [79bc447496f5479d96880fbecb69eadb] tagID=[79c101ec20b54abf9926753b220b0caf] set TAG_NEW=0,DB DEBUG,fe_LotRecipeRowCheckCreateByRecipe,c05dcd762e4b4b5a99224c48445d7683,3
79988,08/05/2026 08:48:23,INSERT in LOT_RECIPE_ROW TAG: [GI4_RECIPE_Data_OP10_PTL_22_Description] value: [] (FROM RECIPE_ROW) recipeId: [79bc447496f5479d96880fbecb69eadb] tagID=[78b0970ffcdb4c489eb6d1d9636d389b] set TAG_NEW=0,DB DEBUG,fe_LotRecipeRowCheckCreateByRecipe,c05dcd762e4b4b5a99224c48445d7683,3
79987,08/05/2026 08:48:23,INSERT in LOT_RECIPE_ROW TAG: [GI4_RECIPE_Data_OP30_PTL_8_PartNumber] value: [5713.54.2579] (FROM RECIPE_ROW) recipeId: [79bc447496f5479d96880fbecb69eadb] tagID=[7807e14906eb46aa9f1939eb0ad14cc8] set TAG_NEW=0,DB DEBUG,fe_LotRecipeRowCheckCreateByRecipe,c05dcd762e4b4b5a99224c48445d7683,3
79986,08/05/2026 08:48:23,INSERT in LOT_RECIPE_ROW TAG: [GI4_RECIPE_Data_OP30_PTL_17_Description] value: [] (FROM RECIPE_ROW) recipeId: [79bc447496f5479d96880fbecb69eadb] tagID=[77bad5e1ff0c458d8fff4dc1a9398e7e] set TAG_NEW=0,DB DEBUG,fe_LotRecipeRowCheckCreateByRecipe,c05dcd762e4b4b5a99224c48445d7683,3
79985,08/05/2026 08:48:23,INSERT in LOT_RECIPE_ROW TAG: [GI4_RECIPE_Data_OP10_PTL_13_PartNumber] value: [] (FROM RECIPE_ROW) recipeId: [79bc447496f5479d96880fbecb69eadb] tagID=[77990ba514464dbea40c4a1f5d262014] set TAG_NEW=0,DB DEBUG,fe_LotRecipeRowCheckCreateByRecipe,c05dcd762e4b4b5a99224c48445d7683,3
79984,08/05/2026 08:48:23,INSERT in LOT_RECIPE_ROW TAG: [GI4_RECIPE_Data_OP10_PTL_27_Description] value: [] (FROM RECIPE_ROW) recipeId: [79bc447496f5479d96880fbecb69eadb] tagID=[774308447f00451a913ddb067ba935c3] set TAG_NEW=0,DB DEBUG,fe_LotRecipeRowCheckCreateByRecipe,c05dcd762e4b4b5a99224c48445d7683,3
79983,08/05/2026 08:48:23,INSERT in LOT_RECIPE_ROW TAG: [GI4_RECIPE_Data_OP30_PTL_3_CellUnion] value: [0] (FROM RECIPE_ROW) recipeId: [79bc447496f5479d96880fbecb69eadb] tagID=[773664048fe84aa3af61957a9eaa68d9] set TAG_NEW=0,DB DEBUG,fe_LotRecipeRowCheckCreateByRecipe,c05dcd762e4b4b5a99224c48445d7683,3
79982,08/05/2026 08:48:23,INSERT in LOT_RECIPE_ROW TAG: [GI4_RECIPE_Data_OP30_PTL_16_Qta] value: [0] (FROM RECIPE_ROW) recipeId: [79bc447496f5479d96880fbecb69eadb] tagID=[772cdae9560e41fcbc21a49ff0310e5f] set TAG_NEW=0,DB DEBUG,fe_LotRecipeRowCheckCreateByRecipe,c05dcd762e4b4b5a99224c48445d7683,3
79981,08/05/2026 08:48:23,INSERT in LOT_RECIPE_ROW TAG: [GI4_RECIPE_Data_OP10_PTL_20_Qta] value: [0] (FROM RECIPE_ROW) recipeId: [79bc447496f5479d96880fbecb69eadb] tagID=[760d7a53d15f41bb83c62de898f24014] set TAG_NEW=0,DB DEBUG,fe_LotRecipeRowCheckCreateByRecipe,c05dcd762e4b4b5a99224c48445d7683,3
79980,08/05/2026 08:48:23,INSERT in LOT_RECIPE_ROW TAG: [GI4_RECIPE_Data_OP10_PTL_30_Qta] value: [0] (FROM RECIPE_ROW) recipeId: [79bc447496f5479d96880fbecb69eadb] tagID=[75d662153d94421ea2f11bc5802a8c51] set TAG_NEW=0,DB DEBUG,fe_LotRecipeRowCheckCreateByRecipe,c05dcd762e4b4b5a99224c48445d7683,3
79979,08/05/2026 08:48:23,INSERT in LOT_RECIPE_ROW TAG: [GI4_RECIPE_Data_OP10_PTL_29_Cell] value: [0] (FROM RECIPE_ROW) recipeId: [79bc447496f5479d96880fbecb69eadb] tagID=[751c4493e3a142aa8a4677324fd9ecda] set TAG_NEW=0,DB DEBUG,fe_LotRecipeRowCheckCreateByRecipe,c05dcd762e4b4b5a99224c48445d7683,3
79978,08/05/2026 08:48:23,INSERT in LOT_RECIPE_ROW TAG: [GI4_RECIPE_Data_OP10_PTL_16_Cell] value: [0] (FROM RECIPE_ROW) recipeId: [79bc447496f5479d96880fbecb69eadb] tagID=[750a2d67248342f3af0ccecec3a1152f] set TAG_NEW=0,DB DEBUG,fe_LotRecipeRowCheckCreateByRecipe,c05dcd762e4b4b5a99224c48445d7683,3
79977,08/05/2026 08:48:23,INSERT in LOT_RECIPE_ROW TAG: [GI4_RECIPE_Data_OP10_PTL_16_PartNumber] value: [] (FROM RECIPE_ROW) recipeId: [79bc447496f5479d96880fbecb69eadb] tagID=[74b93c0707694d76ac0ab9741e0dbf4d] set TAG_NEW=0,DB DEBUG,fe_LotRecipeRowCheckCreateByRecipe,c05dcd762e4b4b5a99224c48445d7683,3
79976,08/05/2026 08:48:23,INSERT in LOT_RECIPE_ROW TAG: [GI4_RECIPE_Data_OP30_PTL_11_Qta] value: [0] (FROM RECIPE_ROW) recipeId: [79bc447496f5479d96880fbecb69eadb] tagID=[7485e62704ef4a809acab6146f70165f] set TAG_NEW=0,DB DEBUG,fe_LotRecipeRowCheckCreateByRecipe,c05dcd762e4b4b5a99224c48445d7683,3
79975,08/05/2026 08:48:23,INSERT in LOT_RECIPE_ROW TAG: [GI4_RECIPE_Data_OP10_PTL_23_PartNumber] value: [] (FROM RECIPE_ROW) recipeId: [79bc447496f5479d96880fbecb69eadb] tagID=[733a562f476843158ae9f05e5d1555e9] set TAG_NEW=0,DB DEBUG,fe_LotRecipeRowCheckCreateByRecipe,c05dcd762e4b4b5a99224c48445d7683,3
79974,08/05/2026 08:48:23,INSERT in LOT_RECIPE_ROW TAG: [GI4_RECIPE_Data_OP10_PTL_30_CellUnion] value: [0] (FROM RECIPE_ROW) recipeId: [79bc447496f5479d96880fbecb69eadb] tagID=[727edafc5bf842fbad1e5714db1c596e] set TAG_NEW=0,DB DEBUG,fe_LotRecipeRowCheckCreateByRecipe,c05dcd762e4b4b5a99224c48445d7683,3
79973,08/05/2026 08:48:23,INSERT in LOT_RECIPE_ROW TAG: [GI4_RECIPE_Data_OP30_PTL_18_CellUnion] value: [0] (FROM RECIPE_ROW) recipeId: [79bc447496f5479d96880fbecb69eadb] tagID=[711cd36608ac4e6297e2094b46e147db] set TAG_NEW=0,DB DEBUG,fe_LotRecipeRowCheckCreateByRecipe,c05dcd762e4b4b5a99224c48445d7683,3
79972,08/05/2026 08:48:23,INSERT in LOT_RECIPE_ROW TAG: [GI4_RECIPE_Data_OP30_PTL_1_Description] value: [GUAR.BILANC.SNM3] (FROM RECIPE_ROW) recipeId: [79bc447496f5479d96880fbecb69eadb] tagID=[6edf7c9599df40aaa064ea22db7144e7] set TAG_NEW=0,DB DEBUG,fe_LotRecipeRowCheckCreateByRecipe,c05dcd762e4b4b5a99224c48445d7683,3
79971,08/05/2026 08:48:23,INSERT in LOT_RECIPE_ROW TAG: [GI4_RECIPE_Data_OP30_PTL_32_Cell] value: [0] (FROM RECIPE_ROW) recipeId: [79bc447496f5479d96880fbecb69eadb] tagID=[6e6130a827ba424697b8f39f165457b2] set TAG_NEW=0,DB DEBUG,fe_LotRecipeRowCheckCreateByRecipe,c05dcd762e4b4b5a99224c48445d7683,3
79970,08/05/2026 08:48:23,INSERT in LOT_RECIPE_ROW TAG: [GI4_RECIPE_Data_OP30_PTL_16_PartNumber] value: [] (FROM RECIPE_ROW) recipeId: [79bc447496f5479d96880fbecb69eadb] tagID=[6d357d24034d4d348eb664870a175ca5] set TAG_NEW=0,DB DEBUG,fe_LotRecipeRowCheckCreateByRecipe,c05dcd762e4b4b5a99224c48445d7683,3
79969,08/05/2026 08:48:23,INSERT in LOT_RECIPE_ROW TAG: [GI4_RECIPE_Data_OP10_PTL_11_PartNumber] value: [] (FROM RECIPE_ROW) recipeId: [79bc447496f5479d96880fbecb69eadb] tagID=[6c1be1f68e494b569a353b101e5d9f63] set TAG_NEW=0,DB DEBUG,fe_LotRecipeRowCheckCreateByRecipe,c05dcd762e4b4b5a99224c48445d7683,3
79968,08/05/2026 08:48:23,INSERT in LOT_RECIPE_ROW TAG: [GI4_RECIPE_Data_OP30_PTL_3_Description] value: [GUAR.CONTEN.SNM3] (FROM RECIPE_ROW) recipeId: [79bc447496f5479d96880fbecb69eadb] tagID=[6c0199243d38436b93a2b418272ded79] set TAG_NEW=0,DB DEBUG,fe_LotRecipeRowCheckCreateByRecipe,c05dcd762e4b4b5a99224c48445d7683,3
79967,08/05/2026 08:48:23,INSERT in LOT_RECIPE_ROW TAG: [GI4_RECIPE_Data_OP30_PTL_21_Qta] value: [0] (FROM RECIPE_ROW) recipeId: [79bc447496f5479d96880fbecb69eadb] tagID=[6af41353fa6f4a709fe70e57e460aa3b] set TAG_NEW=0,DB DEBUG,fe_LotRecipeRowCheckCreateByRecipe,c05dcd762e4b4b5a99224c48445d7683,3
79966,08/05/2026 08:48:23,INSERT in LOT_RECIPE_ROW TAG: [GI4_RECIPE_Data_OP10_PTL_20_Cell] value: [0] (FROM RECIPE_ROW) recipeId: [79bc447496f5479d96880fbecb69eadb] tagID=[6ae4780b4c774be58929b261d175fda3] set TAG_NEW=0,DB DEBUG,fe_LotRecipeRowCheckCreateByRecipe,c05dcd762e4b4b5a99224c48445d7683,3
79965,08/05/2026 08:48:23,INSERT in LOT_RECIPE_ROW TAG: [GI4_RECIPE_Data_OP30_PTL_22_Qta] value: [0] (FROM RECIPE_ROW) recipeId: [79bc447496f5479d96880fbecb69eadb] tagID=[6a47f9a505974f038e4c4f5cccbb8ef4] set TAG_NEW=0,DB DEBUG,fe_LotRecipeRowCheckCreateByRecipe,c05dcd762e4b4b5a99224c48445d7683,3
79964,08/05/2026 08:48:23,INSERT in LOT_RECIPE_ROW TAG: [GI4_RECIPE_Data_OP10_PTL_2_Qta] value: [5] (FROM RECIPE_ROW) recipeId: [79bc447496f5479d96880fbecb69eadb] tagID=[698b5b93bb8a41d5809063524e865c1b] set TAG_NEW=0,DB DEBUG,fe_LotRecipeRowCheckCreateByRecipe,c05dcd762e4b4b5a99224c48445d7683,3
79963,08/05/2026 08:48:23,INSERT in LOT_RECIPE_ROW TAG: [GI4_RECIPE_Data_OP10_PTL_2_Description] value: [AN.ANTIESTR.BILANC.SNM3] (FROM RECIPE_ROW) recipeId: [79bc447496f5479d96880fbecb69eadb] tagID=[692cff3bc5bb4dbcae04e9c68f313072] set TAG_NEW=0,DB DEBUG,fe_LotRecipeRowCheckCreateByRecipe,c05dcd762e4b4b5a99224c48445d7683,3
79962,08/05/2026 08:48:23,INSERT in LOT_RECIPE_ROW TAG: [GI4_RECIPE_Data_OP10_PTL_23_Qta] value: [0] (FROM RECIPE_ROW) recipeId: [79bc447496f5479d96880fbecb69eadb] tagID=[68adfe273d014114afba6129ffc52b42] set TAG_NEW=0,DB DEBUG,fe_LotRecipeRowCheckCreateByRecipe,c05dcd762e4b4b5a99224c48445d7683,3
79961,08/05/2026 08:48:23,INSERT in LOT_RECIPE_ROW TAG: [GI4_RECIPE_Data_OP10_PTL_17_Qta] value: [0] (FROM RECIPE_ROW) recipeId: [79bc447496f5479d96880fbecb69eadb] tagID=[68146a057ecc463e9520812f0779e7ce] set TAG_NEW=0,DB DEBUG,fe_LotRecipeRowCheckCreateByRecipe,c05dcd762e4b4b5a99224c48445d7683,3
79960,08/05/2026 08:48:23,INSERT in LOT_RECIPE_ROW TAG: [GI4_RECIPE_Data_OP10_PTL_28_Cell] value: [0] (FROM RECIPE_ROW) recipeId: [79bc447496f5479d96880fbecb69eadb] tagID=[67ab99c9dfdf4daab45861e0fb68c16c] set TAG_NEW=0,DB DEBUG,fe_LotRecipeRowCheckCreateByRecipe,c05dcd762e4b4b5a99224c48445d7683,3
79959,08/05/2026 08:48:23,INSERT in LOT_RECIPE_ROW TAG: [GI4_RECIPE_Data_OP30_PTL_2_Cell] value: [18] (FROM RECIPE_ROW) recipeId: [79bc447496f5479d96880fbecb69eadb] tagID=[669174397a5c4cf98a45c3da54ddf173] set TAG_NEW=0,DB DEBUG,fe_LotRecipeRowCheckCreateByRecipe,c05dcd762e4b4b5a99224c48445d7683,3
79958,08/05/2026 08:48:23,INSERT in LOT_RECIPE_ROW TAG: [GI4_RECIPE_Data_OP30_PTL_30_Qta] value: [0] (FROM RECIPE_ROW) recipeId: [79bc447496f5479d96880fbecb69eadb] tagID=[6674752a407546788d3d219607da6aa1] set TAG_NEW=0,DB DEBUG,fe_LotRecipeRowCheckCreateByRecipe,c05dcd762e4b4b5a99224c48445d7683,3
79957,08/05/2026 08:48:23,INSERT in LOT_RECIPE_ROW TAG: [GI4_RECIPE_Data_Orientation] value: [1] (FROM RECIPE_ROW) recipeId: [79bc447496f5479d96880fbecb69eadb] tagID=[659d2725213c419598cd5309a512dc6c] set TAG_NEW=0,DB DEBUG,fe_LotRecipeRowCheckCreateByRecipe,c05dcd762e4b4b5a99224c48445d7683,3
79956,08/05/2026 08:48:23,INSERT in LOT_RECIPE_ROW TAG: [GI4_RECIPE_Data_QtaOrd] value: [10] (FROM RECIPE_ROW) recipeId: [79bc447496f5479d96880fbecb69eadb] tagID=[651c889b30e34366b6504e28badaf6ad] set TAG_NEW=0,DB DEBUG,fe_LotRecipeRowCheckCreateByRecipe,c05dcd762e4b4b5a99224c48445d7683,3
79955,08/05/2026 08:48:23,INSERT in LOT_RECIPE_ROW TAG: [GI4_RECIPE_Data_OP10_PTL_12_CellUnion] value: [0] (FROM RECIPE_ROW) recipeId: [79bc447496f5479d96880fbecb69eadb] tagID=[64fec27c79b74da9a1900ac61d2a61f4] set TAG_NEW=0,DB DEBUG,fe_LotRecipeRowCheckCreateByRecipe,c05dcd762e4b4b5a99224c48445d7683,3
79954,08/05/2026 08:48:23,INSERT in LOT_RECIPE_ROW TAG: [GI4_RECIPE_Data_OP10_PTL_3_Qta] value: [5] (FROM RECIPE_ROW) recipeId: [79bc447496f5479d96880fbecb69eadb] tagID=[64b99ad7f39b4af1a1e9626de282e024] set TAG_NEW=0,DB DEBUG,fe_LotRecipeRowCheckCreateByRecipe,c05dcd762e4b4b5a99224c48445d7683,3
79953,08/05/2026 08:48:23,INSERT in LOT_RECIPE_ROW TAG: [GI4_RECIPE_Data_OP30_PTL_12_CellUnion] value: [0] (FROM RECIPE_ROW) recipeId: [79bc447496f5479d96880fbecb69eadb] tagID=[6475ee9189ba4a2ca7794bfaa97837d0] set TAG_NEW=0,DB DEBUG,fe_LotRecipeRowCheckCreateByRecipe,c05dcd762e4b4b5a99224c48445d7683,3
79952,08/05/2026 08:48:23,INSERT in LOT_RECIPE_ROW TAG: [GI4_RECIPE_Data_OP10_PTL_10_Cell] value: [0] (FROM RECIPE_ROW) recipeId: [79bc447496f5479d96880fbecb69eadb] tagID=[6334e6464e5a46cfae9d8eccef28324b] set TAG_NEW=0,DB DEBUG,fe_LotRecipeRowCheckCreateByRecipe,c05dcd762e4b4b5a99224c48445d7683,3
79951,08/05/2026 08:48:23,INSERT in LOT_RECIPE_ROW TAG: [GI4_RECIPE_Data_OP30_PTL_21_Cell] value: [0] (FROM RECIPE_ROW) recipeId: [79bc447496f5479d96880fbecb69eadb] tagID=[623e6a6a11eb4b788d28ff5b3f4703dd] set TAG_NEW=0,DB DEBUG,fe_LotRecipeRowCheckCreateByRecipe,c05dcd762e4b4b5a99224c48445d7683,3
79950,08/05/2026 08:48:23,INSERT in LOT_RECIPE_ROW TAG: [GI4_RECIPE_Data_OP30_PTL_12_Cell] value: [0] (FROM RECIPE_ROW) recipeId: [79bc447496f5479d96880fbecb69eadb] tagID=[60941a4aae8f4f1a9ce01295056d6dd6] set TAG_NEW=0,DB DEBUG,fe_LotRecipeRowCheckCreateByRecipe,c05dcd762e4b4b5a99224c48445d7683,3
79949,08/05/2026 08:48:23,INSERT in LOT_RECIPE_ROW TAG: [GI4_RECIPE_Data_OP30_PTL_32_CellUnion] value: [0] (FROM RECIPE_ROW) recipeId: [79bc447496f5479d96880fbecb69eadb] tagID=[5fec1252695f4962be3f39f20bddf3ad] set TAG_NEW=0,DB DEBUG,fe_LotRecipeRowCheckCreateByRecipe,c05dcd762e4b4b5a99224c48445d7683,3
79948,08/05/2026 08:48:23,INSERT in LOT_RECIPE_ROW TAG: [GI4_RECIPE_Data_OP10_PTL_8_PartNumber] value: [] (FROM RECIPE_ROW) recipeId: [79bc447496f5479d96880fbecb69eadb] tagID=[5f33852bfd5744eca3eceaec0b0887c0] set TAG_NEW=0,DB DEBUG,fe_LotRecipeRowCheckCreateByRecipe,c05dcd762e4b4b5a99224c48445d7683,3
79947,08/05/2026 08:48:23,INSERT in LOT_RECIPE_ROW TAG: [GI4_RECIPE_Data_OP10_PTL_22_PartNumber] value: [] (FROM RECIPE_ROW) recipeId: [79bc447496f5479d96880fbecb69eadb] tagID=[5d9cebc2f5ca4f498daecbef391367d2] set TAG_NEW=0,DB DEBUG,fe_LotRecipeRowCheckCreateByRecipe,c05dcd762e4b4b5a99224c48445d7683,3
79946,08/05/2026 08:48:23,INSERT in LOT_RECIPE_ROW TAG: [GI4_RECIPE_Data_OP30_PTL_16_CellUnion] value: [0] (FROM RECIPE_ROW) recipeId: [79bc447496f5479d96880fbecb69eadb] tagID=[5cb763a533c448babf26b35f98704600] set TAG_NEW=0,DB DEBUG,fe_LotRecipeRowCheckCreateByRecipe,c05dcd762e4b4b5a99224c48445d7683,3
79945,08/05/2026 08:48:23,INSERT in LOT_RECIPE_ROW TAG: [GI4_RECIPE_Data_OP30_PTL_22_Cell] value: [0] (FROM RECIPE_ROW) recipeId: [79bc447496f5479d96880fbecb69eadb] tagID=[5bd34a232f4c4e57b14726a0748965b9] set TAG_NEW=0,DB DEBUG,fe_LotRecipeRowCheckCreateByRecipe,c05dcd762e4b4b5a99224c48445d7683,3
79944,08/05/2026 08:48:23,INSERT in LOT_RECIPE_ROW TAG: [GI4_RECIPE_Data_OP10_PTL_5_Description] value: [MEZZO CORPO INSERIMENTO BOCCOLE] (FROM RECIPE_ROW) recipeId: [79bc447496f5479d96880fbecb69eadb] tagID=[5a96b79ffc2047719c43e74778112047] set TAG_NEW=0,DB DEBUG,fe_LotRecipeRowCheckCreateByRecipe,c05dcd762e4b4b5a99224c48445d7683,3
79943,08/05/2026 08:48:23,INSERT in LOT_RECIPE_ROW TAG: [GI4_RECIPE_Data_OP10_PTL_1_Qta] value: [5] (FROM RECIPE_ROW) recipeId: [79bc447496f5479d96880fbecb69eadb] tagID=[5a21fa6644594e34bb4c27ec532841c5] set TAG_NEW=0,DB DEBUG,fe_LotRecipeRowCheckCreateByRecipe,c05dcd762e4b4b5a99224c48445d7683,3
79942,08/05/2026 08:48:23,INSERT in LOT_RECIPE_ROW TAG: [GI4_RECIPE_Data_OP30_PTL_3_Cell] value: [19] (FROM RECIPE_ROW) recipeId: [79bc447496f5479d96880fbecb69eadb] tagID=[5901ae35c34d4e0087494953a1822086] set TAG_NEW=0,DB DEBUG,fe_LotRecipeRowCheckCreateByRecipe,c05dcd762e4b4b5a99224c48445d7683,3
79941,08/05/2026 08:48:23,INSERT in LOT_RECIPE_ROW TAG: [GI4_RECIPE_Data_OP30_PTL_17_Cell] value: [0] (FROM RECIPE_ROW) recipeId: [79bc447496f5479d96880fbecb69eadb] tagID=[57ba57515e4241628360aeefc630048a] set TAG_NEW=0,DB DEBUG,fe_LotRecipeRowCheckCreateByRecipe,c05dcd762e4b4b5a99224c48445d7683,3
79940,08/05/2026 08:48:23,INSERT in LOT_RECIPE_ROW TAG: [GI4_RECIPE_Data_OP10_PTL_21_Qta] value: [0] (FROM RECIPE_ROW) recipeId: [79bc447496f5479d96880fbecb69eadb] tagID=[573fa656482b4258b584ba9f09152cfa] set TAG_NEW=0,DB DEBUG,fe_LotRecipeRowCheckCreateByRecipe,c05dcd762e4b4b5a99224c48445d7683,3
79939,08/05/2026 08:48:23,INSERT in LOT_RECIPE_ROW TAG: [GI4_RECIPE_Data_OP10_PTL_16_Description] value: [] (FROM RECIPE_ROW) recipeId: [79bc447496f5479d96880fbecb69eadb] tagID=[56fb48c366044cf682ba058e3f634cc1] set TAG_NEW=0,DB DEBUG,fe_LotRecipeRowCheckCreateByRecipe,c05dcd762e4b4b5a99224c48445d7683,3
79938,08/05/2026 08:48:23,INSERT in LOT_RECIPE_ROW TAG: [GI4_RECIPE_Data_OP30_PTL_7_CellUnion] value: [0] (FROM RECIPE_ROW) recipeId: [79bc447496f5479d96880fbecb69eadb] tagID=[560744a278fb4e73ae180887a8f8cc9d] set TAG_NEW=0,DB DEBUG,fe_LotRecipeRowCheckCreateByRecipe,c05dcd762e4b4b5a99224c48445d7683,3
79937,08/05/2026 08:48:23,INSERT in LOT_RECIPE_ROW TAG: [GI4_RECIPE_Data_OP10_PTL_10_PartNumber] value: [] (FROM RECIPE_ROW) recipeId: [79bc447496f5479d96880fbecb69eadb] tagID=[55f1b2a82f8c449ea86a7521a3bab004] set TAG_NEW=0,DB DEBUG,fe_LotRecipeRowCheckCreateByRecipe,c05dcd762e4b4b5a99224c48445d7683,3
79936,08/05/2026 08:48:23,INSERT in LOT_RECIPE_ROW TAG: [GI4_RECIPE_Data_OP30_PTL_20_PartNumber] value: [] (FROM RECIPE_ROW) recipeId: [79bc447496f5479d96880fbecb69eadb] tagID=[553d95aef93147b396c58ea68c904bf0] set TAG_NEW=0,DB DEBUG,fe_LotRecipeRowCheckCreateByRecipe,c05dcd762e4b4b5a99224c48445d7683,3
79935,08/05/2026 08:48:23,INSERT in LOT_RECIPE_ROW TAG: [GI4_RECIPE_Data_OP10_PTL_19_Description] value: [] (FROM RECIPE_ROW) recipeId: [79bc447496f5479d96880fbecb69eadb] tagID=[54addfcba5fc49df8855e0ac48785799] set TAG_NEW=0,DB DEBUG,fe_LotRecipeRowCheckCreateByRecipe,c05dcd762e4b4b5a99224c48445d7683,3
79934,08/05/2026 08:48:23,INSERT in LOT_RECIPE_ROW TAG: [GI4_RECIPE_Data_OP30_PTL_11_CellUnion] value: [0] (FROM RECIPE_ROW) recipeId: [79bc447496f5479d96880fbecb69eadb] tagID=[542a972a13dc494e86b9abf10c77596d] set TAG_NEW=0,DB DEBUG,fe_LotRecipeRowCheckCreateByRecipe,c05dcd762e4b4b5a99224c48445d7683,3
79933,08/05/2026 08:48:23,INSERT in LOT_RECIPE_ROW TAG: [GI4_RECIPE_Data_OP30_PTL_23_PartNumber] value: [] (FROM RECIPE_ROW) recipeId: [79bc447496f5479d96880fbecb69eadb] tagID=[5254844f547a4af8be22211789229c78] set TAG_NEW=0,DB DEBUG,fe_LotRecipeRowCheckCreateByRecipe,c05dcd762e4b4b5a99224c48445d7683,3
79932,08/05/2026 08:48:23,INSERT in LOT_RECIPE_ROW TAG: [GI4_RECIPE_Data_OP30_PTL_9_Qta] value: [0] (FROM RECIPE_ROW) recipeId: [79bc447496f5479d96880fbecb69eadb] tagID=[520695cbf77546e5812b02406ba8f089] set TAG_NEW=0,DB DEBUG,fe_LotRecipeRowCheckCreateByRecipe,c05dcd762e4b4b5a99224c48445d7683,3
79931,08/05/2026 08:48:23,INSERT in LOT_RECIPE_ROW TAG: [GI4_RECIPE_Data_OP30_PTL_17_CellUnion] value: [0] (FROM RECIPE_ROW) recipeId: [79bc447496f5479d96880fbecb69eadb] tagID=[50cb8a570948434c90b3f988ba71da55] set TAG_NEW=0,DB DEBUG,fe_LotRecipeRowCheckCreateByRecipe,c05dcd762e4b4b5a99224c48445d7683,3
79930,08/05/2026 08:48:23,INSERT in LOT_RECIPE_ROW TAG: [GI4_RECIPE_Data_OP10_PTL_15_PartNumber] value: [] (FROM RECIPE_ROW) recipeId: [79bc447496f5479d96880fbecb69eadb] tagID=[502efda3303d433784fe5a00838bfb2e] set TAG_NEW=0,DB DEBUG,fe_LotRecipeRowCheckCreateByRecipe,c05dcd762e4b4b5a99224c48445d7683,3
79929,08/05/2026 08:48:23,INSERT in LOT_RECIPE_ROW TAG: [GI4_RECIPE_Data_OP30_PTL_29_Description] value: [] (FROM RECIPE_ROW) recipeId: [79bc447496f5479d96880fbecb69eadb] tagID=[4fe4256f09984cc79b53e11577aaa370] set TAG_NEW=0,DB DEBUG,fe_LotRecipeRowCheckCreateByRecipe,c05dcd762e4b4b5a99224c48445d7683,3
79928,08/05/2026 08:48:23,INSERT in LOT_RECIPE_ROW TAG: [GI4_RECIPE_Data_OP30_PTL_3_PartNumber] value: [314.0080.0.00] (FROM RECIPE_ROW) recipeId: [79bc447496f5479d96880fbecb69eadb] tagID=[4ed4ea17a6e443da814e915f4e0eebca] set TAG_NEW=0,DB DEBUG,fe_LotRecipeRowCheckCreateByRecipe,c05dcd762e4b4b5a99224c48445d7683,3
79927,08/05/2026 08:48:23,INSERT in LOT_RECIPE_ROW TAG: [GI4_RECIPE_Data_OP10_PTL_27_Qta] value: [0] (FROM RECIPE_ROW) recipeId: [79bc447496f5479d96880fbecb69eadb] tagID=[4b3bed976f0741a480651833cf858964] set TAG_NEW=0,DB DEBUG,fe_LotRecipeRowCheckCreateByRecipe,c05dcd762e4b4b5a99224c48445d7683,3
79926,08/05/2026 08:48:23,INSERT in LOT_RECIPE_ROW TAG: [GI4_RECIPE_Data_OP10_PTL_25_Cell] value: [0] (FROM RECIPE_ROW) recipeId: [79bc447496f5479d96880fbecb69eadb] tagID=[4b2c313fdbbb4fc8b7fa68e6442dfb06] set TAG_NEW=0,DB DEBUG,fe_LotRecipeRowCheckCreateByRecipe,c05dcd762e4b4b5a99224c48445d7683,3
79925,08/05/2026 08:48:23,INSERT in LOT_RECIPE_ROW TAG: [GI4_RECIPE_Data_OP10_PTL_27_CellUnion] value: [0] (FROM RECIPE_ROW) recipeId: [79bc447496f5479d96880fbecb69eadb] tagID=[4b1b0cb013494461badadf4283640f8a] set TAG_NEW=0,DB DEBUG,fe_LotRecipeRowCheckCreateByRecipe,c05dcd762e4b4b5a99224c48445d7683,3
79924,08/05/2026 08:48:23,INSERT in LOT_RECIPE_ROW TAG: [GI4_RECIPE_Data_OP30_PTL_28_Description] value: [] (FROM RECIPE_ROW) recipeId: [79bc447496f5479d96880fbecb69eadb] tagID=[49f3d1cc98f8462c8a4ef61f780ddf08] set TAG_NEW=0,DB DEBUG,fe_LotRecipeRowCheckCreateByRecipe,c05dcd762e4b4b5a99224c48445d7683,3
79923,08/05/2026 08:48:23,INSERT in LOT_RECIPE_ROW TAG: [GI4_RECIPE_Data_OP10_PTL_3_Cell] value: [19] (FROM RECIPE_ROW) recipeId: [79bc447496f5479d96880fbecb69eadb] tagID=[49b0dafee5f943f0a8d84312bad8611a] set TAG_NEW=0,DB DEBUG,fe_LotRecipeRowCheckCreateByRecipe,c05dcd762e4b4b5a99224c48445d7683,3
79922,08/05/2026 08:48:23,INSERT in LOT_RECIPE_ROW TAG: [GI4_RECIPE_Data_OP10_PTL_4_Description] value: [AN.ANTIESTR.CONTEN.SNM3] (FROM RECIPE_ROW) recipeId: [79bc447496f5479d96880fbecb69eadb] tagID=[490e6e11bbd44c5f92fcf23dcb7868d6] set TAG_NEW=0,DB DEBUG,fe_LotRecipeRowCheckCreateByRecipe,c05dcd762e4b4b5a99224c48445d7683,3
79921,08/05/2026 08:48:23,INSERT in LOT_RECIPE_ROW TAG: [GI4_RECIPE_Data_OP30_PTL_10_Qta] value: [0] (FROM RECIPE_ROW) recipeId: [79bc447496f5479d96880fbecb69eadb] tagID=[48e969b5856d4c9d82336b1e072b1bba] set TAG_NEW=0,DB DEBUG,fe_LotRecipeRowCheckCreateByRecipe,c05dcd762e4b4b5a99224c48445d7683,3
79920,08/05/2026 08:48:23,INSERT in LOT_RECIPE_ROW TAG: [GI4_RECIPE_Data_OP30_PTL_11_PartNumber] value: [] (FROM RECIPE_ROW) recipeId: [79bc447496f5479d96880fbecb69eadb] tagID=[48aacd5c08a34d18bbf3bb7419fa3ab4] set TAG_NEW=0,DB DEBUG,fe_LotRecipeRowCheckCreateByRecipe,c05dcd762e4b4b5a99224c48445d7683,3
79919,08/05/2026 08:48:23,INSERT in LOT_RECIPE_ROW TAG: [GI4_RECIPE_Data_OP10_PTL_14_CellUnion] value: [0] (FROM RECIPE_ROW) recipeId: [79bc447496f5479d96880fbecb69eadb] tagID=[482a148a641642c58bbdd9465d6b17be] set TAG_NEW=0,DB DEBUG,fe_LotRecipeRowCheckCreateByRecipe,c05dcd762e4b4b5a99224c48445d7683,3
79918,08/05/2026 08:48:23,INSERT in LOT_RECIPE_ROW TAG: [GI4_RECIPE_Data_OP10_PTL_13_Description] value: [] (FROM RECIPE_ROW) recipeId: [79bc447496f5479d96880fbecb69eadb] tagID=[481f37fd3f434301a285d9eb50975753] set TAG_NEW=0,DB DEBUG,fe_LotRecipeRowCheckCreateByRecipe,c05dcd762e4b4b5a99224c48445d7683,3
79917,08/05/2026 08:48:23,INSERT in LOT_RECIPE_ROW TAG: [GI4_RECIPE_Data_OP30_PTL_14_Description] value: [] (FROM RECIPE_ROW) recipeId: [79bc447496f5479d96880fbecb69eadb] tagID=[4812e17c8ac14e9a9c0ef1b4b4696b0b] set TAG_NEW=0,DB DEBUG,fe_LotRecipeRowCheckCreateByRecipe,c05dcd762e4b4b5a99224c48445d7683,3
79916,08/05/2026 08:48:23,INSERT in LOT_RECIPE_ROW TAG: [GI4_RECIPE_Data_OP10_PTL_5_PartNumber] value: [MEZZO CORPO] (FROM RECIPE_ROW) recipeId: [79bc447496f5479d96880fbecb69eadb] tagID=[4680db2a528748c2a56f1bfc1c19e36f] set TAG_NEW=0,DB DEBUG,fe_LotRecipeRowCheckCreateByRecipe,c05dcd762e4b4b5a99224c48445d7683,3
79915,08/05/2026 08:48:23,INSERT in LOT_RECIPE_ROW TAG: [GI4_RECIPE_Data_OP10_PTL_19_PartNumber] value: [] (FROM RECIPE_ROW) recipeId: [79bc447496f5479d96880fbecb69eadb] tagID=[46764792305a424895b35614266a4c04] set TAG_NEW=0,DB DEBUG,fe_LotRecipeRowCheckCreateByRecipe,c05dcd762e4b4b5a99224c48445d7683,3
79914,08/05/2026 08:48:23,INSERT in LOT_RECIPE_ROW TAG: [GI4_RECIPE_Data_OP10_PTL_14_Qta] value: [0] (FROM RECIPE_ROW) recipeId: [79bc447496f5479d96880fbecb69eadb] tagID=[4623827bfdd14033b163c177d300643d] set TAG_NEW=0,DB DEBUG,fe_LotRecipeRowCheckCreateByRecipe,c05dcd762e4b4b5a99224c48445d7683,3
79913,08/05/2026 08:48:23,INSERT in LOT_RECIPE_ROW TAG: [GI4_RECIPE_Data_OP10_PTL_28_Qta] value: [0] (FROM RECIPE_ROW) recipeId: [79bc447496f5479d96880fbecb69eadb] tagID=[45cc5e117ed44c818f34976704160f11] set TAG_NEW=0,DB DEBUG,fe_LotRecipeRowCheckCreateByRecipe,c05dcd762e4b4b5a99224c48445d7683,3
79912,08/05/2026 08:48:23,INSERT in LOT_RECIPE_ROW TAG: [GI4_RECIPE_Data_OP10_PTL_18_Description] value: [] (FROM RECIPE_ROW) recipeId: [79bc447496f5479d96880fbecb69eadb] tagID=[4515e7b7d1c6485fab728fa4a0d40a7c] set TAG_NEW=0,DB DEBUG,fe_LotRecipeRowCheckCreateByRecipe,c05dcd762e4b4b5a99224c48445d7683,3
79911,08/05/2026 08:48:23,INSERT in LOT_RECIPE_ROW TAG: [GI4_RECIPE_Data_OP10_PTL_1_Cell] value: [17] (FROM RECIPE_ROW) recipeId: [79bc447496f5479d96880fbecb69eadb] tagID=[445a0a3d4bb74ef4a33c63abd027367f] set TAG_NEW=0,DB DEBUG,fe_LotRecipeRowCheckCreateByRecipe,c05dcd762e4b4b5a99224c48445d7683,3
79910,08/05/2026 08:48:23,INSERT in LOT_RECIPE_ROW TAG: [GI4_RECIPE_Data_OP30_PTL_13_PartNumber] value: [] (FROM RECIPE_ROW) recipeId: [79bc447496f5479d96880fbecb69eadb] tagID=[4419482991d445749bca6c4b6b6b4edc] set TAG_NEW=0,DB DEBUG,fe_LotRecipeRowCheckCreateByRecipe,c05dcd762e4b4b5a99224c48445d7683,3
79909,08/05/2026 08:48:23,INSERT in LOT_RECIPE_ROW TAG: [GI4_RECIPE_Data_OP30_PTL_15_Cell] value: [0] (FROM RECIPE_ROW) recipeId: [79bc447496f5479d96880fbecb69eadb] tagID=[43ca04a60779487a9bad4b18e6857c08] set TAG_NEW=0,DB DEBUG,fe_LotRecipeRowCheckCreateByRecipe,c05dcd762e4b4b5a99224c48445d7683,3
79908,08/05/2026 08:48:23,INSERT in LOT_RECIPE_ROW TAG: [GI4_RECIPE_Data_OP10_PTL_7_CellUnion] value: [0] (FROM RECIPE_ROW) recipeId: [79bc447496f5479d96880fbecb69eadb] tagID=[42f00b8edc9e43b6a4fdcb04b160c33d] set TAG_NEW=0,DB DEBUG,fe_LotRecipeRowCheckCreateByRecipe,c05dcd762e4b4b5a99224c48445d7683,3
79907,08/05/2026 08:48:23,INSERT in LOT_RECIPE_ROW TAG: [GI4_RECIPE_Data_OP10_PTL_32_Qta] value: [0] (FROM RECIPE_ROW) recipeId: [79bc447496f5479d96880fbecb69eadb] tagID=[419f031a45ae4fd783a01f9ca22c0922] set TAG_NEW=0,DB DEBUG,fe_LotRecipeRowCheckCreateByRecipe,c05dcd762e4b4b5a99224c48445d7683,3
79906,08/05/2026 08:48:23,INSERT in LOT_RECIPE_ROW TAG: [GI4_RECIPE_Data_OP10_PTL_14_PartNumber] value: [] (FROM RECIPE_ROW) recipeId: [79bc447496f5479d96880fbecb69eadb] tagID=[41079ba74b494fccb40a24a1128e5978] set TAG_NEW=0,DB DEBUG,fe_LotRecipeRowCheckCreateByRecipe,c05dcd762e4b4b5a99224c48445d7683,3
79905,08/05/2026 08:48:23,INSERT in LOT_RECIPE_ROW TAG: [GI4_RECIPE_Data_OP30_PTL_20_Description] value: [] (FROM RECIPE_ROW) recipeId: [79bc447496f5479d96880fbecb69eadb] tagID=[40cee7fa97544d93a7248677d41157bd] set TAG_NEW=0,DB DEBUG,fe_LotRecipeRowCheckCreateByRecipe,c05dcd762e4b4b5a99224c48445d7683,3
79904,08/05/2026 08:48:23,INSERT in LOT_RECIPE_ROW TAG: [GI4_RECIPE_Data_OP10_PTL_30_PartNumber] value: [] (FROM RECIPE_ROW) recipeId: [79bc447496f5479d96880fbecb69eadb] tagID=[401705b05b084c8b9289298d3fd0a8ea] set TAG_NEW=0,DB DEBUG,fe_LotRecipeRowCheckCreateByRecipe,c05dcd762e4b4b5a99224c48445d7683,3
79903,08/05/2026 08:48:23,"INSERT in LOT_RECIPE_ROW TAG: [GI4_RECIPE_Data_OP30_PTL_6_Description] value: [PRE-SHAPED  OR SEAL88,57 x 2,] (FROM RECIPE_ROW) recipeId: [79bc447496f5479d96880fbecb69eadb] tagID=[3fbdcfa4cbe54f72b48bbfa700784f6d] set TAG_NEW=0",DB DEBUG,fe_LotRecipeRowCheckCreateByRecipe,c05dcd762e4b4b5a99224c48445d7683,3
79902,08/05/2026 08:48:23,INSERT in LOT_RECIPE_ROW TAG: [GI4_RECIPE_Data_OP10_PTL_12_Qta] value: [0] (FROM RECIPE_ROW) recipeId: [79bc447496f5479d96880fbecb69eadb] tagID=[3ee6c1a275af4d5694f2a55c97d228e0] set TAG_NEW=0,DB DEBUG,fe_LotRecipeRowCheckCreateByRecipe,c05dcd762e4b4b5a99224c48445d7683,3
79901,08/05/2026 08:48:23,INSERT in LOT_RECIPE_ROW TAG: [GI4_RECIPE_Data_OP30_PTL_31_CellUnion] value: [0] (FROM RECIPE_ROW) recipeId: [79bc447496f5479d96880fbecb69eadb] tagID=[3d7cfd99b4bf4f8bb1da36f1892edb19] set TAG_NEW=0,DB DEBUG,fe_LotRecipeRowCheckCreateByRecipe,c05dcd762e4b4b5a99224c48445d7683,3
79900,08/05/2026 08:48:23,INSERT in LOT_RECIPE_ROW TAG: [GI4_RECIPE_Data_OP30_PTL_1_CellUnion] value: [0] (FROM RECIPE_ROW) recipeId: [79bc447496f5479d96880fbecb69eadb] tagID=[3c3f4f6aea224e839c16ff9fc3cc6614] set TAG_NEW=0,DB DEBUG,fe_LotRecipeRowCheckCreateByRecipe,c05dcd762e4b4b5a99224c48445d7683,3
79899,08/05/2026 08:48:23,INSERT in LOT_RECIPE_ROW TAG: [GI4_RECIPE_Data_OP30_PTL_10_PartNumber] value: [] (FROM RECIPE_ROW) recipeId: [79bc447496f5479d96880fbecb69eadb] tagID=[3a58c2366cbe4e0a840abbf4b877bace] set TAG_NEW=0,DB DEBUG,fe_LotRecipeRowCheckCreateByRecipe,c05dcd762e4b4b5a99224c48445d7683,3
79898,08/05/2026 08:48:23,INSERT in LOT_RECIPE_ROW TAG: [GI4_RECIPE_Data_OP10_PTL_15_Cell] value: [0] (FROM RECIPE_ROW) recipeId: [79bc447496f5479d96880fbecb69eadb] tagID=[39d7e17fb1c44fa796f5f098e86ec7c2] set TAG_NEW=0,DB DEBUG,fe_LotRecipeRowCheckCreateByRecipe,c05dcd762e4b4b5a99224c48445d7683,3
79897,08/05/2026 08:48:23,INSERT in LOT_RECIPE_ROW TAG: [GI4_RECIPE_Data_OP10_PTL_31_Description] value: [] (FROM RECIPE_ROW) recipeId: [79bc447496f5479d96880fbecb69eadb] tagID=[38ae032c2f984468887d6b24690bab51] set TAG_NEW=0,DB DEBUG,fe_LotRecipeRowCheckCreateByRecipe,c05dcd762e4b4b5a99224c48445d7683,3
79896,08/05/2026 08:48:23,INSERT in LOT_RECIPE_ROW TAG: [GI4_RECIPE_Data_OP30_PTL_31_Description] value: [] (FROM RECIPE_ROW) recipeId: [79bc447496f5479d96880fbecb69eadb] tagID=[3887fc96aa2b47d691405d5804130797] set TAG_NEW=0,DB DEBUG,fe_LotRecipeRowCheckCreateByRecipe,c05dcd762e4b4b5a99224c48445d7683,3
79895,08/05/2026 08:48:23,INSERT in LOT_RECIPE_ROW TAG: [GI4_RECIPE_Data_OP10_PTL_8_Qta] value: [0] (FROM RECIPE_ROW) recipeId: [79bc447496f5479d96880fbecb69eadb] tagID=[3815c76174064515bafb801007a14614] set TAG_NEW=0,DB DEBUG,fe_LotRecipeRowCheckCreateByRecipe,c05dcd762e4b4b5a99224c48445d7683,3
79894,08/05/2026 08:48:23,INSERT in LOT_RECIPE_ROW TAG: [GI4_RECIPE_Data_OP30_PTL_24_Qta] value: [0] (FROM RECIPE_ROW) recipeId: [79bc447496f5479d96880fbecb69eadb] tagID=[37f0f3807d804fec9537deac883d8fa7] set TAG_NEW=0,DB DEBUG,fe_LotRecipeRowCheckCreateByRecipe,c05dcd762e4b4b5a99224c48445d7683,3
79893,08/05/2026 08:48:23,INSERT in LOT_RECIPE_ROW TAG: [GI4_RECIPE_Data_OP30_PTL_13_Qta] value: [0] (FROM RECIPE_ROW) recipeId: [79bc447496f5479d96880fbecb69eadb] tagID=[374dd1ca558346c198cd868b38086280] set TAG_NEW=0,DB DEBUG,fe_LotRecipeRowCheckCreateByRecipe,c05dcd762e4b4b5a99224c48445d7683,3
79892,08/05/2026 08:48:23,INSERT in LOT_RECIPE_ROW TAG: [GI4_RECIPE_Data_OP10_PTL_15_Description] value: [] (FROM RECIPE_ROW) recipeId: [79bc447496f5479d96880fbecb69eadb] tagID=[3654183a50bf43b7b64146ef7d9442b0] set TAG_NEW=0,DB DEBUG,fe_LotRecipeRowCheckCreateByRecipe,c05dcd762e4b4b5a99224c48445d7683,3
79891,08/05/2026 08:48:23,INSERT in LOT_RECIPE_ROW TAG: [GI4_RECIPE_Data_OP30_PTL_7_Qta] value: [10] (FROM RECIPE_ROW) recipeId: [79bc447496f5479d96880fbecb69eadb] tagID=[3640890fbc5649c38727f3cec1b1e5f2] set TAG_NEW=0,DB DEBUG,fe_LotRecipeRowCheckCreateByRecipe,c05dcd762e4b4b5a99224c48445d7683,3
79890,08/05/2026 08:48:23,INSERT in LOT_RECIPE_ROW TAG: [GI4_RECIPE_Data_OP10_PTL_13_Qta] value: [0] (FROM RECIPE_ROW) recipeId: [79bc447496f5479d96880fbecb69eadb] tagID=[34eb2b59a3134746953e9611d408d2e6] set TAG_NEW=0,DB DEBUG,fe_LotRecipeRowCheckCreateByRecipe,c05dcd762e4b4b5a99224c48445d7683,3
79889,08/05/2026 08:48:23,INSERT in LOT_RECIPE_ROW TAG: [GI4_RECIPE_Data_OP30_PTL_2_CellUnion] value: [0] (FROM RECIPE_ROW) recipeId: [79bc447496f5479d96880fbecb69eadb] tagID=[34ba42b7560e4ee9a12fd1944c5aa703] set TAG_NEW=0,DB DEBUG,fe_LotRecipeRowCheckCreateByRecipe,c05dcd762e4b4b5a99224c48445d7683,3
79888,08/05/2026 08:48:23,INSERT in LOT_RECIPE_ROW TAG: [GI4_RECIPE_Data_OP10_PTL_4_Cell] value: [20] (FROM RECIPE_ROW) recipeId: [79bc447496f5479d96880fbecb69eadb] tagID=[336e0993097945d5b1a95047881dcb0d] set TAG_NEW=0,DB DEBUG,fe_LotRecipeRowCheckCreateByRecipe,c05dcd762e4b4b5a99224c48445d7683,3
79887,08/05/2026 08:48:23,INSERT in LOT_RECIPE_ROW TAG: [GI4_RECIPE_Data_OP30_PTL_19_CellUnion] value: [0] (FROM RECIPE_ROW) recipeId: [79bc447496f5479d96880fbecb69eadb] tagID=[32b489d628b8417fb1b585cd49fd61c7] set TAG_NEW=0,DB DEBUG,fe_LotRecipeRowCheckCreateByRecipe,c05dcd762e4b4b5a99224c48445d7683,3
79886,08/05/2026 08:48:23,INSERT in LOT_RECIPE_ROW TAG: [GI4_RECIPE_Data_OP30_PTL_13_Cell] value: [0] (FROM RECIPE_ROW) recipeId: [79bc447496f5479d96880fbecb69eadb] tagID=[322607fdab0d48e482f702551a084233] set TAG_NEW=0,DB DEBUG,fe_LotRecipeRowCheckCreateByRecipe,c05dcd762e4b4b5a99224c48445d7683,3
79885,08/05/2026 08:48:23,INSERT in LOT_RECIPE_ROW TAG: [GI4_RECIPE_Data_OP10_PTL_25_CellUnion] value: [0] (FROM RECIPE_ROW) recipeId: [79bc447496f5479d96880fbecb69eadb] tagID=[31ad5d3c1e3a45f199917e67426ed441] set TAG_NEW=0,DB DEBUG,fe_LotRecipeRowCheckCreateByRecipe,c05dcd762e4b4b5a99224c48445d7683,3
79884,08/05/2026 08:48:23,INSERT in LOT_RECIPE_ROW TAG: [GI4_RECIPE_Data_PrintType] value: [1] (FROM RECIPE_ROW) recipeId: [79bc447496f5479d96880fbecb69eadb] tagID=[319e60a433a54b1986e7af6ab5b36d6e] set TAG_NEW=0,DB DEBUG,fe_LotRecipeRowCheckCreateByRecipe,c05dcd762e4b4b5a99224c48445d7683,3
79883,08/05/2026 08:48:23,INSERT in LOT_RECIPE_ROW TAG: [GI4_RECIPE_Data_OP30_PTL_6_CellUnion] value: [0] (FROM RECIPE_ROW) recipeId: [79bc447496f5479d96880fbecb69eadb] tagID=[3165fec2bb354085abd7e63466d042a6] set TAG_NEW=0,DB DEBUG,fe_LotRecipeRowCheckCreateByRecipe,c05dcd762e4b4b5a99224c48445d7683,3
79882,08/05/2026 08:48:23,INSERT in LOT_RECIPE_ROW TAG: [GI4_RECIPE_Data_OP10_PTL_32_Cell] value: [0] (FROM RECIPE_ROW) recipeId: [79bc447496f5479d96880fbecb69eadb] tagID=[30cf96ca4b834ee2b9a7eb56df1b6aea] set TAG_NEW=0,DB DEBUG,fe_LotRecipeRowCheckCreateByRecipe,c05dcd762e4b4b5a99224c48445d7683,3
79881,08/05/2026 08:48:23,INSERT in LOT_RECIPE_ROW TAG: [GI4_RECIPE_Data_DustCover] value: [0] (FROM RECIPE_ROW) recipeId: [79bc447496f5479d96880fbecb69eadb] tagID=[2f62647d508c427c9d0593d21d9f9a96] set TAG_NEW=0,DB DEBUG,fe_LotRecipeRowCheckCreateByRecipe,c05dcd762e4b4b5a99224c48445d7683,3
79880,08/05/2026 08:48:23,INSERT in LOT_RECIPE_ROW TAG: [GI4_RECIPE_Data_OP10_PTL_21_Description] value: [] (FROM RECIPE_ROW) recipeId: [79bc447496f5479d96880fbecb69eadb] tagID=[2f012265fcf54daaa75a2db2cb2ccaad] set TAG_NEW=0,DB DEBUG,fe_LotRecipeRowCheckCreateByRecipe,c05dcd762e4b4b5a99224c48445d7683,3
79879,08/05/2026 08:48:23,INSERT in LOT_RECIPE_ROW TAG: [GI4_RECIPE_Data_OP10_PTL_13_Cell] value: [0] (FROM RECIPE_ROW) recipeId: [79bc447496f5479d96880fbecb69eadb] tagID=[2efd39cf088b44fa9e8c5d457d66450b] set TAG_NEW=0,DB DEBUG,fe_LotRecipeRowCheckCreateByRecipe,c05dcd762e4b4b5a99224c48445d7683,3
79878,08/05/2026 08:48:23,INSERT in LOT_RECIPE_ROW TAG: [GI4_RECIPE_Data_OP10_PTL_24_Cell] value: [0] (FROM RECIPE_ROW) recipeId: [79bc447496f5479d96880fbecb69eadb] tagID=[2efc21b5f4fd41a6b3b388597dc3adb3] set TAG_NEW=0,DB DEBUG,fe_LotRecipeRowCheckCreateByRecipe,c05dcd762e4b4b5a99224c48445d7683,3
79877,08/05/2026 08:48:23,INSERT in LOT_RECIPE_ROW TAG: [GI4_RECIPE_Data_OP10_PTL_5_Qta] value: [1] (FROM RECIPE_ROW) recipeId: [79bc447496f5479d96880fbecb69eadb] tagID=[2b5decc799564bc88555d022c4ea85a3] set TAG_NEW=0,DB DEBUG,fe_LotRecipeRowCheckCreateByRecipe,c05dcd762e4b4b5a99224c48445d7683,3
79876,08/05/2026 08:48:23,INSERT in LOT_RECIPE_ROW TAG: [GI4_RECIPE_Data_OP10_PTL_10_CellUnion] value: [0] (FROM RECIPE_ROW) recipeId: [79bc447496f5479d96880fbecb69eadb] tagID=[2b0617f17e5f46729f228a527a408fdc] set TAG_NEW=0,DB DEBUG,fe_LotRecipeRowCheckCreateByRecipe,c05dcd762e4b4b5a99224c48445d7683,3
79875,08/05/2026 08:48:23,INSERT in LOT_RECIPE_ROW TAG: [GI4_RECIPE_Data_OP30_PTL_4_CellUnion] value: [0] (FROM RECIPE_ROW) recipeId: [79bc447496f5479d96880fbecb69eadb] tagID=[29c462d549fb42e1b052a86a35b11f12] set TAG_NEW=0,DB DEBUG,fe_LotRecipeRowCheckCreateByRecipe,c05dcd762e4b4b5a99224c48445d7683,3
79874,08/05/2026 08:48:23,INSERT in LOT_RECIPE_ROW TAG: [GI4_RECIPE_Data_OP30_PTL_25_Description] value: [] (FROM RECIPE_ROW) recipeId: [79bc447496f5479d96880fbecb69eadb] tagID=[27b140c810ec405994079df3f60de1e2] set TAG_NEW=0,DB DEBUG,fe_LotRecipeRowCheckCreateByRecipe,c05dcd762e4b4b5a99224c48445d7683,3
79873,08/05/2026 08:48:23,INSERT in LOT_RECIPE_ROW TAG: [GI4_RECIPE_Data_OP10_PTL_21_CellUnion] value: [0] (FROM RECIPE_ROW) recipeId: [79bc447496f5479d96880fbecb69eadb] tagID=[2768d9617f784288aada7d9eef63d70c] set TAG_NEW=0,DB DEBUG,fe_LotRecipeRowCheckCreateByRecipe,c05dcd762e4b4b5a99224c48445d7683,3
79872,08/05/2026 08:48:23,INSERT in LOT_RECIPE_ROW TAG: [GI4_RECIPE_Data_OP10_PTL_29_CellUnion] value: [0] (FROM RECIPE_ROW) recipeId: [79bc447496f5479d96880fbecb69eadb] tagID=[2547ffd6de24486f86b1235208d06d8b] set TAG_NEW=0,DB DEBUG,fe_LotRecipeRowCheckCreateByRecipe,c05dcd762e4b4b5a99224c48445d7683,3
79871,08/05/2026 08:48:23,INSERT in LOT_RECIPE_ROW TAG: [GI4_RECIPE_Data_OP10_PTL_18_CellUnion] value: [0] (FROM RECIPE_ROW) recipeId: [79bc447496f5479d96880fbecb69eadb] tagID=[24788739016145d2a6de1e84726b4509] set TAG_NEW=0,DB DEBUG,fe_LotRecipeRowCheckCreateByRecipe,c05dcd762e4b4b5a99224c48445d7683,3
79870,08/05/2026 08:48:23,INSERT in LOT_RECIPE_ROW TAG: [GI4_RECIPE_Data_OP30_PTL_6_Cell] value: [29] (FROM RECIPE_ROW) recipeId: [79bc447496f5479d96880fbecb69eadb] tagID=[239ff647bb7c4b78b16fb964e8ea5c65] set TAG_NEW=0,DB DEBUG,fe_LotRecipeRowCheckCreateByRecipe,c05dcd762e4b4b5a99224c48445d7683,3
79869,08/05/2026 08:48:23,INSERT in LOT_RECIPE_ROW TAG: [GI4_RECIPE_Data_OP30_PTL_10_CellUnion] value: [0] (FROM RECIPE_ROW) recipeId: [79bc447496f5479d96880fbecb69eadb] tagID=[236ecfef4bc94a9ebfb403c825ec2cb8] set TAG_NEW=0,DB DEBUG,fe_LotRecipeRowCheckCreateByRecipe,c05dcd762e4b4b5a99224c48445d7683,3
79868,08/05/2026 08:48:23,INSERT in LOT_RECIPE_ROW TAG: [GI4_RECIPE_Data_OP10_PTL_16_CellUnion] value: [0] (FROM RECIPE_ROW) recipeId: [79bc447496f5479d96880fbecb69eadb] tagID=[23526c0d4cc14b0b8445d664756087d9] set TAG_NEW=0,DB DEBUG,fe_LotRecipeRowCheckCreateByRecipe,c05dcd762e4b4b5a99224c48445d7683,3
79867,08/05/2026 08:48:23,INSERT in LOT_RECIPE_ROW TAG: [GI4_RECIPE_Data_OP30_PTL_25_CellUnion] value: [0] (FROM RECIPE_ROW) recipeId: [79bc447496f5479d96880fbecb69eadb] tagID=[23490577e94b461fad46e23ebd9cdb89] set TAG_NEW=0,DB DEBUG,fe_LotRecipeRowCheckCreateByRecipe,c05dcd762e4b4b5a99224c48445d7683,3
79866,08/05/2026 08:48:23,INSERT in LOT_RECIPE_ROW TAG: [GI4_RECIPE_Data_OP10_PTL_22_CellUnion] value: [0] (FROM RECIPE_ROW) recipeId: [79bc447496f5479d96880fbecb69eadb] tagID=[22d2c12d88084e9491c910a201e38e0d] set TAG_NEW=0,DB DEBUG,fe_LotRecipeRowCheckCreateByRecipe,c05dcd762e4b4b5a99224c48445d7683,3
79865,08/05/2026 08:48:23,INSERT in LOT_RECIPE_ROW TAG: [GI4_RECIPE_Data_MasterModelCode] value: [SNM3NN/026BN01BAM1C7C7NNNN/NNNNN] (FROM RECIPE_ROW) recipeId: [79bc447496f5479d96880fbecb69eadb] tagID=[2295f1d9dbe3459691489299eb02429f] set TAG_NEW=0,DB DEBUG,fe_LotRecipeRowCheckCreateByRecipe,c05dcd762e4b4b5a99224c48445d7683,3
79864,08/05/2026 08:48:23,INSERT in LOT_RECIPE_ROW TAG: [GI4_RECIPE_Data_OP30_PTL_9_CellUnion] value: [0] (FROM RECIPE_ROW) recipeId: [79bc447496f5479d96880fbecb69eadb] tagID=[2117c8a6f98640dea219faa2b6243584] set TAG_NEW=0,DB DEBUG,fe_LotRecipeRowCheckCreateByRecipe,c05dcd762e4b4b5a99224c48445d7683,3
79863,08/05/2026 08:48:23,INSERT in LOT_RECIPE_ROW TAG: [GI4_RECIPE_Data_OP10_PTL_18_Cell] value: [0] (FROM RECIPE_ROW) recipeId: [79bc447496f5479d96880fbecb69eadb] tagID=[200054d0678e43aab0d9f82753270661] set TAG_NEW=0,DB DEBUG,fe_LotRecipeRowCheckCreateByRecipe,c05dcd762e4b4b5a99224c48445d7683,3
79862,08/05/2026 08:48:23,INSERT in LOT_RECIPE_ROW TAG: [GI4_RECIPE_Data_OP10_PTL_18_PartNumber] value: [] (FROM RECIPE_ROW) recipeId: [79bc447496f5479d96880fbecb69eadb] tagID=[1fd38a7c7dd64cfbb9a03b2acf6d6f9e] set TAG_NEW=0,DB DEBUG,fe_LotRecipeRowCheckCreateByRecipe,c05dcd762e4b4b5a99224c48445d7683,3
79861,08/05/2026 08:48:23,INSERT in LOT_RECIPE_ROW TAG: [GI4_RECIPE_Data_OP30_PTL_30_PartNumber] value: [] (FROM RECIPE_ROW) recipeId: [79bc447496f5479d96880fbecb69eadb] tagID=[1ec5b337bccb4f388faef9b1b78fe39d] set TAG_NEW=0,DB DEBUG,fe_LotRecipeRowCheckCreateByRecipe,c05dcd762e4b4b5a99224c48445d7683,3
79860,08/05/2026 08:48:23,INSERT in LOT_RECIPE_ROW TAG: [GI4_RECIPE_Data_OP10_PTL_11_CellUnion] value: [0] (FROM RECIPE_ROW) recipeId: [79bc447496f5479d96880fbecb69eadb] tagID=[1e73099add0d4761b3fb96855bcce8ba] set TAG_NEW=0,DB DEBUG,fe_LotRecipeRowCheckCreateByRecipe,c05dcd762e4b4b5a99224c48445d7683,3
79859,08/05/2026 08:48:23,INSERT in LOT_RECIPE_ROW TAG: [GI4_RECIPE_Data_OP10_PTL_28_PartNumber] value: [] (FROM RECIPE_ROW) recipeId: [79bc447496f5479d96880fbecb69eadb] tagID=[1e6514dd3aa241ddaf46cfba71deda8d] set TAG_NEW=0,DB DEBUG,fe_LotRecipeRowCheckCreateByRecipe,c05dcd762e4b4b5a99224c48445d7683,3
79858,08/05/2026 08:48:23,INSERT in LOT_RECIPE_ROW TAG: [GI4_RECIPE_Data_OP30_PTL_9_Cell] value: [0] (FROM RECIPE_ROW) recipeId: [79bc447496f5479d96880fbecb69eadb] tagID=[1e41bea737484150b9810803137db848] set TAG_NEW=0,DB DEBUG,fe_LotRecipeRowCheckCreateByRecipe,c05dcd762e4b4b5a99224c48445d7683,3
79857,08/05/2026 08:48:23,INSERT in LOT_RECIPE_ROW TAG: [GI4_RECIPE_Data_OP30_PTL_14_Qta] value: [0] (FROM RECIPE_ROW) recipeId: [79bc447496f5479d96880fbecb69eadb] tagID=[1e1a67aab00c40568e55d6a9cb7e929c] set TAG_NEW=0,DB DEBUG,fe_LotRecipeRowCheckCreateByRecipe,c05dcd762e4b4b5a99224c48445d7683,3
79856,08/05/2026 08:48:23,INSERT in LOT_RECIPE_ROW TAG: [GI4_RECIPE_Data_OP10_PTL_2_CellUnion] value: [0] (FROM RECIPE_ROW) recipeId: [79bc447496f5479d96880fbecb69eadb] tagID=[1da4b4e89476455ba061456cde4d84bc] set TAG_NEW=0,DB DEBUG,fe_LotRecipeRowCheckCreateByRecipe,c05dcd762e4b4b5a99224c48445d7683,3
79855,08/05/2026 08:48:23,INSERT in LOT_RECIPE_ROW TAG: [GI4_RECIPE_Data_OP10_PTL_12_PartNumber] value: [] (FROM RECIPE_ROW) recipeId: [79bc447496f5479d96880fbecb69eadb] tagID=[1c6bdf1e83a74aaca4e2c6a37d60fdd3] set TAG_NEW=0,DB DEBUG,fe_LotRecipeRowCheckCreateByRecipe,c05dcd762e4b4b5a99224c48445d7683,3
79854,08/05/2026 08:48:23,INSERT in LOT_RECIPE_ROW TAG: [GI4_RECIPE_Data_OP30_PTL_30_Cell] value: [0] (FROM RECIPE_ROW) recipeId: [79bc447496f5479d96880fbecb69eadb] tagID=[1c292609bff545948b1b50178f98734a] set TAG_NEW=0,DB DEBUG,fe_LotRecipeRowCheckCreateByRecipe,c05dcd762e4b4b5a99224c48445d7683,3
79853,08/05/2026 08:48:23,INSERT in LOT_RECIPE_ROW TAG: [GI4_RECIPE_Data_OP30_PTL_9_Description] value: [] (FROM RECIPE_ROW) recipeId: [79bc447496f5479d96880fbecb69eadb] tagID=[1b395e351c7a424faee5b72d6916e004] set TAG_NEW=0,DB DEBUG,fe_LotRecipeRowCheckCreateByRecipe,c05dcd762e4b4b5a99224c48445d7683,3
79852,08/05/2026 08:48:23,INSERT in LOT_RECIPE_ROW TAG: [GI4_RECIPE_Data_OP30_PTL_20_Qta] value: [0] (FROM RECIPE_ROW) recipeId: [79bc447496f5479d96880fbecb69eadb] tagID=[1ae24f3c9bd843b5bdae323af5e44833] set TAG_NEW=0,DB DEBUG,fe_LotRecipeRowCheckCreateByRecipe,c05dcd762e4b4b5a99224c48445d7683,3
79851,08/05/2026 08:48:23,INSERT in LOT_RECIPE_ROW TAG: [GI4_RECIPE_Data_OP10_PTL_31_PartNumber] value: [] (FROM RECIPE_ROW) recipeId: [79bc447496f5479d96880fbecb69eadb] tagID=[1adcf7bd1d72448bb87b3b30dd715166] set TAG_NEW=0,DB DEBUG,fe_LotRecipeRowCheckCreateByRecipe,c05dcd762e4b4b5a99224c48445d7683,3
79850,08/05/2026 08:48:23,INSERT in LOT_RECIPE_ROW TAG: [GI4_RECIPE_Data_OP10_PTL_9_CellUnion] value: [0] (FROM RECIPE_ROW) recipeId: [79bc447496f5479d96880fbecb69eadb] tagID=[1a1c23ee431f4728b01677039593bc81] set TAG_NEW=0,DB DEBUG,fe_LotRecipeRowCheckCreateByRecipe,c05dcd762e4b4b5a99224c48445d7683,3
79849,08/05/2026 08:48:23,INSERT in LOT_RECIPE_ROW TAG: [GI4_RECIPE_Data_OP30_PTL_12_PartNumber] value: [] (FROM RECIPE_ROW) recipeId: [79bc447496f5479d96880fbecb69eadb] tagID=[1897909b17784365ae9be36b71a37912] set TAG_NEW=0,DB DEBUG,fe_LotRecipeRowCheckCreateByRecipe,c05dcd762e4b4b5a99224c48445d7683,3
79848,08/05/2026 08:48:23,INSERT in LOT_RECIPE_ROW TAG: [GI4_RECIPE_Data_OP30_PTL_5_Qta] value: [1] (FROM RECIPE_ROW) recipeId: [79bc447496f5479d96880fbecb69eadb] tagID=[17e58e802fdb4886a00ee2df555cccc2] set TAG_NEW=0,DB DEBUG,fe_LotRecipeRowCheckCreateByRecipe,c05dcd762e4b4b5a99224c48445d7683,3
79847,08/05/2026 08:48:23,INSERT in LOT_RECIPE_ROW TAG: [GI4_RECIPE_Data_OP30_PTL_32_Qta] value: [0] (FROM RECIPE_ROW) recipeId: [79bc447496f5479d96880fbecb69eadb] tagID=[17bfebdd36ed4d268e65b73ad2683657] set TAG_NEW=0,DB DEBUG,fe_LotRecipeRowCheckCreateByRecipe,c05dcd762e4b4b5a99224c48445d7683,3
79846,08/05/2026 08:48:23,INSERT in LOT_RECIPE_ROW TAG: [GI4_RECIPE_Data_OP30_PTL_13_CellUnion] value: [0] (FROM RECIPE_ROW) recipeId: [79bc447496f5479d96880fbecb69eadb] tagID=[171ef8f151874a64b2aa6d76fa9e011e] set TAG_NEW=0,DB DEBUG,fe_LotRecipeRowCheckCreateByRecipe,c05dcd762e4b4b5a99224c48445d7683,3
79845,08/05/2026 08:48:23,INSERT in LOT_RECIPE_ROW TAG: [GI4_RECIPE_Data_OP30_PTL_8_CellUnion] value: [0] (FROM RECIPE_ROW) recipeId: [79bc447496f5479d96880fbecb69eadb] tagID=[16825f04574b4c16b4ab3c9fc79ebec3] set TAG_NEW=0,DB DEBUG,fe_LotRecipeRowCheckCreateByRecipe,c05dcd762e4b4b5a99224c48445d7683,3
79844,08/05/2026 08:48:23,INSERT in LOT_RECIPE_ROW TAG: [GI4_RECIPE_Data_OP30_PTL_27_PartNumber] value: [] (FROM RECIPE_ROW) recipeId: [79bc447496f5479d96880fbecb69eadb] tagID=[152ff83f6425493d8ee154c7474edc49] set TAG_NEW=0,DB DEBUG,fe_LotRecipeRowCheckCreateByRecipe,c05dcd762e4b4b5a99224c48445d7683,3
79843,08/05/2026 08:48:23,INSERT in LOT_RECIPE_ROW TAG: [GI4_RECIPE_Data_OP10_PTL_6_Qta] value: [5] (FROM RECIPE_ROW) recipeId: [79bc447496f5479d96880fbecb69eadb] tagID=[149871b6a096497a9ec64f62ca13eb4b] set TAG_NEW=0,DB DEBUG,fe_LotRecipeRowCheckCreateByRecipe,c05dcd762e4b4b5a99224c48445d7683,3
79842,08/05/2026 08:48:23,INSERT in LOT_RECIPE_ROW TAG: [GI4_RECIPE_Data_OP10_PTL_4_Qta] value: [5] (FROM RECIPE_ROW) recipeId: [79bc447496f5479d96880fbecb69eadb] tagID=[142c9d2d9d404cae81c1f59ae4da360d] set TAG_NEW=0,DB DEBUG,fe_LotRecipeRowCheckCreateByRecipe,c05dcd762e4b4b5a99224c48445d7683,3
79841,08/05/2026 08:48:23,INSERT in LOT_RECIPE_ROW TAG: [GI4_RECIPE_Data_OP30_PTL_31_Cell] value: [0] (FROM RECIPE_ROW) recipeId: [79bc447496f5479d96880fbecb69eadb] tagID=[138d7ec4d945404cb05a6c2acc6e26c9] set TAG_NEW=0,DB DEBUG,fe_LotRecipeRowCheckCreateByRecipe,c05dcd762e4b4b5a99224c48445d7683,3
79840,08/05/2026 08:48:23,INSERT in LOT_RECIPE_ROW TAG: [GI4_RECIPE_Data_OP10_PTL_28_Description] value: [] (FROM RECIPE_ROW) recipeId: [79bc447496f5479d96880fbecb69eadb] tagID=[12a6a0eb336a45538a178cbcfbba8b13] set TAG_NEW=0,DB DEBUG,fe_LotRecipeRowCheckCreateByRecipe,c05dcd762e4b4b5a99224c48445d7683,3
79839,08/05/2026 08:48:23,INSERT in LOT_RECIPE_ROW TAG: [GI4_RECIPE_Data_OP30_PTL_24_CellUnion] value: [0] (FROM RECIPE_ROW) recipeId: [79bc447496f5479d96880fbecb69eadb] tagID=[11fead26f2374b1895abe418c9d7bf56] set TAG_NEW=0,DB DEBUG,fe_LotRecipeRowCheckCreateByRecipe,c05dcd762e4b4b5a99224c48445d7683,3
79838,08/05/2026 08:48:23,INSERT in LOT_RECIPE_ROW TAG: [GI4_RECIPE_Data_OP30_PTL_19_PartNumber] value: [] (FROM RECIPE_ROW) recipeId: [79bc447496f5479d96880fbecb69eadb] tagID=[117d55a6eec74686af0d4085044334ff] set TAG_NEW=0,DB DEBUG,fe_LotRecipeRowCheckCreateByRecipe,c05dcd762e4b4b5a99224c48445d7683,3
79837,08/05/2026 08:48:23,INSERT in LOT_RECIPE_ROW TAG: [GI4_RECIPE_Data_OP30_PTL_28_PartNumber] value: [] (FROM RECIPE_ROW) recipeId: [79bc447496f5479d96880fbecb69eadb] tagID=[108fa0aa4e9b422cb0c37060f5f8251a] set TAG_NEW=0,DB DEBUG,fe_LotRecipeRowCheckCreateByRecipe,c05dcd762e4b4b5a99224c48445d7683,3
79836,08/05/2026 08:48:23,INSERT in LOT_RECIPE_ROW TAG: [GI4_RECIPE_Data_OP30_PTL_28_Cell] value: [0] (FROM RECIPE_ROW) recipeId: [79bc447496f5479d96880fbecb69eadb] tagID=[1064907859704583a8bb1acb185d83ab] set TAG_NEW=0,DB DEBUG,fe_LotRecipeRowCheckCreateByRecipe,c05dcd762e4b4b5a99224c48445d7683,3
79835,08/05/2026 08:48:23,INSERT in LOT_RECIPE_ROW TAG: [GI4_RECIPE_Data_OP30_PTL_15_PartNumber] value: [] (FROM RECIPE_ROW) recipeId: [79bc447496f5479d96880fbecb69eadb] tagID=[0f861d9887f547c4a700d24785651f0c] set TAG_NEW=0,DB DEBUG,fe_LotRecipeRowCheckCreateByRecipe,c05dcd762e4b4b5a99224c48445d7683,3
79834,08/05/2026 08:48:23,INSERT in LOT_RECIPE_ROW TAG: [GI4_RECIPE_Data_OP10_PTL_3_PartNumber] value: [314.0080.0.00] (FROM RECIPE_ROW) recipeId: [79bc447496f5479d96880fbecb69eadb] tagID=[0ecb09489ff542bdbdd43d40a6c9512f] set TAG_NEW=0,DB DEBUG,fe_LotRecipeRowCheckCreateByRecipe,c05dcd762e4b4b5a99224c48445d7683,3
79833,08/05/2026 08:48:23,INSERT in LOT_RECIPE_ROW TAG: [GI4_RECIPE_Data_OP30_PTL_14_Cell] value: [0] (FROM RECIPE_ROW) recipeId: [79bc447496f5479d96880fbecb69eadb] tagID=[0cf9f78a5123498ab6e2b33cc7e7cdb5] set TAG_NEW=0,DB DEBUG,fe_LotRecipeRowCheckCreateByRecipe,c05dcd762e4b4b5a99224c48445d7683,3
79832,08/05/2026 08:48:23,INSERT in LOT_RECIPE_ROW TAG: [GI4_RECIPE_Data_OP10_PTL_31_Qta] value: [0] (FROM RECIPE_ROW) recipeId: [79bc447496f5479d96880fbecb69eadb] tagID=[0cae3beb3c844e07b0495201a61d0a6b] set TAG_NEW=0,DB DEBUG,fe_LotRecipeRowCheckCreateByRecipe,c05dcd762e4b4b5a99224c48445d7683,3
79831,08/05/2026 08:48:23,INSERT in LOT_RECIPE_ROW TAG: [GI4_RECIPE_Data_OP30_PTL_8_Description] value: [TCCE M10x30 UNI5931-12K- br.] (FROM RECIPE_ROW) recipeId: [79bc447496f5479d96880fbecb69eadb] tagID=[0c50c86c64814102b8bf9d50bea4121c] set TAG_NEW=0,DB DEBUG,fe_LotRecipeRowCheckCreateByRecipe,c05dcd762e4b4b5a99224c48445d7683,3
79830,08/05/2026 08:48:23,INSERT in LOT_RECIPE_ROW TAG: [GI4_RECIPE_Data_OP30_PTL_24_Description] value: [] (FROM RECIPE_ROW) recipeId: [79bc447496f5479d96880fbecb69eadb] tagID=[08e01c362a124f688baffd9b72b42d55] set TAG_NEW=0,DB DEBUG,fe_LotRecipeRowCheckCreateByRecipe,c05dcd762e4b4b5a99224c48445d7683,3
79829,08/05/2026 08:48:23,INSERT in LOT_RECIPE_ROW TAG: [GI4_RECIPE_Data_OP10_PTL_25_PartNumber] value: [] (FROM RECIPE_ROW) recipeId: [79bc447496f5479d96880fbecb69eadb] tagID=[08c052c80fc44199978244ded6f644a8] set TAG_NEW=0,DB DEBUG,fe_LotRecipeRowCheckCreateByRecipe,c05dcd762e4b4b5a99224c48445d7683,3
79828,08/05/2026 08:48:23,INSERT in LOT_RECIPE_ROW TAG: [GI4_RECIPE_Data_OP10_PTL_23_CellUnion] value: [0] (FROM RECIPE_ROW) recipeId: [79bc447496f5479d96880fbecb69eadb] tagID=[08a1b948dc2b43adb6f3a5f05a6e7c10] set TAG_NEW=0,DB DEBUG,fe_LotRecipeRowCheckCreateByRecipe,c05dcd762e4b4b5a99224c48445d7683,3
79827,08/05/2026 08:48:23,INSERT in LOT_RECIPE_ROW TAG: [GI4_RECIPE_Data_OP30_PTL_25_Cell] value: [0] (FROM RECIPE_ROW) recipeId: [79bc447496f5479d96880fbecb69eadb] tagID=[0825757efe7a4a17ad0a2f68fc354c13] set TAG_NEW=0,DB DEBUG,fe_LotRecipeRowCheckCreateByRecipe,c05dcd762e4b4b5a99224c48445d7683,3
79826,08/05/2026 08:48:23,INSERT in LOT_RECIPE_ROW TAG: [GI4_RECIPE_Data_OP30_PTL_2_Qta] value: [5] (FROM RECIPE_ROW) recipeId: [79bc447496f5479d96880fbecb69eadb] tagID=[0595c7172ef94685bfe9c025f6ad73b0] set TAG_NEW=0,DB DEBUG,fe_LotRecipeRowCheckCreateByRecipe,c05dcd762e4b4b5a99224c48445d7683,3
79825,08/05/2026 08:48:23,INSERT in LOT_RECIPE_ROW TAG: [GI4_RECIPE_Data_OP30_PTL_24_PartNumber] value: [] (FROM RECIPE_ROW) recipeId: [79bc447496f5479d96880fbecb69eadb] tagID=[04e5d1459c974a708aa383b3539f6b54] set TAG_NEW=0,DB DEBUG,fe_LotRecipeRowCheckCreateByRecipe,c05dcd762e4b4b5a99224c48445d7683,3
79824,08/05/2026 08:48:23,INSERT in LOT_RECIPE_ROW TAG: [GI4_RECIPE_Data_OP30_PTL_14_CellUnion] value: [0] (FROM RECIPE_ROW) recipeId: [79bc447496f5479d96880fbecb69eadb] tagID=[03fe10dfb8324b348a02ff128543273e] set TAG_NEW=0,DB DEBUG,fe_LotRecipeRowCheckCreateByRecipe,c05dcd762e4b4b5a99224c48445d7683,3
79823,08/05/2026 08:48:23,INSERT in LOT_RECIPE_ROW TAG: [GI4_RECIPE_Data_OP30_PTL_26_CellUnion] value: [0] (FROM RECIPE_ROW) recipeId: [79bc447496f5479d96880fbecb69eadb] tagID=[03eff61cd6c4460ab6aa437ee0a2cc4f] set TAG_NEW=0,DB DEBUG,fe_LotRecipeRowCheckCreateByRecipe,c05dcd762e4b4b5a99224c48445d7683,3
79822,08/05/2026 08:48:23,INSERT in LOT_RECIPE_ROW TAG: [GI4_RECIPE_Data_OP30_PTL_2_PartNumber] value: [313.0047.0.00] (FROM RECIPE_ROW) recipeId: [79bc447496f5479d96880fbecb69eadb] tagID=[02b85a6445fd4f509ff0590d881cbfd7] set TAG_NEW=0,DB DEBUG,fe_LotRecipeRowCheckCreateByRecipe,c05dcd762e4b4b5a99224c48445d7683,3
79821,08/05/2026 08:48:23,INSERT in LOT_RECIPE_ROW TAG: [GI4_RECIPE_Data_OP30_PTL_19_Cell] value: [0] (FROM RECIPE_ROW) recipeId: [79bc447496f5479d96880fbecb69eadb] tagID=[02b3ddb59fc142e19bc8f2344bfb4f72] set TAG_NEW=0,DB DEBUG,fe_LotRecipeRowCheckCreateByRecipe,c05dcd762e4b4b5a99224c48445d7683,3
79820,08/05/2026 08:48:23,INSERT in LOT_RECIPE_ROW TAG: [GI4_RECIPE_Data_OP10_PTL_11_Cell] value: [0] (FROM RECIPE_ROW) recipeId: [79bc447496f5479d96880fbecb69eadb] tagID=[01f796dc632e41b4ab097c1ecabb4b0f] set TAG_NEW=0,DB DEBUG,fe_LotRecipeRowCheckCreateByRecipe,c05dcd762e4b4b5a99224c48445d7683,3
79819,08/05/2026 08:48:23,INSERT in LOT_RECIPE_ROW TAG: [GI4_RECIPE_Data_OP10_PTL_9_Qta] value: [0] (FROM RECIPE_ROW) recipeId: [79bc447496f5479d96880fbecb69eadb] tagID=[01b54df8c5c8431fbdfa8884310acd28] set TAG_NEW=0,DB DEBUG,fe_LotRecipeRowCheckCreateByRecipe,c05dcd762e4b4b5a99224c48445d7683,3
79818,08/05/2026 08:48:23,INSERT in LOT_RECIPE_ROW TAG: [GI4_RECIPE_Data_OP10_PTL_19_CellUnion] value: [0] (FROM RECIPE_ROW) recipeId: [79bc447496f5479d96880fbecb69eadb] tagID=[010d32c109574379bfeff5dd778e4596] set TAG_NEW=0,DB DEBUG,fe_LotRecipeRowCheckCreateByRecipe,c05dcd762e4b4b5a99224c48445d7683,3
79817,08/05/2026 08:48:23,INSERT in LOT_RECIPE_ROW TAG: [GI4_RECIPE_Data_OP10_PTL_9_Cell] value: [0] (FROM RECIPE_ROW) recipeId: [79bc447496f5479d96880fbecb69eadb] tagID=[00bf0c48f06d421fa49b67d755982f66] set TAG_NEW=0,DB DEBUG,fe_LotRecipeRowCheckCreateByRecipe,c05dcd762e4b4b5a99224c48445d7683,3
79816,08/05/2026 08:48:23,INSERT in LOT_RECIPE_ROW TAG: [GI4_RECIPE_Data_OP30_PTL_2_Description] value: [AN.ANTIESTR.BILANC.SNM3] (FROM RECIPE_ROW) recipeId: [79bc447496f5479d96880fbecb69eadb] tagID=[00b1fda64a62469b8e3742551e16ce95] set TAG_NEW=0,DB DEBUG,fe_LotRecipeRowCheckCreateByRecipe,c05dcd762e4b4b5a99224c48445d7683,3
80146,08/05/2026 08:48:24,Cambiato Lotto/ricetta in coda - LotNew=[91a765fc57f2434c8576708eeeba82f8] era [NULL]; RecipeNew=[79bc447496f5479d96880fbecb69eadb].[NULL era [1].[(NULL),DB DEBUG,fid_MachineFindSetNextLot,c05dcd762e4b4b5a99224c48445d7683,3
80145,08/05/2026 08:48:24,Elaboro lotti in coda per linea=fc0ef60c8da844d5a531b293ac0b857b,DB DEBUG,fe_LineSetNextLot,fc0ef60c8da844d5a531b293ac0b857b,3
80147,08/05/2026 08:48:24,Lotto [59949331}] ricetta [121.25.097.00-59949331] ver [1] wasLotPresent=0 wasRecipePresent=0 insertedRows=328 updatedRows=0,NODE-RED,CheckCreateLotDone,c05dcd762e4b4b5a99224c48445d7683,0
80217,08/05/2026 08:48:53,set TAG = [GI4_RECIPE_Data_OP30_PTL_8_Qta].value_tag=[10] era [0] tagID=[85fb34eba80d4fb38ad706d6bc51c136],DB DEBUG,fid_MachineNextLotStart,null,3
80216,08/05/2026 08:48:53,set TAG = [GI4_RECIPE_Data_OP30_PTL_8_PartNumber].value_text=[5713.54.2579] era [] tagID=[7807e14906eb46aa9f1939eb0ad14cc8],DB DEBUG,fid_MachineNextLotStart,null,3
80215,08/05/2026 08:48:53,set TAG = [GI4_RECIPE_Data_OP30_PTL_8_Description].value_text=[TCCE M10x30 UNI5931-12K- br.] era [] tagID=[0c50c86c64814102b8bf9d50bea4121c],DB DEBUG,fid_MachineNextLotStart,null,3
80214,08/05/2026 08:48:53,set TAG = [GI4_RECIPE_Data_OP30_PTL_8_Cell].value_tag=[12] era [0] tagID=[bb92791e866e4d888fd699bdab2462a3],DB DEBUG,fid_MachineNextLotStart,null,3
80213,08/05/2026 08:48:53,set TAG = [GI4_RECIPE_Data_OP30_PTL_7_Qta].value_tag=[10] era [0] tagID=[3640890fbc5649c38727f3cec1b1e5f2],DB DEBUG,fid_MachineNextLotStart,null,3
80212,08/05/2026 08:48:53,set TAG = [GI4_RECIPE_Data_OP30_PTL_7_PartNumber].value_text=[5011.31.2215] era [] tagID=[dfbda0b35a5c49b8819953f342e53512],DB DEBUG,fid_MachineNextLotStart,null,3
80211,08/05/2026 08:48:53,set TAG = [GI4_RECIPE_Data_OP30_PTL_7_Description].value_text=[SPINA COLL. D.8x15 sim. UNI E] era [] tagID=[94025c26c59641fa8ca85675332ce390],DB DEBUG,fid_MachineNextLotStart,null,3
80210,08/05/2026 08:48:53,set TAG = [GI4_RECIPE_Data_OP30_PTL_7_Cell].value_tag=[30] era [0] tagID=[8da5355aad07486dafba036bfff05750],DB DEBUG,fid_MachineNextLotStart,null,3
80209,08/05/2026 08:48:53,set TAG = [GI4_RECIPE_Data_OP30_PTL_6_Qta].value_tag=[5] era [0] tagID=[d8586c93e6cf42cf8b806d67a901041c],DB DEBUG,fid_MachineNextLotStart,null,3
80208,08/05/2026 08:48:53,set TAG = [GI4_RECIPE_Data_OP30_PTL_6_PartNumber].value_text=[11282842] era [] tagID=[b8b9fa36e33a4e14a2374c935ab0585d],DB DEBUG,fid_MachineNextLotStart,null,3
80207,08/05/2026 08:48:53,"set TAG = [GI4_RECIPE_Data_OP30_PTL_6_Description].value_text=[PRE-SHAPED  OR SEAL88,57 x 2,] era [] tagID=[3fbdcfa4cbe54f72b48bbfa700784f6d]",DB DEBUG,fid_MachineNextLotStart,null,3
80206,08/05/2026 08:48:53,set TAG = [GI4_RECIPE_Data_OP30_PTL_6_Cell].value_tag=[29] era [0] tagID=[239ff647bb7c4b78b16fb964e8ea5c65],DB DEBUG,fid_MachineNextLotStart,null,3
80205,08/05/2026 08:48:53,set TAG = [GI4_RECIPE_Data_OP30_PTL_5_Qta].value_tag=[1] era [0] tagID=[17e58e802fdb4886a00ee2df555cccc2],DB DEBUG,fid_MachineNextLotStart,null,3
80204,08/05/2026 08:48:53,set TAG = [GI4_RECIPE_Data_OP30_PTL_5_PartNumber].value_text=[MEZZO CORPO] era [] tagID=[d3ef201d06a94d69bb216c88bf4a33ea],DB DEBUG,fid_MachineNextLotStart,null,3
80203,08/05/2026 08:48:53,set TAG = [GI4_RECIPE_Data_OP30_PTL_5_Description].value_text=[MEZZO CORPO INSERIMENTO BOCCOLE] era [] tagID=[e53c254a4d5645ba96ad637a909db04d],DB DEBUG,fid_MachineNextLotStart,null,3
80202,08/05/2026 08:48:53,set TAG = [GI4_RECIPE_Data_OP30_PTL_5_Cell].value_tag=[32] era [0] tagID=[7f00999f806f469994cc8e2c2ef27728],DB DEBUG,fid_MachineNextLotStart,null,3
80201,08/05/2026 08:48:53,set TAG = [GI4_RECIPE_Data_OP30_PTL_4_Qta].value_tag=[5] era [0] tagID=[7ca06a06c6814e5482f933de89dca8a1],DB DEBUG,fid_MachineNextLotStart,null,3
80200,08/05/2026 08:48:53,set TAG = [GI4_RECIPE_Data_OP30_PTL_4_PartNumber].value_text=[313.0048.0.00] era [] tagID=[db25e4537dce4403bb74d9bd31294088],DB DEBUG,fid_MachineNextLotStart,null,3
80199,08/05/2026 08:48:53,set TAG = [GI4_RECIPE_Data_OP30_PTL_4_Description].value_text=[AN.ANTIESTR.CONTEN.SNM3] era [] tagID=[85dd705906f34a43a06a48e2fa5562d0],DB DEBUG,fid_MachineNextLotStart,null,3
80198,08/05/2026 08:48:53,set TAG = [GI4_RECIPE_Data_OP30_PTL_4_Cell].value_tag=[20] era [0] tagID=[d82e322e3913451fbedf33e5d18a7ec3],DB DEBUG,fid_MachineNextLotStart,null,3
80197,08/05/2026 08:48:53,set TAG = [GI4_RECIPE_Data_OP30_PTL_3_Qta].value_tag=[5] era [0] tagID=[f5092d456a0f4d6ba72d15f5021c30ef],DB DEBUG,fid_MachineNextLotStart,null,3
80196,08/05/2026 08:48:53,set TAG = [GI4_RECIPE_Data_OP30_PTL_3_PartNumber].value_text=[314.0080.0.00] era [] tagID=[4ed4ea17a6e443da814e915f4e0eebca],DB DEBUG,fid_MachineNextLotStart,null,3
80195,08/05/2026 08:48:53,set TAG = [GI4_RECIPE_Data_OP30_PTL_3_Description].value_text=[GUAR.CONTEN.SNM3] era [] tagID=[6c0199243d38436b93a2b418272ded79],DB DEBUG,fid_MachineNextLotStart,null,3
80194,08/05/2026 08:48:53,set TAG = [GI4_RECIPE_Data_OP30_PTL_3_Cell].value_tag=[19] era [0] tagID=[5901ae35c34d4e0087494953a1822086],DB DEBUG,fid_MachineNextLotStart,null,3
80193,08/05/2026 08:48:53,set TAG = [GI4_RECIPE_Data_OP30_PTL_2_Qta].value_tag=[5] era [0] tagID=[0595c7172ef94685bfe9c025f6ad73b0],DB DEBUG,fid_MachineNextLotStart,null,3
80192,08/05/2026 08:48:53,set TAG = [GI4_RECIPE_Data_OP30_PTL_2_PartNumber].value_text=[313.0047.0.00] era [] tagID=[02b85a6445fd4f509ff0590d881cbfd7],DB DEBUG,fid_MachineNextLotStart,null,3
80191,08/05/2026 08:48:53,set TAG = [GI4_RECIPE_Data_OP30_PTL_2_Description].value_text=[AN.ANTIESTR.BILANC.SNM3] era [] tagID=[00b1fda64a62469b8e3742551e16ce95],DB DEBUG,fid_MachineNextLotStart,null,3
80190,08/05/2026 08:48:53,set TAG = [GI4_RECIPE_Data_OP30_PTL_2_Cell].value_tag=[18] era [0] tagID=[669174397a5c4cf98a45c3da54ddf173],DB DEBUG,fid_MachineNextLotStart,null,3
80189,08/05/2026 08:48:53,set TAG = [GI4_RECIPE_Data_OP30_PTL_1_Qta].value_tag=[5] era [0] tagID=[d65957a68f104b35b957c4a45caf82c7],DB DEBUG,fid_MachineNextLotStart,null,3
80188,08/05/2026 08:48:53,set TAG = [GI4_RECIPE_Data_OP30_PTL_1_PartNumber].value_text=[314.0079.0.00] era [] tagID=[7ce37947270449218f875eea849a2044],DB DEBUG,fid_MachineNextLotStart,null,3
80187,08/05/2026 08:48:53,set TAG = [GI4_RECIPE_Data_OP30_PTL_1_Description].value_text=[GUAR.BILANC.SNM3] era [] tagID=[6edf7c9599df40aaa064ea22db7144e7],DB DEBUG,fid_MachineNextLotStart,null,3
80186,08/05/2026 08:48:53,set TAG = [GI4_RECIPE_Data_OP30_PTL_1_Cell].value_tag=[17] era [0] tagID=[f7bf91d82ec84d33a1063238fb891ff0],DB DEBUG,fid_MachineNextLotStart,null,3
80185,08/05/2026 08:48:53,set TAG = [GI4_RECIPE_Data_OP10_PTL_7_Qta].value_tag=[10] era [0] tagID=[d25c3d47b2b94538ba9fac551fd3af4b],DB DEBUG,fid_MachineNextLotStart,null,3
80184,08/05/2026 08:48:53,set TAG = [GI4_RECIPE_Data_OP10_PTL_7_PartNumber].value_text=[5713.54.2587] era [] tagID=[81ede46cf2a0429eb773b4da4e5f1846],DB DEBUG,fid_MachineNextLotStart,null,3
80183,08/05/2026 08:48:53,set TAG = [GI4_RECIPE_Data_OP10_PTL_7_Description].value_text=[TCCE M10x35 UNI5931-12K-br.] era [] tagID=[ac7747aadd5a48bc8af7192c4715ad52],DB DEBUG,fid_MachineNextLotStart,null,3
80182,08/05/2026 08:48:53,set TAG = [GI4_RECIPE_Data_OP10_PTL_7_Cell].value_tag=[11] era [0] tagID=[db50e99aa2c24f838f434a2528b515a5],DB DEBUG,fid_MachineNextLotStart,null,3
80181,08/05/2026 08:48:53,set TAG = [GI4_RECIPE_Data_OP10_PTL_6_Qta].value_tag=[5] era [0] tagID=[149871b6a096497a9ec64f62ca13eb4b],DB DEBUG,fid_MachineNextLotStart,null,3
80180,08/05/2026 08:48:53,set TAG = [GI4_RECIPE_Data_OP10_PTL_6_PartNumber].value_text=[11282842] era [] tagID=[f7ab839aa8ad49d8a42784dccb4de06a],DB DEBUG,fid_MachineNextLotStart,null,3
80179,08/05/2026 08:48:53,"set TAG = [GI4_RECIPE_Data_OP10_PTL_6_Description].value_text=[PRE-SHAPED  OR SEAL88,57 x 2,] era [] tagID=[8888b6c2b336454ea1dde3d0e777e26c]",DB DEBUG,fid_MachineNextLotStart,null,3
80178,08/05/2026 08:48:53,set TAG = [GI4_RECIPE_Data_OP10_PTL_6_Cell].value_tag=[27] era [0] tagID=[9ca743ce62c64ec19306f9a7f58ee4b2],DB DEBUG,fid_MachineNextLotStart,null,3
80177,08/05/2026 08:48:53,set TAG = [GI4_RECIPE_Data_OP10_PTL_5_Qta].value_tag=[1] era [0] tagID=[2b5decc799564bc88555d022c4ea85a3],DB DEBUG,fid_MachineNextLotStart,null,3
80176,08/05/2026 08:48:53,set TAG = [GI4_RECIPE_Data_OP10_PTL_5_PartNumber].value_text=[MEZZO CORPO] era [] tagID=[4680db2a528748c2a56f1bfc1c19e36f],DB DEBUG,fid_MachineNextLotStart,null,3
80175,08/05/2026 08:48:53,set TAG = [GI4_RECIPE_Data_OP10_PTL_5_Description].value_text=[MEZZO CORPO INSERIMENTO BOCCOLE] era [] tagID=[5a96b79ffc2047719c43e74778112047],DB DEBUG,fid_MachineNextLotStart,null,3
80174,08/05/2026 08:48:53,set TAG = [GI4_RECIPE_Data_OP10_PTL_5_Cell].value_tag=[32] era [0] tagID=[d666969d2ef44fd2ae1aba775b049a59],DB DEBUG,fid_MachineNextLotStart,null,3
80173,08/05/2026 08:48:53,set TAG = [GI4_RECIPE_Data_OP10_PTL_4_Qta].value_tag=[5] era [0] tagID=[142c9d2d9d404cae81c1f59ae4da360d],DB DEBUG,fid_MachineNextLotStart,null,3
80172,08/05/2026 08:48:53,set TAG = [GI4_RECIPE_Data_OP10_PTL_4_PartNumber].value_text=[313.0048.0.00] era [] tagID=[c72ce596a083481fba045f168c9a6b39],DB DEBUG,fid_MachineNextLotStart,null,3
80171,08/05/2026 08:48:53,set TAG = [GI4_RECIPE_Data_OP10_PTL_4_Description].value_text=[AN.ANTIESTR.CONTEN.SNM3] era [] tagID=[490e6e11bbd44c5f92fcf23dcb7868d6],DB DEBUG,fid_MachineNextLotStart,null,3
80170,08/05/2026 08:48:53,set TAG = [GI4_RECIPE_Data_OP10_PTL_4_Cell].value_tag=[20] era [0] tagID=[336e0993097945d5b1a95047881dcb0d],DB DEBUG,fid_MachineNextLotStart,null,3
80169,08/05/2026 08:48:53,set TAG = [GI4_RECIPE_Data_OP10_PTL_3_Qta].value_tag=[5] era [0] tagID=[64b99ad7f39b4af1a1e9626de282e024],DB DEBUG,fid_MachineNextLotStart,null,3
80168,08/05/2026 08:48:53,set TAG = [GI4_RECIPE_Data_OP10_PTL_3_PartNumber].value_text=[314.0080.0.00] era [] tagID=[0ecb09489ff542bdbdd43d40a6c9512f],DB DEBUG,fid_MachineNextLotStart,null,3
80167,08/05/2026 08:48:53,set TAG = [GI4_RECIPE_Data_OP10_PTL_3_Description].value_text=[GUAR.CONTEN.SNM3] era [] tagID=[ed4ebb4df0674166b847678c553a27d8],DB DEBUG,fid_MachineNextLotStart,null,3
80166,08/05/2026 08:48:53,set TAG = [GI4_RECIPE_Data_OP10_PTL_3_Cell].value_tag=[19] era [0] tagID=[49b0dafee5f943f0a8d84312bad8611a],DB DEBUG,fid_MachineNextLotStart,null,3
80165,08/05/2026 08:48:53,set TAG = [GI4_RECIPE_Data_OP10_PTL_2_Qta].value_tag=[5] era [0] tagID=[698b5b93bb8a41d5809063524e865c1b],DB DEBUG,fid_MachineNextLotStart,null,3
80164,08/05/2026 08:48:53,set TAG = [GI4_RECIPE_Data_OP10_PTL_2_PartNumber].value_text=[313.0047.0.00] era [] tagID=[97725c7e1be64b50af0a8ea3be69c4ab],DB DEBUG,fid_MachineNextLotStart,null,3
80163,08/05/2026 08:48:53,set TAG = [GI4_RECIPE_Data_OP10_PTL_2_Description].value_text=[AN.ANTIESTR.BILANC.SNM3] era [] tagID=[692cff3bc5bb4dbcae04e9c68f313072],DB DEBUG,fid_MachineNextLotStart,null,3
80162,08/05/2026 08:48:53,set TAG = [GI4_RECIPE_Data_OP10_PTL_2_Cell].value_tag=[18] era [0] tagID=[bf8911c5ef4d46cca50bc6607b301bcb],DB DEBUG,fid_MachineNextLotStart,null,3
80161,08/05/2026 08:48:53,set TAG = [GI4_RECIPE_Data_OP10_PTL_1_Qta].value_tag=[5] era [0] tagID=[5a21fa6644594e34bb4c27ec532841c5],DB DEBUG,fid_MachineNextLotStart,null,3
80160,08/05/2026 08:48:53,set TAG = [GI4_RECIPE_Data_OP10_PTL_1_PartNumber].value_text=[314.0079.0.00] era [] tagID=[7eee7b9b5d3f4f3385918cf9bb6b7875],DB DEBUG,fid_MachineNextLotStart,null,3
80159,08/05/2026 08:48:53,set TAG = [GI4_RECIPE_Data_OP10_PTL_1_Description].value_text=[GUAR.BILANC.SNM3] era [] tagID=[d6291a14f33944dfa23f56376299e43c],DB DEBUG,fid_MachineNextLotStart,null,3
80158,08/05/2026 08:48:53,set TAG = [GI4_RECIPE_Data_OP10_PTL_1_Cell].value_tag=[17] era [0] tagID=[445a0a3d4bb74ef4a33c63abd027367f],DB DEBUG,fid_MachineNextLotStart,null,3
80157,08/05/2026 08:48:53,set TAG = [GI4_RECIPE_Data_QtaOrd].value_tag=[10] era [0] tagID=[651c889b30e34366b6504e28badaf6ad],DB DEBUG,fid_MachineNextLotStart,null,3
80156,08/05/2026 08:48:53,set TAG = [GI4_RECIPE_Data_ScrewProgram].value_tag=[1] era [0] tagID=[d512b9acdfc144c5a79d23a266dcbe3d],DB DEBUG,fid_MachineNextLotStart,null,3
80155,08/05/2026 08:48:53,set TAG = [GI4_RECIPE_Data_PrintType].value_tag=[1] era [0] tagID=[319e60a433a54b1986e7af6ab5b36d6e],DB DEBUG,fid_MachineNextLotStart,null,3
80154,08/05/2026 08:48:53,set TAG = [GI4_RECIPE_Data_PartNumber].value_text=[121.25.097.00] era [] tagID=[c83d6a238f06459f8a8779a32bb67758],DB DEBUG,fid_MachineNextLotStart,null,3
80153,08/05/2026 08:48:53,set TAG = [GI4_RECIPE_Data_Orientation].value_tag=[1] era [0] tagID=[659d2725213c419598cd5309a512dc6c],DB DEBUG,fid_MachineNextLotStart,null,3
80152,08/05/2026 08:48:53,set TAG = [GI4_RECIPE_Data_MasterModelCode].value_text=[SNM3NN/026BN01BAM1C7C7NNNN/NNNNN] era [] tagID=[2295f1d9dbe3459691489299eb02429f],DB DEBUG,fid_MachineNextLotStart,null,3
80151,08/05/2026 08:48:53,RECIPE HAS NO CHANGES; LOT: 91a765fc57f2434c8576708eeeba82f8; RECIPE: 79bc447496f5479d96880fbecb69eadb,DB,fe_LotRecipeRowCheckCreateByRecipe,c05dcd762e4b4b5a99224c48445d7683,0
80150,08/05/2026 08:48:53,i_machine_id=[c05dcd762e4b4b5a99224c48445d7683]v_next_lot_id=[91a765fc57f2434c8576708eeeba82f8]v_recipe_id=[79bc447496f5479d96880fbecb69eadb]v_recipe_version=[1]v_recipe_not_to_send=[0]v_update_to_last_recipe=[1]v_count_forced=[0],DB DEBUG,fid_MachineNextLotStart,null,3
80149,08/05/2026 08:48:53,FINE sp_LotMachineCloseOther machine=[c05dcd762e4b4b5a99224c48445d7683] lot_chiusi=[0],DB DEBUG,sp_LotMachineCloseOther,c05dcd762e4b4b5a99224c48445d7683,3
80148,08/05/2026 08:48:53,INIZIO sp_LotMachineCloseOther machine=[c05dcd762e4b4b5a99224c48445d7683] not_to_close=[91a765fc57f2434c8576708eeeba82f8],DB DEBUG,sp_LotMachineCloseOther,c05dcd762e4b4b5a99224c48445d7683,3
80218,08/05/2026 08:48:59,INIZIO sp_LotMachineCloseOther machine=[c05dcd762e4b4b5a99224c48445d7683] not_to_close=[91a765fc57f2434c8576708eeeba82f8],DB DEBUG,sp_LotMachineCloseOther,c05dcd762e4b4b5a99224c48445d7683,3
80219,08/05/2026 08:48:59,FINE sp_LotMachineCloseOther machine=[c05dcd762e4b4b5a99224c48445d7683] lot_chiusi=[0],DB DEBUG,sp_LotMachineCloseOther,c05dcd762e4b4b5a99224c48445d7683,3
80221,08/05/2026 08:48:59,Cambiato Lotto/ricetta in coda - LotNew=[NULL] era [91a765fc57f2434c8576708eeeba82f8]; RecipeNew=[NULL].[79bc447496f5479d96880fbecb69eadb era [(NULL)].[1,DB DEBUG,fid_MachineFindSetNextLot,c05dcd762e4b4b5a99224c48445d7683,3
80220,08/05/2026 08:48:59,Elaboro lotti in coda per linea=fc0ef60c8da844d5a531b293ac0b857b,DB DEBUG,fe_LineSetNextLot,fc0ef60c8da844d5a531b293ac0b857b,3
80222,08/05/2026 08:49:00,Cambio Lotto avvenuto con successo - macchina:c05dcd762e4b4b5a99224c48445d7683 lotto:,NODE-RED,NextLotStartDone,c05dcd762e4b4b5a99224c48445d7683,0
