ID,DATE_TIME_LOG,MESSAGE,UNIT_NAME,ROUTINE_NAME,KEY_TAG,STATE
63092,06/05/2026 06:30:03,Azzera lotto attivo in macchina - ACTIVE_LOT_ID = NULL,DB DEBUG,sp_LotEndOnPlc,c05dcd762e4b4b5a99224c48445d7683,3
63093,06/05/2026 06:30:03,CHIUDO LOT_MACHINE(lot:de41e216cd42472090581b94636cd2f3;machine:c05dcd762e4b4b5a99224c48445d7683) stsLot:4; stsStart:20,DB DEBUG,sp_LotMachineCloseOther,c05dcd762e4b4b5a99224c48445d7683,3
63094,06/05/2026 06:30:03,Elaboro lotti in coda per linea=fc0ef60c8da844d5a531b293ac0b857b,DB DEBUG,fe_LineSetNextLot,fc0ef60c8da844d5a531b293ac0b857b,3
63095,06/05/2026 06:30:18,Lotto [59978078}] ricetta [11151061-59978078] ver [1] wasLotPresent=1 wasRecipePresent=1 insertedRows=0 updatedRows=0,NODE-RED,CheckCreateLotDone,c05dcd762e4b4b5a99224c48445d7683,0
63096,06/05/2026 06:30:39,Lotto [59962315}] ricetta [111.25.019.0C-59962315] ver [1] wasLotPresent=1 wasRecipePresent=1 insertedRows=0 updatedRows=0,NODE-RED,CheckCreateLotDone,c05dcd762e4b4b5a99224c48445d7683,0
63097,06/05/2026 06:32:42,Lotto [59962315}] ricetta [111.25.019.0C-59962315] ver [1] wasLotPresent=1 wasRecipePresent=1 insertedRows=0 updatedRows=0,NODE-RED,CheckCreateLotDone,c05dcd762e4b4b5a99224c48445d7683,0
63098,06/05/2026 07:01:35,Lotto [59962315}] ricetta [111.25.019.0C-59962315] ver [1] wasLotPresent=1 wasRecipePresent=1 insertedRows=0 updatedRows=0,NODE-RED,CheckCreateLotDone,c05dcd762e4b4b5a99224c48445d7683,0
63099,06/05/2026 07:03:57,Cambiato Lotto/ricetta in coda - LotNew=[c947f7df0bb749c088a9609ce279a612] era [NULL]; RecipeNew=[c766a3d8e72549919ab4749ec18876ef].[NULL era [1].[(NULL),DB DEBUG,fid_MachineFindSetNextLot,c05dcd762e4b4b5a99224c48445d7683,3
63100,06/05/2026 07:03:57,CREO TASK 440 per cambio TARGET su LOTTO: [c947f7df0bb749c088a9609ce279a612] old target: [10] nuovo: [NULL],DB DEBUG,LOT_before_upd_tr1,c947f7df0bb749c088a9609ce279a612,3
63187,06/05/2026 07:04:27,set TAG = [GI4_RECIPE_Data_OP30_PTL_15_Qta].value_tag=[20] era [0] tagID=[968856ca602e46fea96e5ad25133b385],DB DEBUG,fid_MachineNextLotStart,null,3
63186,06/05/2026 07:04:27,set TAG = [GI4_RECIPE_Data_OP30_PTL_15_PartNumber].value_text=[5713.54.2579] era [] tagID=[0f861d9887f547c4a700d24785651f0c],DB DEBUG,fid_MachineNextLotStart,null,3
63185,06/05/2026 07:04:27,set TAG = [GI4_RECIPE_Data_OP30_PTL_15_Description].value_text=[TCCE M10x30 UNI5931-12K- br.] era [] tagID=[980dc20e83254cfa8b43b2e84a4dc2f3],DB DEBUG,fid_MachineNextLotStart,null,3
63184,06/05/2026 07:04:27,set TAG = [GI4_RECIPE_Data_OP30_PTL_15_Cell].value_tag=[12] era [0] tagID=[43ca04a60779487a9bad4b18e6857c08],DB DEBUG,fid_MachineNextLotStart,null,3
63183,06/05/2026 07:04:27,set TAG = [GI4_RECIPE_Data_OP30_PTL_14_Qta].value_tag=[20] era [0] tagID=[1e1a67aab00c40568e55d6a9cb7e929c],DB DEBUG,fid_MachineNextLotStart,null,3
63182,06/05/2026 07:04:27,set TAG = [GI4_RECIPE_Data_OP30_PTL_14_PartNumber].value_text=[5020.02.0009] era [] tagID=[adc6dee299e94b74a6c5d5d7fc477174],DB DEBUG,fid_MachineNextLotStart,null,3
63181,06/05/2026 07:04:27,"set TAG = [GI4_RECIPE_Data_OP30_PTL_14_Description].value_text=[RONDELLA DI RAME 10,5x16x1 S7] era [] tagID=[4812e17c8ac14e9a9c0ef1b4b4696b0b]",DB DEBUG,fid_MachineNextLotStart,null,3
63180,06/05/2026 07:04:27,set TAG = [GI4_RECIPE_Data_OP30_PTL_14_Cell].value_tag=[24] era [0] tagID=[0cf9f78a5123498ab6e2b33cc7e7cdb5],DB DEBUG,fid_MachineNextLotStart,null,3
63179,06/05/2026 07:04:27,set TAG = [GI4_RECIPE_Data_OP30_PTL_13_Qta].value_tag=[20] era [0] tagID=[374dd1ca558346c198cd868b38086280],DB DEBUG,fid_MachineNextLotStart,null,3
63178,06/05/2026 07:04:27,set TAG = [GI4_RECIPE_Data_OP30_PTL_13_PartNumber].value_text=[5011.31.2215] era [] tagID=[4419482991d445749bca6c4b6b6b4edc],DB DEBUG,fid_MachineNextLotStart,null,3
63177,06/05/2026 07:04:27,set TAG = [GI4_RECIPE_Data_OP30_PTL_13_Description].value_text=[SPINA COLL. D.8x15 sim. UNI E] era [] tagID=[fc7c0d2bb0404817a3b5522808550b35],DB DEBUG,fid_MachineNextLotStart,null,3
63176,06/05/2026 07:04:27,set TAG = [GI4_RECIPE_Data_OP30_PTL_13_Cell].value_tag=[30] era [0] tagID=[322607fdab0d48e482f702551a084233],DB DEBUG,fid_MachineNextLotStart,null,3
63175,06/05/2026 07:04:27,set TAG = [GI4_RECIPE_Data_OP30_PTL_12_Qta].value_tag=[10] era [0] tagID=[e272e191e59948aeb7ea87968fe68743],DB DEBUG,fid_MachineNextLotStart,null,3
63174,06/05/2026 07:04:27,set TAG = [GI4_RECIPE_Data_OP30_PTL_12_PartNumber].value_text=[11282842] era [] tagID=[1897909b17784365ae9be36b71a37912],DB DEBUG,fid_MachineNextLotStart,null,3
63173,06/05/2026 07:04:27,"set TAG = [GI4_RECIPE_Data_OP30_PTL_12_Description].value_text=[PRE-SHAPED  OR SEAL88,57 x 2,] era [] tagID=[9968ccfe92584960b1373e007a2970ca]",DB DEBUG,fid_MachineNextLotStart,null,3
63172,06/05/2026 07:04:27,set TAG = [GI4_RECIPE_Data_OP30_PTL_12_Cell].value_tag=[29] era [0] tagID=[60941a4aae8f4f1a9ce01295056d6dd6],DB DEBUG,fid_MachineNextLotStart,null,3
63171,06/05/2026 07:04:27,set TAG = [GI4_RECIPE_Data_OP30_PTL_11_Qta].value_tag=[1] era [0] tagID=[7485e62704ef4a809acab6146f70165f],DB DEBUG,fid_MachineNextLotStart,null,3
63170,06/05/2026 07:04:27,set TAG = [GI4_RECIPE_Data_OP30_PTL_11_PartNumber].value_text=[MEZZO CORPO] era [] tagID=[48aacd5c08a34d18bbf3bb7419fa3ab4],DB DEBUG,fid_MachineNextLotStart,null,3
63169,06/05/2026 07:04:27,set TAG = [GI4_RECIPE_Data_OP30_PTL_11_Description].value_text=[MEZZO CORPO INSERIMENTO BOCCOLE] era [] tagID=[8221d86a3f8d40afa93cc9f830cee8ce],DB DEBUG,fid_MachineNextLotStart,null,3
63168,06/05/2026 07:04:27,set TAG = [GI4_RECIPE_Data_OP30_PTL_11_Cell].value_tag=[32] era [0] tagID=[ad7f7fe44f0a4a5cbd5acbab5052351e],DB DEBUG,fid_MachineNextLotStart,null,3
63167,06/05/2026 07:04:27,set TAG = [GI4_RECIPE_Data_OP30_PTL_10_Qta].value_tag=[10] era [0] tagID=[48e969b5856d4c9d82336b1e072b1bba],DB DEBUG,fid_MachineNextLotStart,null,3
63166,06/05/2026 07:04:27,set TAG = [GI4_RECIPE_Data_OP30_PTL_10_PartNumber].value_text=[314.0060.0.00] era [] tagID=[3a58c2366cbe4e0a840abbf4b877bace],DB DEBUG,fid_MachineNextLotStart,null,3
63165,06/05/2026 07:04:27,set TAG = [GI4_RECIPE_Data_OP30_PTL_10_Description].value_text=[GUAR.DI CONT. BOCC.SNP3] era [] tagID=[c106b0472bc946af8adb552982d35391],DB DEBUG,fid_MachineNextLotStart,null,3
63164,06/05/2026 07:04:27,set TAG = [GI4_RECIPE_Data_OP30_PTL_10_Cell].value_tag=[21] era [0] tagID=[7a725dc198044ac18b7412e722838ca5],DB DEBUG,fid_MachineNextLotStart,null,3
63163,06/05/2026 07:04:27,set TAG = [GI4_RECIPE_Data_OP30_PTL_9_Qta].value_tag=[10] era [0] tagID=[520695cbf77546e5812b02406ba8f089],DB DEBUG,fid_MachineNextLotStart,null,3
63162,06/05/2026 07:04:27,set TAG = [GI4_RECIPE_Data_OP30_PTL_9_PartNumber].value_text=[313.0039.1.00] era [] tagID=[fc2257a112b54dc2a793c18e6f620bae],DB DEBUG,fid_MachineNextLotStart,null,3
63161,06/05/2026 07:04:27,set TAG = [GI4_RECIPE_Data_OP30_PTL_9_Description].value_text=[AN.ANTIESTR.PIASTRA SNP3] era [] tagID=[1b395e351c7a424faee5b72d6916e004],DB DEBUG,fid_MachineNextLotStart,null,3
63160,06/05/2026 07:04:27,set TAG = [GI4_RECIPE_Data_OP30_PTL_9_Cell].value_tag=[23] era [0] tagID=[1e41bea737484150b9810803137db848],DB DEBUG,fid_MachineNextLotStart,null,3
63159,06/05/2026 07:04:27,set TAG = [GI4_RECIPE_Data_OP30_PTL_8_Qta].value_tag=[10] era [0] tagID=[85fb34eba80d4fb38ad706d6bc51c136],DB DEBUG,fid_MachineNextLotStart,null,3
63158,06/05/2026 07:04:27,set TAG = [GI4_RECIPE_Data_OP30_PTL_8_PartNumber].value_text=[314.0059.0.00] era [] tagID=[7807e14906eb46aa9f1939eb0ad14cc8],DB DEBUG,fid_MachineNextLotStart,null,3
63157,06/05/2026 07:04:27,set TAG = [GI4_RECIPE_Data_OP30_PTL_8_Description].value_text=[GUAR.BILANC.PIASTRA SNP3] era [] tagID=[0c50c86c64814102b8bf9d50bea4121c],DB DEBUG,fid_MachineNextLotStart,null,3
63156,06/05/2026 07:04:27,set TAG = [GI4_RECIPE_Data_OP30_PTL_8_Cell].value_tag=[22] era [0] tagID=[bb92791e866e4d888fd699bdab2462a3],DB DEBUG,fid_MachineNextLotStart,null,3
63155,06/05/2026 07:04:27,set TAG = [GI4_RECIPE_Data_OP30_PTL_7_Qta].value_tag=[20] era [0] tagID=[3640890fbc5649c38727f3cec1b1e5f2],DB DEBUG,fid_MachineNextLotStart,null,3
63154,06/05/2026 07:04:27,set TAG = [GI4_RECIPE_Data_OP30_PTL_7_PartNumber].value_text=[5725.20.3795] era [] tagID=[dfbda0b35a5c49b8819953f342e53512],DB DEBUG,fid_MachineNextLotStart,null,3
63153,06/05/2026 07:04:27,set TAG = [GI4_RECIPE_Data_OP30_PTL_7_Description].value_text=[SEEGER 42 UNI 7437] era [] tagID=[94025c26c59641fa8ca85675332ce390],DB DEBUG,fid_MachineNextLotStart,null,3
63152,06/05/2026 07:04:27,set TAG = [GI4_RECIPE_Data_OP30_PTL_6_Qta].value_tag=[20] era [0] tagID=[d8586c93e6cf42cf8b806d67a901041c],DB DEBUG,fid_MachineNextLotStart,null,3
63151,06/05/2026 07:04:27,set TAG = [GI4_RECIPE_Data_OP30_PTL_6_PartNumber].value_text=[5009.02.0037] era [] tagID=[b8b9fa36e33a4e14a2374c935ab0585d],DB DEBUG,fid_MachineNextLotStart,null,3
63150,06/05/2026 07:04:27,set TAG = [GI4_RECIPE_Data_OP30_PTL_6_Description].value_text=[TAPPO PER FORO DIAM.31] era [] tagID=[3fbdcfa4cbe54f72b48bbfa700784f6d],DB DEBUG,fid_MachineNextLotStart,null,3
63149,06/05/2026 07:04:27,set TAG = [GI4_RECIPE_Data_OP30_PTL_5_Qta].value_tag=[20] era [0] tagID=[17e58e802fdb4886a00ee2df555cccc2],DB DEBUG,fid_MachineNextLotStart,null,3
63148,06/05/2026 07:04:27,set TAG = [GI4_RECIPE_Data_OP30_PTL_5_PartNumber].value_text=[5009.01.0022] era [] tagID=[d3ef201d06a94d69bb216c88bf4a33ea],DB DEBUG,fid_MachineNextLotStart,null,3
63147,06/05/2026 07:04:27,set TAG = [GI4_RECIPE_Data_OP30_PTL_5_Description].value_text=[TAPPO PER FORO DIAM. 38] era [] tagID=[e53c254a4d5645ba96ad637a909db04d],DB DEBUG,fid_MachineNextLotStart,null,3
63146,06/05/2026 07:04:27,set TAG = [GI4_RECIPE_Data_OP30_PTL_4_Qta].value_tag=[20] era [0] tagID=[7ca06a06c6814e5482f933de89dca8a1],DB DEBUG,fid_MachineNextLotStart,null,3
63145,06/05/2026 07:04:27,set TAG = [GI4_RECIPE_Data_OP30_PTL_4_PartNumber].value_text=[315.0017.0.00] era [] tagID=[db25e4537dce4403bb74d9bd31294088],DB DEBUG,fid_MachineNextLotStart,null,3
63144,06/05/2026 07:04:27,set TAG = [GI4_RECIPE_Data_OP30_PTL_4_Description].value_text=[PIASTRA DI BILANC. SNP3] era [] tagID=[85dd705906f34a43a06a48e2fa5562d0],DB DEBUG,fid_MachineNextLotStart,null,3
63143,06/05/2026 07:04:27,set TAG = [GI4_RECIPE_Data_OP30_PTL_3_Qta].value_tag=[20] era [0] tagID=[f5092d456a0f4d6ba72d15f5021c30ef],DB DEBUG,fid_MachineNextLotStart,null,3
63142,06/05/2026 07:04:27,set TAG = [GI4_RECIPE_Data_OP30_PTL_3_PartNumber].value_text=[11310055] era [] tagID=[4ed4ea17a6e443da814e915f4e0eebca],DB DEBUG,fid_MachineNextLotStart,null,3
63141,06/05/2026 07:04:27,set TAG = [GI4_RECIPE_Data_OP30_PTL_3_Description].value_text=[BEARING+DU BUSSLE SNP3 (BOLIN] era [] tagID=[6c0199243d38436b93a2b418272ded79],DB DEBUG,fid_MachineNextLotStart,null,3
63140,06/05/2026 07:04:27,set TAG = [GI4_RECIPE_Data_OP30_PTL_2_Qta].value_tag=[20] era [0] tagID=[0595c7172ef94685bfe9c025f6ad73b0],DB DEBUG,fid_MachineNextLotStart,null,3
63139,06/05/2026 07:04:27,set TAG = [GI4_RECIPE_Data_OP30_PTL_2_PartNumber].value_text=[11180057] era [] tagID=[02b85a6445fd4f509ff0590d881cbfd7],DB DEBUG,fid_MachineNextLotStart,null,3
63138,06/05/2026 07:04:27,set TAG = [GI4_RECIPE_Data_OP30_PTL_2_Description].value_text=[TARGHETTA ADESIVA GRIGIA 44x2] era [] tagID=[00b1fda64a62469b8e3742551e16ce95],DB DEBUG,fid_MachineNextLotStart,null,3
63137,06/05/2026 07:04:27,set TAG = [GI4_RECIPE_Data_OP30_PTL_1_Qta].value_tag=[20] era [0] tagID=[d65957a68f104b35b957c4a45caf82c7],DB DEBUG,fid_MachineNextLotStart,null,3
63136,06/05/2026 07:04:27,set TAG = [GI4_RECIPE_Data_OP30_PTL_1_PartNumber].value_text=[11096890] era [] tagID=[7ce37947270449218f875eea849a2044],DB DEBUG,fid_MachineNextLotStart,null,3
63135,06/05/2026 07:04:27,"set TAG = [GI4_RECIPE_Data_OP30_PTL_1_Description].value_text=[AN.TEN. AS-HP25x42x6/6,5  DIN] era [] tagID=[6edf7c9599df40aaa064ea22db7144e7]",DB DEBUG,fid_MachineNextLotStart,null,3
63134,06/05/2026 07:04:27,set TAG = [GI4_RECIPE_Data_OP10_PTL_6_Qta].value_tag=[20] era [0] tagID=[149871b6a096497a9ec64f62ca13eb4b],DB DEBUG,fid_MachineNextLotStart,null,3
63133,06/05/2026 07:04:27,set TAG = [GI4_RECIPE_Data_OP10_PTL_6_PartNumber].value_text=[5713.54.2587] era [] tagID=[f7ab839aa8ad49d8a42784dccb4de06a],DB DEBUG,fid_MachineNextLotStart,null,3
63132,06/05/2026 07:04:27,set TAG = [GI4_RECIPE_Data_OP10_PTL_6_Description].value_text=[TCCE M10x35 UNI5931-12K-br.] era [] tagID=[8888b6c2b336454ea1dde3d0e777e26c],DB DEBUG,fid_MachineNextLotStart,null,3
63131,06/05/2026 07:04:27,set TAG = [GI4_RECIPE_Data_OP10_PTL_6_Cell].value_tag=[11] era [0] tagID=[9ca743ce62c64ec19306f9a7f58ee4b2],DB DEBUG,fid_MachineNextLotStart,null,3
63130,06/05/2026 07:04:27,set TAG = [GI4_RECIPE_Data_OP10_PTL_5_Qta].value_tag=[10] era [0] tagID=[2b5decc799564bc88555d022c4ea85a3],DB DEBUG,fid_MachineNextLotStart,null,3
63129,06/05/2026 07:04:27,set TAG = [GI4_RECIPE_Data_OP10_PTL_5_PartNumber].value_text=[11282842] era [] tagID=[4680db2a528748c2a56f1bfc1c19e36f],DB DEBUG,fid_MachineNextLotStart,null,3
63128,06/05/2026 07:04:27,"set TAG = [GI4_RECIPE_Data_OP10_PTL_5_Description].value_text=[PRE-SHAPED  OR SEAL88,57 x 2,] era [] tagID=[5a96b79ffc2047719c43e74778112047]",DB DEBUG,fid_MachineNextLotStart,null,3
63127,06/05/2026 07:04:27,set TAG = [GI4_RECIPE_Data_OP10_PTL_5_Cell].value_tag=[27] era [0] tagID=[d666969d2ef44fd2ae1aba775b049a59],DB DEBUG,fid_MachineNextLotStart,null,3
63126,06/05/2026 07:04:27,set TAG = [GI4_RECIPE_Data_OP10_PTL_4_Qta].value_tag=[1] era [0] tagID=[142c9d2d9d404cae81c1f59ae4da360d],DB DEBUG,fid_MachineNextLotStart,null,3
63125,06/05/2026 07:04:27,set TAG = [GI4_RECIPE_Data_OP10_PTL_4_PartNumber].value_text=[MEZZO CORPO] era [] tagID=[c72ce596a083481fba045f168c9a6b39],DB DEBUG,fid_MachineNextLotStart,null,3
63124,06/05/2026 07:04:27,set TAG = [GI4_RECIPE_Data_OP10_PTL_4_Description].value_text=[MEZZO CORPO INSERIMENTO BOCCOLE] era [] tagID=[490e6e11bbd44c5f92fcf23dcb7868d6],DB DEBUG,fid_MachineNextLotStart,null,3
63123,06/05/2026 07:04:27,set TAG = [GI4_RECIPE_Data_OP10_PTL_4_Cell].value_tag=[32] era [0] tagID=[336e0993097945d5b1a95047881dcb0d],DB DEBUG,fid_MachineNextLotStart,null,3
63122,06/05/2026 07:04:27,set TAG = [GI4_RECIPE_Data_OP10_PTL_3_Qta].value_tag=[10] era [0] tagID=[64b99ad7f39b4af1a1e9626de282e024],DB DEBUG,fid_MachineNextLotStart,null,3
63121,06/05/2026 07:04:27,set TAG = [GI4_RECIPE_Data_OP10_PTL_3_PartNumber].value_text=[314.0060.0.00] era [] tagID=[0ecb09489ff542bdbdd43d40a6c9512f],DB DEBUG,fid_MachineNextLotStart,null,3
63120,06/05/2026 07:04:27,set TAG = [GI4_RECIPE_Data_OP10_PTL_3_Description].value_text=[GUAR.DI CONT. BOCC.SNP3] era [] tagID=[ed4ebb4df0674166b847678c553a27d8],DB DEBUG,fid_MachineNextLotStart,null,3
63119,06/05/2026 07:04:27,set TAG = [GI4_RECIPE_Data_OP10_PTL_3_Cell].value_tag=[29] era [0] tagID=[49b0dafee5f943f0a8d84312bad8611a],DB DEBUG,fid_MachineNextLotStart,null,3
63118,06/05/2026 07:04:27,set TAG = [GI4_RECIPE_Data_OP10_PTL_2_Qta].value_tag=[10] era [0] tagID=[698b5b93bb8a41d5809063524e865c1b],DB DEBUG,fid_MachineNextLotStart,null,3
63117,06/05/2026 07:04:27,set TAG = [GI4_RECIPE_Data_OP10_PTL_2_PartNumber].value_text=[313.0039.1.00] era [] tagID=[97725c7e1be64b50af0a8ea3be69c4ab],DB DEBUG,fid_MachineNextLotStart,null,3
63116,06/05/2026 07:04:27,set TAG = [GI4_RECIPE_Data_OP10_PTL_2_Description].value_text=[AN.ANTIESTR.PIASTRA SNP3] era [] tagID=[692cff3bc5bb4dbcae04e9c68f313072],DB DEBUG,fid_MachineNextLotStart,null,3
63115,06/05/2026 07:04:27,set TAG = [GI4_RECIPE_Data_OP10_PTL_2_Cell].value_tag=[22] era [0] tagID=[bf8911c5ef4d46cca50bc6607b301bcb],DB DEBUG,fid_MachineNextLotStart,null,3
63114,06/05/2026 07:04:27,set TAG = [GI4_RECIPE_Data_OP10_PTL_1_Qta].value_tag=[10] era [0] tagID=[5a21fa6644594e34bb4c27ec532841c5],DB DEBUG,fid_MachineNextLotStart,null,3
63113,06/05/2026 07:04:27,set TAG = [GI4_RECIPE_Data_OP10_PTL_1_PartNumber].value_text=[314.0059.0.00] era [] tagID=[7eee7b9b5d3f4f3385918cf9bb6b7875],DB DEBUG,fid_MachineNextLotStart,null,3
63112,06/05/2026 07:04:27,set TAG = [GI4_RECIPE_Data_OP10_PTL_1_Description].value_text=[GUAR.BILANC.PIASTRA SNP3] era [] tagID=[d6291a14f33944dfa23f56376299e43c],DB DEBUG,fid_MachineNextLotStart,null,3
63111,06/05/2026 07:04:27,set TAG = [GI4_RECIPE_Data_OP10_PTL_1_Cell].value_tag=[21] era [0] tagID=[445a0a3d4bb74ef4a33c63abd027367f],DB DEBUG,fid_MachineNextLotStart,null,3
63110,06/05/2026 07:04:27,set TAG = [GI4_RECIPE_Data_QtaOrd].value_tag=[20] era [0] tagID=[651c889b30e34366b6504e28badaf6ad],DB DEBUG,fid_MachineNextLotStart,null,3
63109,06/05/2026 07:04:27,set TAG = [GI4_RECIPE_Data_QtaDone].value_tag=[14] era [0] tagID=[f190a4c4537840aea6df363fd513026a],DB DEBUG,fid_MachineNextLotStart,null,3
63108,06/05/2026 07:04:27,set TAG = [GI4_RECIPE_Data_ScrewProgram].value_tag=[1] era [0] tagID=[d512b9acdfc144c5a79d23a266dcbe3d],DB DEBUG,fid_MachineNextLotStart,null,3
63107,06/05/2026 07:04:27,set TAG = [GI4_RECIPE_Data_PrintType].value_tag=[1] era [0] tagID=[319e60a433a54b1986e7af6ab5b36d6e],DB DEBUG,fid_MachineNextLotStart,null,3
63106,06/05/2026 07:04:27,set TAG = [GI4_RECIPE_Data_PartNumber].value_text=[111.25.019.0C] era [] tagID=[c83d6a238f06459f8a8779a32bb67758],DB DEBUG,fid_MachineNextLotStart,null,3
63105,06/05/2026 07:04:27,set TAG = [GI4_RECIPE_Data_Orientation].value_tag=[2] era [0] tagID=[659d2725213c419598cd5309a512dc6c],DB DEBUG,fid_MachineNextLotStart,null,3
63104,06/05/2026 07:04:27,set TAG = [GI4_RECIPE_Data_MasterModelCode].value_text=[SNP3NN/075RN07SAP1A5A4NNNN/NNNNN] era [] tagID=[2295f1d9dbe3459691489299eb02429f],DB DEBUG,fid_MachineNextLotStart,null,3
63103,06/05/2026 07:04:27,ROWS CREATED/UPDATED 1; LOT: c947f7df0bb749c088a9609ce279a612; RECIPE: c766a3d8e72549919ab4749ec18876ef,DB,fe_LotRecipeRowCheckCreateByRecipe,c05dcd762e4b4b5a99224c48445d7683,0
63102,06/05/2026 07:04:27,UPDATE LOT_RECIPE_ROW - TAG: [GI4_RECIPE_Data_QtaDone] value: [14] era: [0] force_value: [NULL] disabled era: [0] ora [0] tag_new era: [0] ora [0] (FROM RECIPE_ROW) recipeId: [c766a3d8e72549919ab4749ec18876ef] tagID=[f190a4c4537840aea6df363fd513026a],DB DEBUG,fe_LotRecipeRowCheckCreateByRecipe,c05dcd762e4b4b5a99224c48445d7683,3
63101,06/05/2026 07:04:27,i_machine_id=[c05dcd762e4b4b5a99224c48445d7683]v_next_lot_id=[c947f7df0bb749c088a9609ce279a612]v_recipe_id=[c766a3d8e72549919ab4749ec18876ef]v_recipe_version=[1]v_recipe_not_to_send=[0]v_update_to_last_recipe=[1]v_count_forced=[0],DB DEBUG,fid_MachineNextLotStart,null,3
63189,06/05/2026 07:04:33,Cambiato Lotto/ricetta in coda - LotNew=[NULL] era [c947f7df0bb749c088a9609ce279a612]; RecipeNew=[NULL].[c766a3d8e72549919ab4749ec18876ef era [(NULL)].[1,DB DEBUG,fid_MachineFindSetNextLot,c05dcd762e4b4b5a99224c48445d7683,3
63188,06/05/2026 07:04:33,Elaboro lotti in coda per linea=fc0ef60c8da844d5a531b293ac0b857b,DB DEBUG,fe_LineSetNextLot,fc0ef60c8da844d5a531b293ac0b857b,3
63190,06/05/2026 07:04:33,Cambio Lotto avvenuto con successo - macchina:c05dcd762e4b4b5a99224c48445d7683 lotto:,NODE-RED,NextLotStartDone,c05dcd762e4b4b5a99224c48445d7683,0
63191,06/05/2026 07:20:29,Azzera lotto attivo in macchina - ACTIVE_LOT_ID = NULL,DB DEBUG,sp_LotEndOnPlc,c05dcd762e4b4b5a99224c48445d7683,3
63192,06/05/2026 07:20:29,CHIUDO LOT_MACHINE(lot:c947f7df0bb749c088a9609ce279a612;machine:c05dcd762e4b4b5a99224c48445d7683) stsLot:4; stsStart:20,DB DEBUG,sp_LotMachineCloseOther,c05dcd762e4b4b5a99224c48445d7683,3
63193,06/05/2026 07:20:29,Elaboro lotti in coda per linea=fc0ef60c8da844d5a531b293ac0b857b,DB DEBUG,fe_LineSetNextLot,fc0ef60c8da844d5a531b293ac0b857b,3
63522,06/05/2026 07:21:18,ROWS CREATED/UPDATED 328; LOT: 88982d36e0de494a804b3f0d9cdb7cb6; RECIPE: 1c226049b88d4ae18078974cac91acc9,DB,fe_LotRecipeRowCheckCreateByRecipe,c05dcd762e4b4b5a99224c48445d7683,0
63521,06/05/2026 07:21:18,INSERT in LOT_RECIPE_ROW TAG: [GI4_RECIPE_Data_OP10_PTL_14_Description] value: [] (FROM RECIPE_ROW) recipeId: [1c226049b88d4ae18078974cac91acc9] tagID=[ff5f86aa8935495ebafe9cc8a04f010d] set TAG_NEW=0,DB DEBUG,fe_LotRecipeRowCheckCreateByRecipe,c05dcd762e4b4b5a99224c48445d7683,3
63520,06/05/2026 07:21:18,INSERT in LOT_RECIPE_ROW TAG: [GI4_RECIPE_Data_OP30_PTL_20_CellUnion] value: [0] (FROM RECIPE_ROW) recipeId: [1c226049b88d4ae18078974cac91acc9] tagID=[fce237bc68594e2eabdc6cb046c16942] set TAG_NEW=0,DB DEBUG,fe_LotRecipeRowCheckCreateByRecipe,c05dcd762e4b4b5a99224c48445d7683,3
63519,06/05/2026 07:21:18,"INSERT in LOT_RECIPE_ROW TAG: [GI4_RECIPE_Data_OP30_PTL_13_Description] value: [RONDELLA DI RAME 10,5x16x1 S7] (FROM RECIPE_ROW) recipeId: [1c226049b88d4ae18078974cac91acc9] tagID=[fc7c0d2bb0404817a3b5522808550b35] set TAG_NEW=0",DB DEBUG,fe_LotRecipeRowCheckCreateByRecipe,c05dcd762e4b4b5a99224c48445d7683,3
63518,06/05/2026 07:21:18,INSERT in LOT_RECIPE_ROW TAG: [GI4_RECIPE_Data_OP30_PTL_9_PartNumber] value: [314.0060.0.00] (FROM RECIPE_ROW) recipeId: [1c226049b88d4ae18078974cac91acc9] tagID=[fc2257a112b54dc2a793c18e6f620bae] set TAG_NEW=0,DB DEBUG,fe_LotRecipeRowCheckCreateByRecipe,c05dcd762e4b4b5a99224c48445d7683,3
63517,06/05/2026 07:21:18,INSERT in LOT_RECIPE_ROW TAG: [GI4_RECIPE_Data_OP30_PTL_18_Qta] value: [0] (FROM RECIPE_ROW) recipeId: [1c226049b88d4ae18078974cac91acc9] tagID=[fbaa718a6f79489791c6078feeef72b7] set TAG_NEW=0,DB DEBUG,fe_LotRecipeRowCheckCreateByRecipe,c05dcd762e4b4b5a99224c48445d7683,3
63516,06/05/2026 07:21:18,INSERT in LOT_RECIPE_ROW TAG: [GI4_RECIPE_Data_OP10_PTL_31_Cell] value: [0] (FROM RECIPE_ROW) recipeId: [1c226049b88d4ae18078974cac91acc9] tagID=[fb8d0c02ebab45d2bc0d2c8de4d6a79c] set TAG_NEW=0,DB DEBUG,fe_LotRecipeRowCheckCreateByRecipe,c05dcd762e4b4b5a99224c48445d7683,3
63515,06/05/2026 07:21:18,INSERT in LOT_RECIPE_ROW TAG: [GI4_RECIPE_Data_OP10_PTL_20_Description] value: [] (FROM RECIPE_ROW) recipeId: [1c226049b88d4ae18078974cac91acc9] tagID=[fa48aff35e18435bad4be161c3272962] set TAG_NEW=0,DB DEBUG,fe_LotRecipeRowCheckCreateByRecipe,c05dcd762e4b4b5a99224c48445d7683,3
63514,06/05/2026 07:21:18,INSERT in LOT_RECIPE_ROW TAG: [GI4_RECIPE_Data_OP10_PTL_29_PartNumber] value: [] (FROM RECIPE_ROW) recipeId: [1c226049b88d4ae18078974cac91acc9] tagID=[f862b30adadf4701af27264d8f168a33] set TAG_NEW=0,DB DEBUG,fe_LotRecipeRowCheckCreateByRecipe,c05dcd762e4b4b5a99224c48445d7683,3
63513,06/05/2026 07:21:18,INSERT in LOT_RECIPE_ROW TAG: [GI4_RECIPE_Data_OP30_PTL_1_Cell] value: [0] (FROM RECIPE_ROW) recipeId: [1c226049b88d4ae18078974cac91acc9] tagID=[f7bf91d82ec84d33a1063238fb891ff0] set TAG_NEW=0,DB DEBUG,fe_LotRecipeRowCheckCreateByRecipe,c05dcd762e4b4b5a99224c48445d7683,3
63512,06/05/2026 07:21:18,INSERT in LOT_RECIPE_ROW TAG: [GI4_RECIPE_Data_OP10_PTL_6_PartNumber] value: [5011.31.2215] (FROM RECIPE_ROW) recipeId: [1c226049b88d4ae18078974cac91acc9] tagID=[f7ab839aa8ad49d8a42784dccb4de06a] set TAG_NEW=0,DB DEBUG,fe_LotRecipeRowCheckCreateByRecipe,c05dcd762e4b4b5a99224c48445d7683,3
63511,06/05/2026 07:21:18,INSERT in LOT_RECIPE_ROW TAG: [GI4_RECIPE_Data_OP10_PTL_26_PartNumber] value: [] (FROM RECIPE_ROW) recipeId: [1c226049b88d4ae18078974cac91acc9] tagID=[f776a20b0ffa4196ac72dd0cd1592556] set TAG_NEW=0,DB DEBUG,fe_LotRecipeRowCheckCreateByRecipe,c05dcd762e4b4b5a99224c48445d7683,3
63510,06/05/2026 07:21:18,INSERT in LOT_RECIPE_ROW TAG: [GI4_RECIPE_Data_OP10_PTL_26_Qta] value: [0] (FROM RECIPE_ROW) recipeId: [1c226049b88d4ae18078974cac91acc9] tagID=[f75b5630895645378efe2bc6b6c0414b] set TAG_NEW=0,DB DEBUG,fe_LotRecipeRowCheckCreateByRecipe,c05dcd762e4b4b5a99224c48445d7683,3
63509,06/05/2026 07:21:18,INSERT in LOT_RECIPE_ROW TAG: [GI4_RECIPE_Data_OP10_PTL_26_Description] value: [] (FROM RECIPE_ROW) recipeId: [1c226049b88d4ae18078974cac91acc9] tagID=[f69107804d514517aedb88aed8771094] set TAG_NEW=0,DB DEBUG,fe_LotRecipeRowCheckCreateByRecipe,c05dcd762e4b4b5a99224c48445d7683,3
63508,06/05/2026 07:21:18,INSERT in LOT_RECIPE_ROW TAG: [GI4_RECIPE_Data_OP10_PTL_32_CellUnion] value: [0] (FROM RECIPE_ROW) recipeId: [1c226049b88d4ae18078974cac91acc9] tagID=[f63566928b984caca3d9e3cd128949aa] set TAG_NEW=0,DB DEBUG,fe_LotRecipeRowCheckCreateByRecipe,c05dcd762e4b4b5a99224c48445d7683,3
63507,06/05/2026 07:21:18,INSERT in LOT_RECIPE_ROW TAG: [GI4_RECIPE_Data_OP30_PTL_3_Qta] value: [25] (FROM RECIPE_ROW) recipeId: [1c226049b88d4ae18078974cac91acc9] tagID=[f5092d456a0f4d6ba72d15f5021c30ef] set TAG_NEW=0,DB DEBUG,fe_LotRecipeRowCheckCreateByRecipe,c05dcd762e4b4b5a99224c48445d7683,3
63506,06/05/2026 07:21:18,INSERT in LOT_RECIPE_ROW TAG: [GI4_RECIPE_Data_OP10_PTL_26_CellUnion] value: [0] (FROM RECIPE_ROW) recipeId: [1c226049b88d4ae18078974cac91acc9] tagID=[f4f9c7bc80fd4159a647f1e0df6999c4] set TAG_NEW=0,DB DEBUG,fe_LotRecipeRowCheckCreateByRecipe,c05dcd762e4b4b5a99224c48445d7683,3
63505,06/05/2026 07:21:18,INSERT in LOT_RECIPE_ROW TAG: [GI4_RECIPE_Data_OP10_PTL_13_CellUnion] value: [0] (FROM RECIPE_ROW) recipeId: [1c226049b88d4ae18078974cac91acc9] tagID=[f3e3235d2d9a43498727f0d3bb6d5813] set TAG_NEW=0,DB DEBUG,fe_LotRecipeRowCheckCreateByRecipe,c05dcd762e4b4b5a99224c48445d7683,3
63504,06/05/2026 07:21:18,INSERT in LOT_RECIPE_ROW TAG: [GI4_RECIPE_Data_OP10_PTL_32_PartNumber] value: [] (FROM RECIPE_ROW) recipeId: [1c226049b88d4ae18078974cac91acc9] tagID=[f3b7aa068e2046828472c6595f30f660] set TAG_NEW=0,DB DEBUG,fe_LotRecipeRowCheckCreateByRecipe,c05dcd762e4b4b5a99224c48445d7683,3
63503,06/05/2026 07:21:18,INSERT in LOT_RECIPE_ROW TAG: [GI4_RECIPE_Data_OP10_PTL_8_Description] value: [] (FROM RECIPE_ROW) recipeId: [1c226049b88d4ae18078974cac91acc9] tagID=[f30a2cf393c54c92ad6ec87a9e19aaf9] set TAG_NEW=0,DB DEBUG,fe_LotRecipeRowCheckCreateByRecipe,c05dcd762e4b4b5a99224c48445d7683,3
63502,06/05/2026 07:21:18,INSERT in LOT_RECIPE_ROW TAG: [GI4_RECIPE_Data_OP10_PTL_28_CellUnion] value: [0] (FROM RECIPE_ROW) recipeId: [1c226049b88d4ae18078974cac91acc9] tagID=[f2416656c6b64e1a8857ca7db5455647] set TAG_NEW=0,DB DEBUG,fe_LotRecipeRowCheckCreateByRecipe,c05dcd762e4b4b5a99224c48445d7683,3
63501,06/05/2026 07:21:18,INSERT in LOT_RECIPE_ROW TAG: [GI4_RECIPE_Data_OP30_PTL_21_CellUnion] value: [0] (FROM RECIPE_ROW) recipeId: [1c226049b88d4ae18078974cac91acc9] tagID=[f217397b0b5d4df680453eaa9e1e66c2] set TAG_NEW=0,DB DEBUG,fe_LotRecipeRowCheckCreateByRecipe,c05dcd762e4b4b5a99224c48445d7683,3
63500,06/05/2026 07:21:18,INSERT in LOT_RECIPE_ROW TAG: [GI4_RECIPE_Data_QtaDone] value: [0] (FROM RECIPE_ROW) recipeId: [1c226049b88d4ae18078974cac91acc9] tagID=[f190a4c4537840aea6df363fd513026a] set TAG_NEW=0,DB DEBUG,fe_LotRecipeRowCheckCreateByRecipe,c05dcd762e4b4b5a99224c48445d7683,3
63499,06/05/2026 07:21:18,INSERT in LOT_RECIPE_ROW TAG: [GI4_RECIPE_Data_OP30_PTL_23_Description] value: [] (FROM RECIPE_ROW) recipeId: [1c226049b88d4ae18078974cac91acc9] tagID=[f05cf5b190ad44a4aa74be67b4f47a4e] set TAG_NEW=0,DB DEBUG,fe_LotRecipeRowCheckCreateByRecipe,c05dcd762e4b4b5a99224c48445d7683,3
63498,06/05/2026 07:21:18,INSERT in LOT_RECIPE_ROW TAG: [GI4_RECIPE_Data_OP10_PTL_14_Cell] value: [0] (FROM RECIPE_ROW) recipeId: [1c226049b88d4ae18078974cac91acc9] tagID=[ef973a2153a9457f819f04821531200a] set TAG_NEW=0,DB DEBUG,fe_LotRecipeRowCheckCreateByRecipe,c05dcd762e4b4b5a99224c48445d7683,3
63497,06/05/2026 07:21:18,INSERT in LOT_RECIPE_ROW TAG: [GI4_RECIPE_Data_OP30_PTL_28_CellUnion] value: [0] (FROM RECIPE_ROW) recipeId: [1c226049b88d4ae18078974cac91acc9] tagID=[edad4e2a28f54d41ad667d29dcbad1cc] set TAG_NEW=0,DB DEBUG,fe_LotRecipeRowCheckCreateByRecipe,c05dcd762e4b4b5a99224c48445d7683,3
63496,06/05/2026 07:21:18,INSERT in LOT_RECIPE_ROW TAG: [GI4_RECIPE_Data_OP10_PTL_3_Description] value: [GUAR.DI CONT. BOCC.SNP3] (FROM RECIPE_ROW) recipeId: [1c226049b88d4ae18078974cac91acc9] tagID=[ed4ebb4df0674166b847678c553a27d8] set TAG_NEW=0,DB DEBUG,fe_LotRecipeRowCheckCreateByRecipe,c05dcd762e4b4b5a99224c48445d7683,3
63495,06/05/2026 07:21:18,INSERT in LOT_RECIPE_ROW TAG: [GI4_RECIPE_Data_OP10_PTL_23_Description] value: [] (FROM RECIPE_ROW) recipeId: [1c226049b88d4ae18078974cac91acc9] tagID=[ed37b1d14e694e758a7f79cafc355cf4] set TAG_NEW=0,DB DEBUG,fe_LotRecipeRowCheckCreateByRecipe,c05dcd762e4b4b5a99224c48445d7683,3
63494,06/05/2026 07:21:18,INSERT in LOT_RECIPE_ROW TAG: [GI4_RECIPE_Data_OP30_PTL_17_Qta] value: [0] (FROM RECIPE_ROW) recipeId: [1c226049b88d4ae18078974cac91acc9] tagID=[ed0f4ff5e80b483abd0c4e253163a0d0] set TAG_NEW=0,DB DEBUG,fe_LotRecipeRowCheckCreateByRecipe,c05dcd762e4b4b5a99224c48445d7683,3
63493,06/05/2026 07:21:18,INSERT in LOT_RECIPE_ROW TAG: [GI4_RECIPE_Data_OP30_PTL_29_CellUnion] value: [0] (FROM RECIPE_ROW) recipeId: [1c226049b88d4ae18078974cac91acc9] tagID=[eb3f3c74f10049cb84bd30a9ebfe909f] set TAG_NEW=0,DB DEBUG,fe_LotRecipeRowCheckCreateByRecipe,c05dcd762e4b4b5a99224c48445d7683,3
63492,06/05/2026 07:21:18,INSERT in LOT_RECIPE_ROW TAG: [GI4_RECIPE_Data_OP10_PTL_25_Description] value: [] (FROM RECIPE_ROW) recipeId: [1c226049b88d4ae18078974cac91acc9] tagID=[eb1be58597a84e53bec0e1de8479f201] set TAG_NEW=0,DB DEBUG,fe_LotRecipeRowCheckCreateByRecipe,c05dcd762e4b4b5a99224c48445d7683,3
63491,06/05/2026 07:21:18,INSERT in LOT_RECIPE_ROW TAG: [GI4_RECIPE_Data_OP10_PTL_17_Cell] value: [0] (FROM RECIPE_ROW) recipeId: [1c226049b88d4ae18078974cac91acc9] tagID=[eae39ac2a01746088c87bc2efe8043ce] set TAG_NEW=0,DB DEBUG,fe_LotRecipeRowCheckCreateByRecipe,c05dcd762e4b4b5a99224c48445d7683,3
63490,06/05/2026 07:21:18,INSERT in LOT_RECIPE_ROW TAG: [GI4_RECIPE_Data_OP10_PTL_24_PartNumber] value: [] (FROM RECIPE_ROW) recipeId: [1c226049b88d4ae18078974cac91acc9] tagID=[ea551020792c43dfa88a235f4fe51bcf] set TAG_NEW=0,DB DEBUG,fe_LotRecipeRowCheckCreateByRecipe,c05dcd762e4b4b5a99224c48445d7683,3
63489,06/05/2026 07:21:18,INSERT in LOT_RECIPE_ROW TAG: [GI4_RECIPE_Data_OP30_PTL_25_Qta] value: [0] (FROM RECIPE_ROW) recipeId: [1c226049b88d4ae18078974cac91acc9] tagID=[ea0cd52f94d0490b8c3a6dd3b39af23d] set TAG_NEW=0,DB DEBUG,fe_LotRecipeRowCheckCreateByRecipe,c05dcd762e4b4b5a99224c48445d7683,3
63488,06/05/2026 07:21:18,INSERT in LOT_RECIPE_ROW TAG: [GI4_RECIPE_Data_OP10_PTL_23_Cell] value: [0] (FROM RECIPE_ROW) recipeId: [1c226049b88d4ae18078974cac91acc9] tagID=[e8258d79246e48ee99ea01457b4c60ff] set TAG_NEW=0,DB DEBUG,fe_LotRecipeRowCheckCreateByRecipe,c05dcd762e4b4b5a99224c48445d7683,3
63487,06/05/2026 07:21:18,INSERT in LOT_RECIPE_ROW TAG: [GI4_RECIPE_Data_OP30_PTL_5_Description] value: [TAPPO PER FORO DIAM. 27] (FROM RECIPE_ROW) recipeId: [1c226049b88d4ae18078974cac91acc9] tagID=[e53c254a4d5645ba96ad637a909db04d] set TAG_NEW=0,DB DEBUG,fe_LotRecipeRowCheckCreateByRecipe,c05dcd762e4b4b5a99224c48445d7683,3
63486,06/05/2026 07:21:18,INSERT in LOT_RECIPE_ROW TAG: [GI4_RECIPE_Data_OP10_PTL_5_CellUnion] value: [0] (FROM RECIPE_ROW) recipeId: [1c226049b88d4ae18078974cac91acc9] tagID=[e36cb249a51144fcab3b255cd363eb04] set TAG_NEW=0,DB DEBUG,fe_LotRecipeRowCheckCreateByRecipe,c05dcd762e4b4b5a99224c48445d7683,3
63485,06/05/2026 07:21:18,INSERT in LOT_RECIPE_ROW TAG: [GI4_RECIPE_Data_OP10_PTL_21_Cell] value: [0] (FROM RECIPE_ROW) recipeId: [1c226049b88d4ae18078974cac91acc9] tagID=[e306e5db0b134cbfbb4d284cc8112e52] set TAG_NEW=0,DB DEBUG,fe_LotRecipeRowCheckCreateByRecipe,c05dcd762e4b4b5a99224c48445d7683,3
63484,06/05/2026 07:21:18,INSERT in LOT_RECIPE_ROW TAG: [GI4_RECIPE_Data_OP30_PTL_26_Description] value: [] (FROM RECIPE_ROW) recipeId: [1c226049b88d4ae18078974cac91acc9] tagID=[e2c718d710ce489dbf803fba340ebaab] set TAG_NEW=0,DB DEBUG,fe_LotRecipeRowCheckCreateByRecipe,c05dcd762e4b4b5a99224c48445d7683,3
63483,06/05/2026 07:21:18,INSERT in LOT_RECIPE_ROW TAG: [GI4_RECIPE_Data_OP30_PTL_12_Qta] value: [12] (FROM RECIPE_ROW) recipeId: [1c226049b88d4ae18078974cac91acc9] tagID=[e272e191e59948aeb7ea87968fe68743] set TAG_NEW=0,DB DEBUG,fe_LotRecipeRowCheckCreateByRecipe,c05dcd762e4b4b5a99224c48445d7683,3
63482,06/05/2026 07:21:18,INSERT in LOT_RECIPE_ROW TAG: [GI4_RECIPE_Data_OP10_PTL_1_CellUnion] value: [0] (FROM RECIPE_ROW) recipeId: [1c226049b88d4ae18078974cac91acc9] tagID=[e1dd704bed0c4c08ad13ea939bcc6975] set TAG_NEW=0,DB DEBUG,fe_LotRecipeRowCheckCreateByRecipe,c05dcd762e4b4b5a99224c48445d7683,3
63481,06/05/2026 07:21:18,INSERT in LOT_RECIPE_ROW TAG: [GI4_RECIPE_Data_OP30_PTL_15_CellUnion] value: [0] (FROM RECIPE_ROW) recipeId: [1c226049b88d4ae18078974cac91acc9] tagID=[e13820d1064248a4b2b45a7155a439a0] set TAG_NEW=0,DB DEBUG,fe_LotRecipeRowCheckCreateByRecipe,c05dcd762e4b4b5a99224c48445d7683,3
63480,06/05/2026 07:21:18,INSERT in LOT_RECIPE_ROW TAG: [GI4_RECIPE_Data_OP10_PTL_19_Cell] value: [0] (FROM RECIPE_ROW) recipeId: [1c226049b88d4ae18078974cac91acc9] tagID=[e02f1c7cc4bf4a7aa41fde139a74426e] set TAG_NEW=0,DB DEBUG,fe_LotRecipeRowCheckCreateByRecipe,c05dcd762e4b4b5a99224c48445d7683,3
63479,06/05/2026 07:21:18,INSERT in LOT_RECIPE_ROW TAG: [GI4_RECIPE_Data_OP30_PTL_7_PartNumber] value: [314.0059.0.00] (FROM RECIPE_ROW) recipeId: [1c226049b88d4ae18078974cac91acc9] tagID=[dfbda0b35a5c49b8819953f342e53512] set TAG_NEW=0,DB DEBUG,fe_LotRecipeRowCheckCreateByRecipe,c05dcd762e4b4b5a99224c48445d7683,3
63478,06/05/2026 07:21:18,INSERT in LOT_RECIPE_ROW TAG: [GI4_RECIPE_Data_OP10_PTL_21_PartNumber] value: [] (FROM RECIPE_ROW) recipeId: [1c226049b88d4ae18078974cac91acc9] tagID=[ddde32e8bc294db885e8931257aace8c] set TAG_NEW=0,DB DEBUG,fe_LotRecipeRowCheckCreateByRecipe,c05dcd762e4b4b5a99224c48445d7683,3
63477,06/05/2026 07:21:18,INSERT in LOT_RECIPE_ROW TAG: [GI4_RECIPE_Data_OP30_PTL_25_PartNumber] value: [] (FROM RECIPE_ROW) recipeId: [1c226049b88d4ae18078974cac91acc9] tagID=[dd870214849b4005b0ff08e88a4f2cdb] set TAG_NEW=0,DB DEBUG,fe_LotRecipeRowCheckCreateByRecipe,c05dcd762e4b4b5a99224c48445d7683,3
63476,06/05/2026 07:21:18,INSERT in LOT_RECIPE_ROW TAG: [GI4_RECIPE_Data_OP30_PTL_17_PartNumber] value: [] (FROM RECIPE_ROW) recipeId: [1c226049b88d4ae18078974cac91acc9] tagID=[dc6d34d72e764dc39923d42256ea925e] set TAG_NEW=0,DB DEBUG,fe_LotRecipeRowCheckCreateByRecipe,c05dcd762e4b4b5a99224c48445d7683,3
63475,06/05/2026 07:21:18,INSERT in LOT_RECIPE_ROW TAG: [GI4_RECIPE_Data_OP30_PTL_31_Qta] value: [0] (FROM RECIPE_ROW) recipeId: [1c226049b88d4ae18078974cac91acc9] tagID=[db61411464a54b4d95d9485a139665b8] set TAG_NEW=0,DB DEBUG,fe_LotRecipeRowCheckCreateByRecipe,c05dcd762e4b4b5a99224c48445d7683,3
63474,06/05/2026 07:21:18,INSERT in LOT_RECIPE_ROW TAG: [GI4_RECIPE_Data_OP10_PTL_7_Cell] value: [13] (FROM RECIPE_ROW) recipeId: [1c226049b88d4ae18078974cac91acc9] tagID=[db50e99aa2c24f838f434a2528b515a5] set TAG_NEW=0,DB DEBUG,fe_LotRecipeRowCheckCreateByRecipe,c05dcd762e4b4b5a99224c48445d7683,3
63473,06/05/2026 07:21:18,INSERT in LOT_RECIPE_ROW TAG: [GI4_RECIPE_Data_OP10_PTL_32_Description] value: [] (FROM RECIPE_ROW) recipeId: [1c226049b88d4ae18078974cac91acc9] tagID=[db26141f0c364bf58cbb64cb2ffbb1b7] set TAG_NEW=0,DB DEBUG,fe_LotRecipeRowCheckCreateByRecipe,c05dcd762e4b4b5a99224c48445d7683,3
63472,06/05/2026 07:21:18,INSERT in LOT_RECIPE_ROW TAG: [GI4_RECIPE_Data_OP30_PTL_4_PartNumber] value: [5009.01.0021] (FROM RECIPE_ROW) recipeId: [1c226049b88d4ae18078974cac91acc9] tagID=[db25e4537dce4403bb74d9bd31294088] set TAG_NEW=0,DB DEBUG,fe_LotRecipeRowCheckCreateByRecipe,c05dcd762e4b4b5a99224c48445d7683,3
63471,06/05/2026 07:21:18,INSERT in LOT_RECIPE_ROW TAG: [GI4_RECIPE_Data_OP10_PTL_18_Qta] value: [0] (FROM RECIPE_ROW) recipeId: [1c226049b88d4ae18078974cac91acc9] tagID=[da9bdbf7d2d8445dbc0074564ae9e5d2] set TAG_NEW=0,DB DEBUG,fe_LotRecipeRowCheckCreateByRecipe,c05dcd762e4b4b5a99224c48445d7683,3
63470,06/05/2026 07:21:18,INSERT in LOT_RECIPE_ROW TAG: [GI4_RECIPE_Data_OP30_PTL_21_PartNumber] value: [] (FROM RECIPE_ROW) recipeId: [1c226049b88d4ae18078974cac91acc9] tagID=[d9503fc762da49519d6310f41e4542a7] set TAG_NEW=0,DB DEBUG,fe_LotRecipeRowCheckCreateByRecipe,c05dcd762e4b4b5a99224c48445d7683,3
63469,06/05/2026 07:21:18,INSERT in LOT_RECIPE_ROW TAG: [GI4_RECIPE_Data_OP30_PTL_26_Cell] value: [0] (FROM RECIPE_ROW) recipeId: [1c226049b88d4ae18078974cac91acc9] tagID=[d8cbe6e09d32402d928fc658dc0fd7af] set TAG_NEW=0,DB DEBUG,fe_LotRecipeRowCheckCreateByRecipe,c05dcd762e4b4b5a99224c48445d7683,3
63468,06/05/2026 07:21:18,INSERT in LOT_RECIPE_ROW TAG: [GI4_RECIPE_Data_OP10_PTL_9_Description] value: [] (FROM RECIPE_ROW) recipeId: [1c226049b88d4ae18078974cac91acc9] tagID=[d8a1593280024ca8bcb63d18648172c0] set TAG_NEW=0,DB DEBUG,fe_LotRecipeRowCheckCreateByRecipe,c05dcd762e4b4b5a99224c48445d7683,3
63467,06/05/2026 07:21:18,INSERT in LOT_RECIPE_ROW TAG: [GI4_RECIPE_Data_OP30_PTL_6_Qta] value: [25] (FROM RECIPE_ROW) recipeId: [1c226049b88d4ae18078974cac91acc9] tagID=[d8586c93e6cf42cf8b806d67a901041c] set TAG_NEW=0,DB DEBUG,fe_LotRecipeRowCheckCreateByRecipe,c05dcd762e4b4b5a99224c48445d7683,3
63466,06/05/2026 07:21:18,INSERT in LOT_RECIPE_ROW TAG: [GI4_RECIPE_Data_OP30_PTL_4_Cell] value: [0] (FROM RECIPE_ROW) recipeId: [1c226049b88d4ae18078974cac91acc9] tagID=[d82e322e3913451fbedf33e5d18a7ec3] set TAG_NEW=0,DB DEBUG,fe_LotRecipeRowCheckCreateByRecipe,c05dcd762e4b4b5a99224c48445d7683,3
63465,06/05/2026 07:21:18,INSERT in LOT_RECIPE_ROW TAG: [GI4_RECIPE_Data_OP10_PTL_5_Cell] value: [27] (FROM RECIPE_ROW) recipeId: [1c226049b88d4ae18078974cac91acc9] tagID=[d666969d2ef44fd2ae1aba775b049a59] set TAG_NEW=0,DB DEBUG,fe_LotRecipeRowCheckCreateByRecipe,c05dcd762e4b4b5a99224c48445d7683,3
63464,06/05/2026 07:21:18,INSERT in LOT_RECIPE_ROW TAG: [GI4_RECIPE_Data_OP30_PTL_1_Qta] value: [25] (FROM RECIPE_ROW) recipeId: [1c226049b88d4ae18078974cac91acc9] tagID=[d65957a68f104b35b957c4a45caf82c7] set TAG_NEW=0,DB DEBUG,fe_LotRecipeRowCheckCreateByRecipe,c05dcd762e4b4b5a99224c48445d7683,3
63463,06/05/2026 07:21:18,INSERT in LOT_RECIPE_ROW TAG: [GI4_RECIPE_Data_OP10_PTL_1_Description] value: [GUAR.BILANC.PIASTRA SNP3] (FROM RECIPE_ROW) recipeId: [1c226049b88d4ae18078974cac91acc9] tagID=[d6291a14f33944dfa23f56376299e43c] set TAG_NEW=0,DB DEBUG,fe_LotRecipeRowCheckCreateByRecipe,c05dcd762e4b4b5a99224c48445d7683,3
63462,06/05/2026 07:21:18,INSERT in LOT_RECIPE_ROW TAG: [GI4_RECIPE_Data_ScrewProgram] value: [1] (FROM RECIPE_ROW) recipeId: [1c226049b88d4ae18078974cac91acc9] tagID=[d512b9acdfc144c5a79d23a266dcbe3d] set TAG_NEW=0,DB DEBUG,fe_LotRecipeRowCheckCreateByRecipe,c05dcd762e4b4b5a99224c48445d7683,3
63461,06/05/2026 07:21:18,INSERT in LOT_RECIPE_ROW TAG: [GI4_RECIPE_Data_OP30_PTL_22_CellUnion] value: [0] (FROM RECIPE_ROW) recipeId: [1c226049b88d4ae18078974cac91acc9] tagID=[d4e0ceda11944ed7b53cc2a99755b63e] set TAG_NEW=0,DB DEBUG,fe_LotRecipeRowCheckCreateByRecipe,c05dcd762e4b4b5a99224c48445d7683,3
63460,06/05/2026 07:21:18,INSERT in LOT_RECIPE_ROW TAG: [GI4_RECIPE_Data_OP30_PTL_16_Description] value: [] (FROM RECIPE_ROW) recipeId: [1c226049b88d4ae18078974cac91acc9] tagID=[d4dd1b0e36854cb0b97ca5a2083a5e97] set TAG_NEW=0,DB DEBUG,fe_LotRecipeRowCheckCreateByRecipe,c05dcd762e4b4b5a99224c48445d7683,3
63459,06/05/2026 07:21:18,INSERT in LOT_RECIPE_ROW TAG: [GI4_RECIPE_Data_OP30_PTL_27_CellUnion] value: [0] (FROM RECIPE_ROW) recipeId: [1c226049b88d4ae18078974cac91acc9] tagID=[d4777004cf6048599c737b7fe2ffa0ef] set TAG_NEW=0,DB DEBUG,fe_LotRecipeRowCheckCreateByRecipe,c05dcd762e4b4b5a99224c48445d7683,3
63458,06/05/2026 07:21:18,INSERT in LOT_RECIPE_ROW TAG: [GI4_RECIPE_Data_OP30_PTL_23_Cell] value: [0] (FROM RECIPE_ROW) recipeId: [1c226049b88d4ae18078974cac91acc9] tagID=[d400b964d19e4cce8117ab1651d779af] set TAG_NEW=0,DB DEBUG,fe_LotRecipeRowCheckCreateByRecipe,c05dcd762e4b4b5a99224c48445d7683,3
63457,06/05/2026 07:21:18,INSERT in LOT_RECIPE_ROW TAG: [GI4_RECIPE_Data_OP30_PTL_5_PartNumber] value: [5009.01.0034] (FROM RECIPE_ROW) recipeId: [1c226049b88d4ae18078974cac91acc9] tagID=[d3ef201d06a94d69bb216c88bf4a33ea] set TAG_NEW=0,DB DEBUG,fe_LotRecipeRowCheckCreateByRecipe,c05dcd762e4b4b5a99224c48445d7683,3
63456,06/05/2026 07:21:18,INSERT in LOT_RECIPE_ROW TAG: [GI4_RECIPE_Data_OP10_PTL_7_Qta] value: [12] (FROM RECIPE_ROW) recipeId: [1c226049b88d4ae18078974cac91acc9] tagID=[d25c3d47b2b94538ba9fac551fd3af4b] set TAG_NEW=0,DB DEBUG,fe_LotRecipeRowCheckCreateByRecipe,c05dcd762e4b4b5a99224c48445d7683,3
63455,06/05/2026 07:21:18,INSERT in LOT_RECIPE_ROW TAG: [GI4_RECIPE_Data_OP30_PTL_19_Qta] value: [0] (FROM RECIPE_ROW) recipeId: [1c226049b88d4ae18078974cac91acc9] tagID=[d20b05552f07497ebda26ccb177f2dbc] set TAG_NEW=0,DB DEBUG,fe_LotRecipeRowCheckCreateByRecipe,c05dcd762e4b4b5a99224c48445d7683,3
63454,06/05/2026 07:21:18,INSERT in LOT_RECIPE_ROW TAG: [GI4_RECIPE_Data_OP30_PTL_18_Cell] value: [0] (FROM RECIPE_ROW) recipeId: [1c226049b88d4ae18078974cac91acc9] tagID=[d1fb08f8dfe8459ca943cb806aafa3d7] set TAG_NEW=0,DB DEBUG,fe_LotRecipeRowCheckCreateByRecipe,c05dcd762e4b4b5a99224c48445d7683,3
63453,06/05/2026 07:21:18,INSERT in LOT_RECIPE_ROW TAG: [GI4_RECIPE_Data_OP30_PTL_16_Cell] value: [0] (FROM RECIPE_ROW) recipeId: [1c226049b88d4ae18078974cac91acc9] tagID=[d123070cd4a345bc89bf30fe22794bc1] set TAG_NEW=0,DB DEBUG,fe_LotRecipeRowCheckCreateByRecipe,c05dcd762e4b4b5a99224c48445d7683,3
63452,06/05/2026 07:21:18,INSERT in LOT_RECIPE_ROW TAG: [GI4_RECIPE_Data_OP10_PTL_11_Description] value: [] (FROM RECIPE_ROW) recipeId: [1c226049b88d4ae18078974cac91acc9] tagID=[cf808fdffd77430f9cf3082bfd2699df] set TAG_NEW=0,DB DEBUG,fe_LotRecipeRowCheckCreateByRecipe,c05dcd762e4b4b5a99224c48445d7683,3
63451,06/05/2026 07:21:18,INSERT in LOT_RECIPE_ROW TAG: [GI4_RECIPE_Data_OP10_PTL_11_Qta] value: [0] (FROM RECIPE_ROW) recipeId: [1c226049b88d4ae18078974cac91acc9] tagID=[cc8c0e89be2048d186990555b1a44840] set TAG_NEW=0,DB DEBUG,fe_LotRecipeRowCheckCreateByRecipe,c05dcd762e4b4b5a99224c48445d7683,3
63450,06/05/2026 07:21:18,INSERT in LOT_RECIPE_ROW TAG: [GI4_RECIPE_Data_OP30_PTL_22_Description] value: [] (FROM RECIPE_ROW) recipeId: [1c226049b88d4ae18078974cac91acc9] tagID=[cc597808527b4b459e0846ffb02480e1] set TAG_NEW=0,DB DEBUG,fe_LotRecipeRowCheckCreateByRecipe,c05dcd762e4b4b5a99224c48445d7683,3
63449,06/05/2026 07:21:18,INSERT in LOT_RECIPE_ROW TAG: [GI4_RECIPE_Data_OP10_PTL_9_PartNumber] value: [] (FROM RECIPE_ROW) recipeId: [1c226049b88d4ae18078974cac91acc9] tagID=[cbb7678eb3b54ba8a956d341db4ff661] set TAG_NEW=0,DB DEBUG,fe_LotRecipeRowCheckCreateByRecipe,c05dcd762e4b4b5a99224c48445d7683,3
63448,06/05/2026 07:21:18,INSERT in LOT_RECIPE_ROW TAG: [GI4_RECIPE_Data_OP10_PTL_26_Cell] value: [0] (FROM RECIPE_ROW) recipeId: [1c226049b88d4ae18078974cac91acc9] tagID=[cac61cb92d4b40bc984efe67651d8e4e] set TAG_NEW=0,DB DEBUG,fe_LotRecipeRowCheckCreateByRecipe,c05dcd762e4b4b5a99224c48445d7683,3
63447,06/05/2026 07:21:18,INSERT in LOT_RECIPE_ROW TAG: [GI4_RECIPE_Data_OP30_PTL_27_Qta] value: [0] (FROM RECIPE_ROW) recipeId: [1c226049b88d4ae18078974cac91acc9] tagID=[c942d48f7ee4443ba82f2c656dd30ec2] set TAG_NEW=0,DB DEBUG,fe_LotRecipeRowCheckCreateByRecipe,c05dcd762e4b4b5a99224c48445d7683,3
63446,06/05/2026 07:21:18,INSERT in LOT_RECIPE_ROW TAG: [GI4_RECIPE_Data_PartNumber] value: [211.25.447.0A] (FROM RECIPE_ROW) recipeId: [1c226049b88d4ae18078974cac91acc9] tagID=[c83d6a238f06459f8a8779a32bb67758] set TAG_NEW=0,DB DEBUG,fe_LotRecipeRowCheckCreateByRecipe,c05dcd762e4b4b5a99224c48445d7683,3
63445,06/05/2026 07:21:18,INSERT in LOT_RECIPE_ROW TAG: [GI4_RECIPE_Data_OP30_PTL_22_PartNumber] value: [] (FROM RECIPE_ROW) recipeId: [1c226049b88d4ae18078974cac91acc9] tagID=[c76153368d324d41a1253e0e03e0e7d8] set TAG_NEW=0,DB DEBUG,fe_LotRecipeRowCheckCreateByRecipe,c05dcd762e4b4b5a99224c48445d7683,3
63444,06/05/2026 07:21:18,INSERT in LOT_RECIPE_ROW TAG: [GI4_RECIPE_Data_OP10_PTL_4_PartNumber] value: [MEZZO CORPO] (FROM RECIPE_ROW) recipeId: [1c226049b88d4ae18078974cac91acc9] tagID=[c72ce596a083481fba045f168c9a6b39] set TAG_NEW=0,DB DEBUG,fe_LotRecipeRowCheckCreateByRecipe,c05dcd762e4b4b5a99224c48445d7683,3
63443,06/05/2026 07:21:18,INSERT in LOT_RECIPE_ROW TAG: [GI4_RECIPE_Data_OP10_PTL_30_Description] value: [] (FROM RECIPE_ROW) recipeId: [1c226049b88d4ae18078974cac91acc9] tagID=[c56e92e2122a41b89779605bc0cf4fe5] set TAG_NEW=0,DB DEBUG,fe_LotRecipeRowCheckCreateByRecipe,c05dcd762e4b4b5a99224c48445d7683,3
63442,06/05/2026 07:21:18,INSERT in LOT_RECIPE_ROW TAG: [GI4_RECIPE_Data_OP10_PTL_16_Qta] value: [0] (FROM RECIPE_ROW) recipeId: [1c226049b88d4ae18078974cac91acc9] tagID=[c4e63e6a207546dd9a0d7a51fd7a8467] set TAG_NEW=0,DB DEBUG,fe_LotRecipeRowCheckCreateByRecipe,c05dcd762e4b4b5a99224c48445d7683,3
63441,06/05/2026 07:21:18,INSERT in LOT_RECIPE_ROW TAG: [GI4_RECIPE_Data_OP10_PTL_4_CellUnion] value: [0] (FROM RECIPE_ROW) recipeId: [1c226049b88d4ae18078974cac91acc9] tagID=[c3baf9c71d13472fa6cdaaca86f9002f] set TAG_NEW=0,DB DEBUG,fe_LotRecipeRowCheckCreateByRecipe,c05dcd762e4b4b5a99224c48445d7683,3
63440,06/05/2026 07:21:18,INSERT in LOT_RECIPE_ROW TAG: [GI4_RECIPE_Data_OP30_PTL_32_Description] value: [] (FROM RECIPE_ROW) recipeId: [1c226049b88d4ae18078974cac91acc9] tagID=[c2b389e7b0dd4fa2bddfb6faa78caa2b] set TAG_NEW=0,DB DEBUG,fe_LotRecipeRowCheckCreateByRecipe,c05dcd762e4b4b5a99224c48445d7683,3
63439,06/05/2026 07:21:18,INSERT in LOT_RECIPE_ROW TAG: [GI4_RECIPE_Data_OP30_PTL_18_PartNumber] value: [] (FROM RECIPE_ROW) recipeId: [1c226049b88d4ae18078974cac91acc9] tagID=[c26f43793c1d47c59d1e85e4b3346a7d] set TAG_NEW=0,DB DEBUG,fe_LotRecipeRowCheckCreateByRecipe,c05dcd762e4b4b5a99224c48445d7683,3
63438,06/05/2026 07:21:18,INSERT in LOT_RECIPE_ROW TAG: [GI4_RECIPE_Data_OP10_PTL_29_Description] value: [] (FROM RECIPE_ROW) recipeId: [1c226049b88d4ae18078974cac91acc9] tagID=[c1af14d7f1ab4b289e63457352547ec8] set TAG_NEW=0,DB DEBUG,fe_LotRecipeRowCheckCreateByRecipe,c05dcd762e4b4b5a99224c48445d7683,3
63437,06/05/2026 07:21:18,INSERT in LOT_RECIPE_ROW TAG: [GI4_RECIPE_Data_OP10_PTL_20_PartNumber] value: [] (FROM RECIPE_ROW) recipeId: [1c226049b88d4ae18078974cac91acc9] tagID=[c12fb192e4684af1a0076e569693b60a] set TAG_NEW=0,DB DEBUG,fe_LotRecipeRowCheckCreateByRecipe,c05dcd762e4b4b5a99224c48445d7683,3
63436,06/05/2026 07:21:18,INSERT in LOT_RECIPE_ROW TAG: [GI4_RECIPE_Data_OP30_PTL_10_Description] value: [MEZZO CORPO INSERIMENTO BOCCOLE] (FROM RECIPE_ROW) recipeId: [1c226049b88d4ae18078974cac91acc9] tagID=[c106b0472bc946af8adb552982d35391] set TAG_NEW=0,DB DEBUG,fe_LotRecipeRowCheckCreateByRecipe,c05dcd762e4b4b5a99224c48445d7683,3
63435,06/05/2026 07:21:18,INSERT in LOT_RECIPE_ROW TAG: [GI4_RECIPE_Data_OP10_PTL_17_Description] value: [] (FROM RECIPE_ROW) recipeId: [1c226049b88d4ae18078974cac91acc9] tagID=[c070a6bd45634e6cb48e3f33257074a4] set TAG_NEW=0,DB DEBUG,fe_LotRecipeRowCheckCreateByRecipe,c05dcd762e4b4b5a99224c48445d7683,3
63434,06/05/2026 07:21:18,INSERT in LOT_RECIPE_ROW TAG: [GI4_RECIPE_Data_OP10_PTL_2_Cell] value: [22] (FROM RECIPE_ROW) recipeId: [1c226049b88d4ae18078974cac91acc9] tagID=[bf8911c5ef4d46cca50bc6607b301bcb] set TAG_NEW=0,DB DEBUG,fe_LotRecipeRowCheckCreateByRecipe,c05dcd762e4b4b5a99224c48445d7683,3
63433,06/05/2026 07:21:18,INSERT in LOT_RECIPE_ROW TAG: [GI4_RECIPE_Data_OP30_PTL_31_PartNumber] value: [] (FROM RECIPE_ROW) recipeId: [1c226049b88d4ae18078974cac91acc9] tagID=[be5401d776254fb491ba083fe0c2c746] set TAG_NEW=0,DB DEBUG,fe_LotRecipeRowCheckCreateByRecipe,c05dcd762e4b4b5a99224c48445d7683,3
63432,06/05/2026 07:21:18,INSERT in LOT_RECIPE_ROW TAG: [GI4_RECIPE_Data_OP10_PTL_24_CellUnion] value: [0] (FROM RECIPE_ROW) recipeId: [1c226049b88d4ae18078974cac91acc9] tagID=[be073a12937c458d84834dace368a187] set TAG_NEW=0,DB DEBUG,fe_LotRecipeRowCheckCreateByRecipe,c05dcd762e4b4b5a99224c48445d7683,3
63431,06/05/2026 07:21:18,INSERT in LOT_RECIPE_ROW TAG: [GI4_RECIPE_Data_OP30_PTL_29_Qta] value: [0] (FROM RECIPE_ROW) recipeId: [1c226049b88d4ae18078974cac91acc9] tagID=[bc3fc782f88f41ee9ca37dbbf13c9a30] set TAG_NEW=0,DB DEBUG,fe_LotRecipeRowCheckCreateByRecipe,c05dcd762e4b4b5a99224c48445d7683,3
63430,06/05/2026 07:21:18,INSERT in LOT_RECIPE_ROW TAG: [GI4_RECIPE_Data_OP30_PTL_26_PartNumber] value: [] (FROM RECIPE_ROW) recipeId: [1c226049b88d4ae18078974cac91acc9] tagID=[bc25f7ecf75e421c97fb25804c34fb13] set TAG_NEW=0,DB DEBUG,fe_LotRecipeRowCheckCreateByRecipe,c05dcd762e4b4b5a99224c48445d7683,3
63429,06/05/2026 07:21:18,INSERT in LOT_RECIPE_ROW TAG: [GI4_RECIPE_Data_OP10_PTL_27_PartNumber] value: [] (FROM RECIPE_ROW) recipeId: [1c226049b88d4ae18078974cac91acc9] tagID=[bbd55296f3d9459c9cbced2ba6f0a77d] set TAG_NEW=0,DB DEBUG,fe_LotRecipeRowCheckCreateByRecipe,c05dcd762e4b4b5a99224c48445d7683,3
63428,06/05/2026 07:21:18,INSERT in LOT_RECIPE_ROW TAG: [GI4_RECIPE_Data_OP30_PTL_8_Cell] value: [23] (FROM RECIPE_ROW) recipeId: [1c226049b88d4ae18078974cac91acc9] tagID=[bb92791e866e4d888fd699bdab2462a3] set TAG_NEW=0,DB DEBUG,fe_LotRecipeRowCheckCreateByRecipe,c05dcd762e4b4b5a99224c48445d7683,3
63427,06/05/2026 07:21:18,INSERT in LOT_RECIPE_ROW TAG: [GI4_RECIPE_Data_OP10_PTL_8_Cell] value: [0] (FROM RECIPE_ROW) recipeId: [1c226049b88d4ae18078974cac91acc9] tagID=[b97671bc53ef430da0c80fcd2c7e6b05] set TAG_NEW=0,DB DEBUG,fe_LotRecipeRowCheckCreateByRecipe,c05dcd762e4b4b5a99224c48445d7683,3
63426,06/05/2026 07:21:18,INSERT in LOT_RECIPE_ROW TAG: [GI4_RECIPE_Data_OP30_PTL_6_PartNumber] value: [5725.20.3795] (FROM RECIPE_ROW) recipeId: [1c226049b88d4ae18078974cac91acc9] tagID=[b8b9fa36e33a4e14a2374c935ab0585d] set TAG_NEW=0,DB DEBUG,fe_LotRecipeRowCheckCreateByRecipe,c05dcd762e4b4b5a99224c48445d7683,3
63425,06/05/2026 07:21:18,INSERT in LOT_RECIPE_ROW TAG: [GI4_RECIPE_Data_OP10_PTL_22_Qta] value: [0] (FROM RECIPE_ROW) recipeId: [1c226049b88d4ae18078974cac91acc9] tagID=[b7d668115615414499c34d74a9b620e5] set TAG_NEW=0,DB DEBUG,fe_LotRecipeRowCheckCreateByRecipe,c05dcd762e4b4b5a99224c48445d7683,3
63424,06/05/2026 07:21:18,INSERT in LOT_RECIPE_ROW TAG: [GI4_RECIPE_Data_OP30_PTL_5_CellUnion] value: [0] (FROM RECIPE_ROW) recipeId: [1c226049b88d4ae18078974cac91acc9] tagID=[b63c4febbeee4ebeaba4b956239c4c4e] set TAG_NEW=0,DB DEBUG,fe_LotRecipeRowCheckCreateByRecipe,c05dcd762e4b4b5a99224c48445d7683,3
63423,06/05/2026 07:21:18,INSERT in LOT_RECIPE_ROW TAG: [GI4_RECIPE_Data_OP10_PTL_25_Qta] value: [0] (FROM RECIPE_ROW) recipeId: [1c226049b88d4ae18078974cac91acc9] tagID=[b5cbc5b84b64466789f2b58cc5e5bbb4] set TAG_NEW=0,DB DEBUG,fe_LotRecipeRowCheckCreateByRecipe,c05dcd762e4b4b5a99224c48445d7683,3
63422,06/05/2026 07:21:18,INSERT in LOT_RECIPE_ROW TAG: [GI4_RECIPE_Data_OP10_PTL_10_Qta] value: [0] (FROM RECIPE_ROW) recipeId: [1c226049b88d4ae18078974cac91acc9] tagID=[affad80389084da3899b526e402ed673] set TAG_NEW=0,DB DEBUG,fe_LotRecipeRowCheckCreateByRecipe,c05dcd762e4b4b5a99224c48445d7683,3
63421,06/05/2026 07:21:18,INSERT in LOT_RECIPE_ROW TAG: [GI4_RECIPE_Data_OP30_PTL_14_PartNumber] value: [5713.54.2579] (FROM RECIPE_ROW) recipeId: [1c226049b88d4ae18078974cac91acc9] tagID=[adc6dee299e94b74a6c5d5d7fc477174] set TAG_NEW=0,DB DEBUG,fe_LotRecipeRowCheckCreateByRecipe,c05dcd762e4b4b5a99224c48445d7683,3
63420,06/05/2026 07:21:18,INSERT in LOT_RECIPE_ROW TAG: [GI4_RECIPE_Data_OP30_PTL_30_CellUnion] value: [0] (FROM RECIPE_ROW) recipeId: [1c226049b88d4ae18078974cac91acc9] tagID=[adc5415e252f479f81b9a6c599dbb9d0] set TAG_NEW=0,DB DEBUG,fe_LotRecipeRowCheckCreateByRecipe,c05dcd762e4b4b5a99224c48445d7683,3
63419,06/05/2026 07:21:18,INSERT in LOT_RECIPE_ROW TAG: [GI4_RECIPE_Data_OP30_PTL_11_Cell] value: [29] (FROM RECIPE_ROW) recipeId: [1c226049b88d4ae18078974cac91acc9] tagID=[ad7f7fe44f0a4a5cbd5acbab5052351e] set TAG_NEW=0,DB DEBUG,fe_LotRecipeRowCheckCreateByRecipe,c05dcd762e4b4b5a99224c48445d7683,3
63418,06/05/2026 07:21:18,INSERT in LOT_RECIPE_ROW TAG: [GI4_RECIPE_Data_OP10_PTL_7_Description] value: [TCCE M10x30 UNI5931-12K- br.] (FROM RECIPE_ROW) recipeId: [1c226049b88d4ae18078974cac91acc9] tagID=[ac7747aadd5a48bc8af7192c4715ad52] set TAG_NEW=0,DB DEBUG,fe_LotRecipeRowCheckCreateByRecipe,c05dcd762e4b4b5a99224c48445d7683,3
63417,06/05/2026 07:21:18,INSERT in LOT_RECIPE_ROW TAG: [GI4_RECIPE_Data_OP10_PTL_24_Qta] value: [0] (FROM RECIPE_ROW) recipeId: [1c226049b88d4ae18078974cac91acc9] tagID=[ac05b3ef6b984070964f44c6a386b03e] set TAG_NEW=0,DB DEBUG,fe_LotRecipeRowCheckCreateByRecipe,c05dcd762e4b4b5a99224c48445d7683,3
63416,06/05/2026 07:21:18,INSERT in LOT_RECIPE_ROW TAG: [GI4_RECIPE_Data_OP10_PTL_19_Qta] value: [0] (FROM RECIPE_ROW) recipeId: [1c226049b88d4ae18078974cac91acc9] tagID=[a854b6342fee41a6a95bf7a66f91f2f2] set TAG_NEW=0,DB DEBUG,fe_LotRecipeRowCheckCreateByRecipe,c05dcd762e4b4b5a99224c48445d7683,3
63415,06/05/2026 07:21:18,INSERT in LOT_RECIPE_ROW TAG: [GI4_RECIPE_Data_OP10_PTL_15_Qta] value: [0] (FROM RECIPE_ROW) recipeId: [1c226049b88d4ae18078974cac91acc9] tagID=[a62c40231ea046c392bd93ca69a7eb93] set TAG_NEW=0,DB DEBUG,fe_LotRecipeRowCheckCreateByRecipe,c05dcd762e4b4b5a99224c48445d7683,3
63414,06/05/2026 07:21:18,INSERT in LOT_RECIPE_ROW TAG: [GI4_RECIPE_Data_OP10_PTL_12_Cell] value: [0] (FROM RECIPE_ROW) recipeId: [1c226049b88d4ae18078974cac91acc9] tagID=[a536e08c7e0646a1a3bf8cbf76ff4d06] set TAG_NEW=0,DB DEBUG,fe_LotRecipeRowCheckCreateByRecipe,c05dcd762e4b4b5a99224c48445d7683,3
63413,06/05/2026 07:21:18,INSERT in LOT_RECIPE_ROW TAG: [GI4_RECIPE_Data_OP10_PTL_22_Cell] value: [0] (FROM RECIPE_ROW) recipeId: [1c226049b88d4ae18078974cac91acc9] tagID=[a06dc51fecd4478cab7219b5a81f561e] set TAG_NEW=0,DB DEBUG,fe_LotRecipeRowCheckCreateByRecipe,c05dcd762e4b4b5a99224c48445d7683,3
63412,06/05/2026 07:21:18,INSERT in LOT_RECIPE_ROW TAG: [GI4_RECIPE_Data_OP10_PTL_8_CellUnion] value: [0] (FROM RECIPE_ROW) recipeId: [1c226049b88d4ae18078974cac91acc9] tagID=[9f675bf8a3fc4baf9600424a6e6e7dfc] set TAG_NEW=0,DB DEBUG,fe_LotRecipeRowCheckCreateByRecipe,c05dcd762e4b4b5a99224c48445d7683,3
63411,06/05/2026 07:21:18,INSERT in LOT_RECIPE_ROW TAG: [GI4_RECIPE_Data_OP30_PTL_30_Description] value: [] (FROM RECIPE_ROW) recipeId: [1c226049b88d4ae18078974cac91acc9] tagID=[9f49aa7d8fe74c4ebe0822c76b1d6809] set TAG_NEW=0,DB DEBUG,fe_LotRecipeRowCheckCreateByRecipe,c05dcd762e4b4b5a99224c48445d7683,3
63410,06/05/2026 07:21:18,INSERT in LOT_RECIPE_ROW TAG: [GI4_RECIPE_Data_OP10_PTL_3_CellUnion] value: [0] (FROM RECIPE_ROW) recipeId: [1c226049b88d4ae18078974cac91acc9] tagID=[9f494ab1a6b240f0a92431fa148ecacd] set TAG_NEW=0,DB DEBUG,fe_LotRecipeRowCheckCreateByRecipe,c05dcd762e4b4b5a99224c48445d7683,3
63409,06/05/2026 07:21:18,INSERT in LOT_RECIPE_ROW TAG: [GI4_RECIPE_Data_OP30_PTL_23_CellUnion] value: [0] (FROM RECIPE_ROW) recipeId: [1c226049b88d4ae18078974cac91acc9] tagID=[9f3ce9c5657c4081a44076684abed128] set TAG_NEW=0,DB DEBUG,fe_LotRecipeRowCheckCreateByRecipe,c05dcd762e4b4b5a99224c48445d7683,3
63408,06/05/2026 07:21:18,INSERT in LOT_RECIPE_ROW TAG: [GI4_RECIPE_Data_OP10_PTL_31_CellUnion] value: [0] (FROM RECIPE_ROW) recipeId: [1c226049b88d4ae18078974cac91acc9] tagID=[9e841f7f5b044a1693ad08752fc3583d] set TAG_NEW=0,DB DEBUG,fe_LotRecipeRowCheckCreateByRecipe,c05dcd762e4b4b5a99224c48445d7683,3
63407,06/05/2026 07:21:18,INSERT in LOT_RECIPE_ROW TAG: [GI4_RECIPE_Data_OP30_PTL_26_Qta] value: [0] (FROM RECIPE_ROW) recipeId: [1c226049b88d4ae18078974cac91acc9] tagID=[9da728b46768497c82e8ee97dab5c77f] set TAG_NEW=0,DB DEBUG,fe_LotRecipeRowCheckCreateByRecipe,c05dcd762e4b4b5a99224c48445d7683,3
63406,06/05/2026 07:21:18,INSERT in LOT_RECIPE_ROW TAG: [GI4_RECIPE_Data_OP30_PTL_29_Cell] value: [0] (FROM RECIPE_ROW) recipeId: [1c226049b88d4ae18078974cac91acc9] tagID=[9d894fc434dd4e128348f7295f11a416] set TAG_NEW=0,DB DEBUG,fe_LotRecipeRowCheckCreateByRecipe,c05dcd762e4b4b5a99224c48445d7683,3
63405,06/05/2026 07:21:18,INSERT in LOT_RECIPE_ROW TAG: [GI4_RECIPE_Data_OP30_PTL_18_Description] value: [] (FROM RECIPE_ROW) recipeId: [1c226049b88d4ae18078974cac91acc9] tagID=[9d6181a89a3b42b089cdea11cde8d5aa] set TAG_NEW=0,DB DEBUG,fe_LotRecipeRowCheckCreateByRecipe,c05dcd762e4b4b5a99224c48445d7683,3
63404,06/05/2026 07:21:18,INSERT in LOT_RECIPE_ROW TAG: [GI4_RECIPE_Data_OP10_PTL_6_Cell] value: [28] (FROM RECIPE_ROW) recipeId: [1c226049b88d4ae18078974cac91acc9] tagID=[9ca743ce62c64ec19306f9a7f58ee4b2] set TAG_NEW=0,DB DEBUG,fe_LotRecipeRowCheckCreateByRecipe,c05dcd762e4b4b5a99224c48445d7683,3
63403,06/05/2026 07:21:18,INSERT in LOT_RECIPE_ROW TAG: [GI4_RECIPE_Data_OP30_PTL_12_Description] value: [SPINA COLL. D.8x15 sim. UNI E] (FROM RECIPE_ROW) recipeId: [1c226049b88d4ae18078974cac91acc9] tagID=[9968ccfe92584960b1373e007a2970ca] set TAG_NEW=0,DB DEBUG,fe_LotRecipeRowCheckCreateByRecipe,c05dcd762e4b4b5a99224c48445d7683,3
63402,06/05/2026 07:21:18,INSERT in LOT_RECIPE_ROW TAG: [GI4_RECIPE_Data_OP30_PTL_15_Description] value: [] (FROM RECIPE_ROW) recipeId: [1c226049b88d4ae18078974cac91acc9] tagID=[980dc20e83254cfa8b43b2e84a4dc2f3] set TAG_NEW=0,DB DEBUG,fe_LotRecipeRowCheckCreateByRecipe,c05dcd762e4b4b5a99224c48445d7683,3
63401,06/05/2026 07:21:18,INSERT in LOT_RECIPE_ROW TAG: [GI4_RECIPE_Data_OP10_PTL_2_PartNumber] value: [313.0039.1.00] (FROM RECIPE_ROW) recipeId: [1c226049b88d4ae18078974cac91acc9] tagID=[97725c7e1be64b50af0a8ea3be69c4ab] set TAG_NEW=0,DB DEBUG,fe_LotRecipeRowCheckCreateByRecipe,c05dcd762e4b4b5a99224c48445d7683,3
63400,06/05/2026 07:21:18,INSERT in LOT_RECIPE_ROW TAG: [GI4_RECIPE_Data_OP10_PTL_30_Cell] value: [0] (FROM RECIPE_ROW) recipeId: [1c226049b88d4ae18078974cac91acc9] tagID=[96e62cf2a766464aa0d7953351080569] set TAG_NEW=0,DB DEBUG,fe_LotRecipeRowCheckCreateByRecipe,c05dcd762e4b4b5a99224c48445d7683,3
63399,06/05/2026 07:21:18,INSERT in LOT_RECIPE_ROW TAG: [GI4_RECIPE_Data_OP30_PTL_15_Qta] value: [0] (FROM RECIPE_ROW) recipeId: [1c226049b88d4ae18078974cac91acc9] tagID=[968856ca602e46fea96e5ad25133b385] set TAG_NEW=0,DB DEBUG,fe_LotRecipeRowCheckCreateByRecipe,c05dcd762e4b4b5a99224c48445d7683,3
63398,06/05/2026 07:21:18,INSERT in LOT_RECIPE_ROW TAG: [GI4_RECIPE_Data_OP30_PTL_29_PartNumber] value: [] (FROM RECIPE_ROW) recipeId: [1c226049b88d4ae18078974cac91acc9] tagID=[94dd4cd7263e45239951c5b10677bf6c] set TAG_NEW=0,DB DEBUG,fe_LotRecipeRowCheckCreateByRecipe,c05dcd762e4b4b5a99224c48445d7683,3
63397,06/05/2026 07:21:18,INSERT in LOT_RECIPE_ROW TAG: [GI4_RECIPE_Data_OP30_PTL_19_Description] value: [] (FROM RECIPE_ROW) recipeId: [1c226049b88d4ae18078974cac91acc9] tagID=[94c2f74c34bb4d6cb2166ebd7712ff25] set TAG_NEW=0,DB DEBUG,fe_LotRecipeRowCheckCreateByRecipe,c05dcd762e4b4b5a99224c48445d7683,3
63396,06/05/2026 07:21:18,INSERT in LOT_RECIPE_ROW TAG: [GI4_RECIPE_Data_OP30_PTL_7_Description] value: [GUAR.BILANC.PIASTRA SNP3] (FROM RECIPE_ROW) recipeId: [1c226049b88d4ae18078974cac91acc9] tagID=[94025c26c59641fa8ca85675332ce390] set TAG_NEW=0,DB DEBUG,fe_LotRecipeRowCheckCreateByRecipe,c05dcd762e4b4b5a99224c48445d7683,3
63395,06/05/2026 07:21:18,INSERT in LOT_RECIPE_ROW TAG: [GI4_RECIPE_Data_OP30_PTL_24_Cell] value: [0] (FROM RECIPE_ROW) recipeId: [1c226049b88d4ae18078974cac91acc9] tagID=[93740c4ee2724d1b94687ed48e1e00e4] set TAG_NEW=0,DB DEBUG,fe_LotRecipeRowCheckCreateByRecipe,c05dcd762e4b4b5a99224c48445d7683,3
63394,06/05/2026 07:21:18,INSERT in LOT_RECIPE_ROW TAG: [GI4_RECIPE_Data_OP10_PTL_29_Qta] value: [0] (FROM RECIPE_ROW) recipeId: [1c226049b88d4ae18078974cac91acc9] tagID=[92b271e48ed641e6ad129bac0809f533] set TAG_NEW=0,DB DEBUG,fe_LotRecipeRowCheckCreateByRecipe,c05dcd762e4b4b5a99224c48445d7683,3
63393,06/05/2026 07:21:18,INSERT in LOT_RECIPE_ROW TAG: [GI4_RECIPE_Data_OP30_PTL_27_Description] value: [] (FROM RECIPE_ROW) recipeId: [1c226049b88d4ae18078974cac91acc9] tagID=[9268db9795f2473ba4a24cac807882a1] set TAG_NEW=0,DB DEBUG,fe_LotRecipeRowCheckCreateByRecipe,c05dcd762e4b4b5a99224c48445d7683,3
63392,06/05/2026 07:21:18,INSERT in LOT_RECIPE_ROW TAG: [GI4_RECIPE_Data_OP10_PTL_24_Description] value: [] (FROM RECIPE_ROW) recipeId: [1c226049b88d4ae18078974cac91acc9] tagID=[9087a3791a4b4f6793a64e1cee3db501] set TAG_NEW=0,DB DEBUG,fe_LotRecipeRowCheckCreateByRecipe,c05dcd762e4b4b5a99224c48445d7683,3
63391,06/05/2026 07:21:18,INSERT in LOT_RECIPE_ROW TAG: [GI4_RECIPE_Data_OP10_PTL_27_Cell] value: [0] (FROM RECIPE_ROW) recipeId: [1c226049b88d4ae18078974cac91acc9] tagID=[8f2745f0a12842afaa70318e3cd1f7a8] set TAG_NEW=0,DB DEBUG,fe_LotRecipeRowCheckCreateByRecipe,c05dcd762e4b4b5a99224c48445d7683,3
63390,06/05/2026 07:21:18,INSERT in LOT_RECIPE_ROW TAG: [GI4_RECIPE_Data_OP30_PTL_7_Cell] value: [22] (FROM RECIPE_ROW) recipeId: [1c226049b88d4ae18078974cac91acc9] tagID=[8da5355aad07486dafba036bfff05750] set TAG_NEW=0,DB DEBUG,fe_LotRecipeRowCheckCreateByRecipe,c05dcd762e4b4b5a99224c48445d7683,3
63389,06/05/2026 07:21:18,INSERT in LOT_RECIPE_ROW TAG: [GI4_RECIPE_Data_OP10_PTL_6_CellUnion] value: [0] (FROM RECIPE_ROW) recipeId: [1c226049b88d4ae18078974cac91acc9] tagID=[8d2e3fe01eeb446292888b44f818a1f9] set TAG_NEW=0,DB DEBUG,fe_LotRecipeRowCheckCreateByRecipe,c05dcd762e4b4b5a99224c48445d7683,3
63388,06/05/2026 07:21:18,INSERT in LOT_RECIPE_ROW TAG: [GI4_RECIPE_Data_OP30_PTL_21_Description] value: [] (FROM RECIPE_ROW) recipeId: [1c226049b88d4ae18078974cac91acc9] tagID=[8c2620cd63eb4df79760a38874c39e8b] set TAG_NEW=0,DB DEBUG,fe_LotRecipeRowCheckCreateByRecipe,c05dcd762e4b4b5a99224c48445d7683,3
63387,06/05/2026 07:21:18,INSERT in LOT_RECIPE_ROW TAG: [GI4_RECIPE_Data_OP30_PTL_23_Qta] value: [0] (FROM RECIPE_ROW) recipeId: [1c226049b88d4ae18078974cac91acc9] tagID=[8bcb146e530c4d34ac0f620c1d076067] set TAG_NEW=0,DB DEBUG,fe_LotRecipeRowCheckCreateByRecipe,c05dcd762e4b4b5a99224c48445d7683,3
63386,06/05/2026 07:21:18,INSERT in LOT_RECIPE_ROW TAG: [GI4_RECIPE_Data_OP10_PTL_12_Description] value: [] (FROM RECIPE_ROW) recipeId: [1c226049b88d4ae18078974cac91acc9] tagID=[8917fa3d84b94453897c15f5eb6a1bc7] set TAG_NEW=0,DB DEBUG,fe_LotRecipeRowCheckCreateByRecipe,c05dcd762e4b4b5a99224c48445d7683,3
63385,06/05/2026 07:21:18,INSERT in LOT_RECIPE_ROW TAG: [GI4_RECIPE_Data_OP10_PTL_6_Description] value: [SPINA COLL. D.8x15 sim. UNI E] (FROM RECIPE_ROW) recipeId: [1c226049b88d4ae18078974cac91acc9] tagID=[8888b6c2b336454ea1dde3d0e777e26c] set TAG_NEW=0,DB DEBUG,fe_LotRecipeRowCheckCreateByRecipe,c05dcd762e4b4b5a99224c48445d7683,3
63384,06/05/2026 07:21:18,INSERT in LOT_RECIPE_ROW TAG: [GI4_RECIPE_Data_OP30_PTL_8_Qta] value: [12] (FROM RECIPE_ROW) recipeId: [1c226049b88d4ae18078974cac91acc9] tagID=[85fb34eba80d4fb38ad706d6bc51c136] set TAG_NEW=0,DB DEBUG,fe_LotRecipeRowCheckCreateByRecipe,c05dcd762e4b4b5a99224c48445d7683,3
63383,06/05/2026 07:21:18,INSERT in LOT_RECIPE_ROW TAG: [GI4_RECIPE_Data_OP30_PTL_4_Description] value: [TAPPO PER FORO DIAM. 48] (FROM RECIPE_ROW) recipeId: [1c226049b88d4ae18078974cac91acc9] tagID=[85dd705906f34a43a06a48e2fa5562d0] set TAG_NEW=0,DB DEBUG,fe_LotRecipeRowCheckCreateByRecipe,c05dcd762e4b4b5a99224c48445d7683,3
63382,06/05/2026 07:21:18,INSERT in LOT_RECIPE_ROW TAG: [GI4_RECIPE_Data_OP10_PTL_20_CellUnion] value: [0] (FROM RECIPE_ROW) recipeId: [1c226049b88d4ae18078974cac91acc9] tagID=[85556a15889e4c90b875e2fa81df305e] set TAG_NEW=0,DB DEBUG,fe_LotRecipeRowCheckCreateByRecipe,c05dcd762e4b4b5a99224c48445d7683,3
63381,06/05/2026 07:21:18,"INSERT in LOT_RECIPE_ROW TAG: [GI4_RECIPE_Data_OP30_PTL_11_Description] value: [PRE-SHAPED  OR SEAL88,57 x 2,] (FROM RECIPE_ROW) recipeId: [1c226049b88d4ae18078974cac91acc9] tagID=[8221d86a3f8d40afa93cc9f830cee8ce] set TAG_NEW=0",DB DEBUG,fe_LotRecipeRowCheckCreateByRecipe,c05dcd762e4b4b5a99224c48445d7683,3
63380,06/05/2026 07:21:18,INSERT in LOT_RECIPE_ROW TAG: [GI4_RECIPE_Data_OP10_PTL_7_PartNumber] value: [5713.54.2579] (FROM RECIPE_ROW) recipeId: [1c226049b88d4ae18078974cac91acc9] tagID=[81ede46cf2a0429eb773b4da4e5f1846] set TAG_NEW=0,DB DEBUG,fe_LotRecipeRowCheckCreateByRecipe,c05dcd762e4b4b5a99224c48445d7683,3
63379,06/05/2026 07:21:18,INSERT in LOT_RECIPE_ROW TAG: [GI4_RECIPE_Data_OP30_PTL_27_Cell] value: [0] (FROM RECIPE_ROW) recipeId: [1c226049b88d4ae18078974cac91acc9] tagID=[819d3ffd99bb4d46afeea3540ec7844c] set TAG_NEW=0,DB DEBUG,fe_LotRecipeRowCheckCreateByRecipe,c05dcd762e4b4b5a99224c48445d7683,3
63378,06/05/2026 07:21:18,INSERT in LOT_RECIPE_ROW TAG: [GI4_RECIPE_Data_OP30_PTL_28_Qta] value: [0] (FROM RECIPE_ROW) recipeId: [1c226049b88d4ae18078974cac91acc9] tagID=[8016fe4df75b47bdad750766152a7bf9] set TAG_NEW=0,DB DEBUG,fe_LotRecipeRowCheckCreateByRecipe,c05dcd762e4b4b5a99224c48445d7683,3
63377,06/05/2026 07:21:18,INSERT in LOT_RECIPE_ROW TAG: [GI4_RECIPE_Data_OP10_PTL_17_PartNumber] value: [] (FROM RECIPE_ROW) recipeId: [1c226049b88d4ae18078974cac91acc9] tagID=[7f7739bc347f45608ba21aa04342c2dc] set TAG_NEW=0,DB DEBUG,fe_LotRecipeRowCheckCreateByRecipe,c05dcd762e4b4b5a99224c48445d7683,3
63376,06/05/2026 07:21:18,INSERT in LOT_RECIPE_ROW TAG: [GI4_RECIPE_Data_OP30_PTL_5_Cell] value: [0] (FROM RECIPE_ROW) recipeId: [1c226049b88d4ae18078974cac91acc9] tagID=[7f00999f806f469994cc8e2c2ef27728] set TAG_NEW=0,DB DEBUG,fe_LotRecipeRowCheckCreateByRecipe,c05dcd762e4b4b5a99224c48445d7683,3
63375,06/05/2026 07:21:18,INSERT in LOT_RECIPE_ROW TAG: [GI4_RECIPE_Data_OP30_PTL_20_Cell] value: [0] (FROM RECIPE_ROW) recipeId: [1c226049b88d4ae18078974cac91acc9] tagID=[7f0097e64d4e42568f87353f6886771e] set TAG_NEW=0,DB DEBUG,fe_LotRecipeRowCheckCreateByRecipe,c05dcd762e4b4b5a99224c48445d7683,3
63374,06/05/2026 07:21:18,INSERT in LOT_RECIPE_ROW TAG: [GI4_RECIPE_Data_OP10_PTL_1_PartNumber] value: [314.0059.0.00] (FROM RECIPE_ROW) recipeId: [1c226049b88d4ae18078974cac91acc9] tagID=[7eee7b9b5d3f4f3385918cf9bb6b7875] set TAG_NEW=0,DB DEBUG,fe_LotRecipeRowCheckCreateByRecipe,c05dcd762e4b4b5a99224c48445d7683,3
63373,06/05/2026 07:21:18,INSERT in LOT_RECIPE_ROW TAG: [GI4_RECIPE_Data_OP10_PTL_17_CellUnion] value: [0] (FROM RECIPE_ROW) recipeId: [1c226049b88d4ae18078974cac91acc9] tagID=[7e99c778fe01429c8147fb61bf20fdbe] set TAG_NEW=0,DB DEBUG,fe_LotRecipeRowCheckCreateByRecipe,c05dcd762e4b4b5a99224c48445d7683,3
63372,06/05/2026 07:21:18,INSERT in LOT_RECIPE_ROW TAG: [GI4_RECIPE_Data_OP30_PTL_1_PartNumber] value: [11096890] (FROM RECIPE_ROW) recipeId: [1c226049b88d4ae18078974cac91acc9] tagID=[7ce37947270449218f875eea849a2044] set TAG_NEW=0,DB DEBUG,fe_LotRecipeRowCheckCreateByRecipe,c05dcd762e4b4b5a99224c48445d7683,3
63371,06/05/2026 07:21:18,INSERT in LOT_RECIPE_ROW TAG: [GI4_RECIPE_Data_OP30_PTL_4_Qta] value: [25] (FROM RECIPE_ROW) recipeId: [1c226049b88d4ae18078974cac91acc9] tagID=[7ca06a06c6814e5482f933de89dca8a1] set TAG_NEW=0,DB DEBUG,fe_LotRecipeRowCheckCreateByRecipe,c05dcd762e4b4b5a99224c48445d7683,3
63370,06/05/2026 07:21:18,INSERT in LOT_RECIPE_ROW TAG: [GI4_RECIPE_Data_OP10_PTL_15_CellUnion] value: [0] (FROM RECIPE_ROW) recipeId: [1c226049b88d4ae18078974cac91acc9] tagID=[7b33baae8b4546efa155794599a1a1cd] set TAG_NEW=0,DB DEBUG,fe_LotRecipeRowCheckCreateByRecipe,c05dcd762e4b4b5a99224c48445d7683,3
63369,06/05/2026 07:21:18,INSERT in LOT_RECIPE_ROW TAG: [GI4_RECIPE_Data_OP30_PTL_32_PartNumber] value: [] (FROM RECIPE_ROW) recipeId: [1c226049b88d4ae18078974cac91acc9] tagID=[7aeef739d63544f497cc8606bc4a423a] set TAG_NEW=0,DB DEBUG,fe_LotRecipeRowCheckCreateByRecipe,c05dcd762e4b4b5a99224c48445d7683,3
63368,06/05/2026 07:21:18,INSERT in LOT_RECIPE_ROW TAG: [GI4_RECIPE_Data_OP30_PTL_10_Cell] value: [32] (FROM RECIPE_ROW) recipeId: [1c226049b88d4ae18078974cac91acc9] tagID=[7a725dc198044ac18b7412e722838ca5] set TAG_NEW=0,DB DEBUG,fe_LotRecipeRowCheckCreateByRecipe,c05dcd762e4b4b5a99224c48445d7683,3
63367,06/05/2026 07:21:18,INSERT in LOT_RECIPE_ROW TAG: [GI4_RECIPE_Data_OP10_PTL_10_Description] value: [] (FROM RECIPE_ROW) recipeId: [1c226049b88d4ae18078974cac91acc9] tagID=[79c101ec20b54abf9926753b220b0caf] set TAG_NEW=0,DB DEBUG,fe_LotRecipeRowCheckCreateByRecipe,c05dcd762e4b4b5a99224c48445d7683,3
63366,06/05/2026 07:21:18,INSERT in LOT_RECIPE_ROW TAG: [GI4_RECIPE_Data_OP10_PTL_22_Description] value: [] (FROM RECIPE_ROW) recipeId: [1c226049b88d4ae18078974cac91acc9] tagID=[78b0970ffcdb4c489eb6d1d9636d389b] set TAG_NEW=0,DB DEBUG,fe_LotRecipeRowCheckCreateByRecipe,c05dcd762e4b4b5a99224c48445d7683,3
63365,06/05/2026 07:21:18,INSERT in LOT_RECIPE_ROW TAG: [GI4_RECIPE_Data_OP30_PTL_8_PartNumber] value: [313.0039.1.00] (FROM RECIPE_ROW) recipeId: [1c226049b88d4ae18078974cac91acc9] tagID=[7807e14906eb46aa9f1939eb0ad14cc8] set TAG_NEW=0,DB DEBUG,fe_LotRecipeRowCheckCreateByRecipe,c05dcd762e4b4b5a99224c48445d7683,3
63364,06/05/2026 07:21:18,INSERT in LOT_RECIPE_ROW TAG: [GI4_RECIPE_Data_OP30_PTL_17_Description] value: [] (FROM RECIPE_ROW) recipeId: [1c226049b88d4ae18078974cac91acc9] tagID=[77bad5e1ff0c458d8fff4dc1a9398e7e] set TAG_NEW=0,DB DEBUG,fe_LotRecipeRowCheckCreateByRecipe,c05dcd762e4b4b5a99224c48445d7683,3
63363,06/05/2026 07:21:18,INSERT in LOT_RECIPE_ROW TAG: [GI4_RECIPE_Data_OP10_PTL_13_PartNumber] value: [] (FROM RECIPE_ROW) recipeId: [1c226049b88d4ae18078974cac91acc9] tagID=[77990ba514464dbea40c4a1f5d262014] set TAG_NEW=0,DB DEBUG,fe_LotRecipeRowCheckCreateByRecipe,c05dcd762e4b4b5a99224c48445d7683,3
63362,06/05/2026 07:21:18,INSERT in LOT_RECIPE_ROW TAG: [GI4_RECIPE_Data_OP10_PTL_27_Description] value: [] (FROM RECIPE_ROW) recipeId: [1c226049b88d4ae18078974cac91acc9] tagID=[774308447f00451a913ddb067ba935c3] set TAG_NEW=0,DB DEBUG,fe_LotRecipeRowCheckCreateByRecipe,c05dcd762e4b4b5a99224c48445d7683,3
63361,06/05/2026 07:21:18,INSERT in LOT_RECIPE_ROW TAG: [GI4_RECIPE_Data_OP30_PTL_3_CellUnion] value: [0] (FROM RECIPE_ROW) recipeId: [1c226049b88d4ae18078974cac91acc9] tagID=[773664048fe84aa3af61957a9eaa68d9] set TAG_NEW=0,DB DEBUG,fe_LotRecipeRowCheckCreateByRecipe,c05dcd762e4b4b5a99224c48445d7683,3
63360,06/05/2026 07:21:18,INSERT in LOT_RECIPE_ROW TAG: [GI4_RECIPE_Data_OP30_PTL_16_Qta] value: [0] (FROM RECIPE_ROW) recipeId: [1c226049b88d4ae18078974cac91acc9] tagID=[772cdae9560e41fcbc21a49ff0310e5f] set TAG_NEW=0,DB DEBUG,fe_LotRecipeRowCheckCreateByRecipe,c05dcd762e4b4b5a99224c48445d7683,3
63359,06/05/2026 07:21:18,INSERT in LOT_RECIPE_ROW TAG: [GI4_RECIPE_Data_OP10_PTL_20_Qta] value: [0] (FROM RECIPE_ROW) recipeId: [1c226049b88d4ae18078974cac91acc9] tagID=[760d7a53d15f41bb83c62de898f24014] set TAG_NEW=0,DB DEBUG,fe_LotRecipeRowCheckCreateByRecipe,c05dcd762e4b4b5a99224c48445d7683,3
63358,06/05/2026 07:21:18,INSERT in LOT_RECIPE_ROW TAG: [GI4_RECIPE_Data_OP10_PTL_30_Qta] value: [0] (FROM RECIPE_ROW) recipeId: [1c226049b88d4ae18078974cac91acc9] tagID=[75d662153d94421ea2f11bc5802a8c51] set TAG_NEW=0,DB DEBUG,fe_LotRecipeRowCheckCreateByRecipe,c05dcd762e4b4b5a99224c48445d7683,3
63357,06/05/2026 07:21:18,INSERT in LOT_RECIPE_ROW TAG: [GI4_RECIPE_Data_OP10_PTL_29_Cell] value: [0] (FROM RECIPE_ROW) recipeId: [1c226049b88d4ae18078974cac91acc9] tagID=[751c4493e3a142aa8a4677324fd9ecda] set TAG_NEW=0,DB DEBUG,fe_LotRecipeRowCheckCreateByRecipe,c05dcd762e4b4b5a99224c48445d7683,3
63356,06/05/2026 07:21:18,INSERT in LOT_RECIPE_ROW TAG: [GI4_RECIPE_Data_OP10_PTL_16_Cell] value: [0] (FROM RECIPE_ROW) recipeId: [1c226049b88d4ae18078974cac91acc9] tagID=[750a2d67248342f3af0ccecec3a1152f] set TAG_NEW=0,DB DEBUG,fe_LotRecipeRowCheckCreateByRecipe,c05dcd762e4b4b5a99224c48445d7683,3
63355,06/05/2026 07:21:18,INSERT in LOT_RECIPE_ROW TAG: [GI4_RECIPE_Data_OP10_PTL_16_PartNumber] value: [] (FROM RECIPE_ROW) recipeId: [1c226049b88d4ae18078974cac91acc9] tagID=[74b93c0707694d76ac0ab9741e0dbf4d] set TAG_NEW=0,DB DEBUG,fe_LotRecipeRowCheckCreateByRecipe,c05dcd762e4b4b5a99224c48445d7683,3
63354,06/05/2026 07:21:18,INSERT in LOT_RECIPE_ROW TAG: [GI4_RECIPE_Data_OP30_PTL_11_Qta] value: [12] (FROM RECIPE_ROW) recipeId: [1c226049b88d4ae18078974cac91acc9] tagID=[7485e62704ef4a809acab6146f70165f] set TAG_NEW=0,DB DEBUG,fe_LotRecipeRowCheckCreateByRecipe,c05dcd762e4b4b5a99224c48445d7683,3
63353,06/05/2026 07:21:18,INSERT in LOT_RECIPE_ROW TAG: [GI4_RECIPE_Data_OP10_PTL_23_PartNumber] value: [] (FROM RECIPE_ROW) recipeId: [1c226049b88d4ae18078974cac91acc9] tagID=[733a562f476843158ae9f05e5d1555e9] set TAG_NEW=0,DB DEBUG,fe_LotRecipeRowCheckCreateByRecipe,c05dcd762e4b4b5a99224c48445d7683,3
63352,06/05/2026 07:21:18,INSERT in LOT_RECIPE_ROW TAG: [GI4_RECIPE_Data_OP10_PTL_30_CellUnion] value: [0] (FROM RECIPE_ROW) recipeId: [1c226049b88d4ae18078974cac91acc9] tagID=[727edafc5bf842fbad1e5714db1c596e] set TAG_NEW=0,DB DEBUG,fe_LotRecipeRowCheckCreateByRecipe,c05dcd762e4b4b5a99224c48445d7683,3
63351,06/05/2026 07:21:18,INSERT in LOT_RECIPE_ROW TAG: [GI4_RECIPE_Data_OP30_PTL_18_CellUnion] value: [0] (FROM RECIPE_ROW) recipeId: [1c226049b88d4ae18078974cac91acc9] tagID=[711cd36608ac4e6297e2094b46e147db] set TAG_NEW=0,DB DEBUG,fe_LotRecipeRowCheckCreateByRecipe,c05dcd762e4b4b5a99224c48445d7683,3
63350,06/05/2026 07:21:18,"INSERT in LOT_RECIPE_ROW TAG: [GI4_RECIPE_Data_OP30_PTL_1_Description] value: [AN.TEN. AS-HP25x42x6/6,5  DIN] (FROM RECIPE_ROW) recipeId: [1c226049b88d4ae18078974cac91acc9] tagID=[6edf7c9599df40aaa064ea22db7144e7] set TAG_NEW=0",DB DEBUG,fe_LotRecipeRowCheckCreateByRecipe,c05dcd762e4b4b5a99224c48445d7683,3
63349,06/05/2026 07:21:18,INSERT in LOT_RECIPE_ROW TAG: [GI4_RECIPE_Data_OP30_PTL_32_Cell] value: [0] (FROM RECIPE_ROW) recipeId: [1c226049b88d4ae18078974cac91acc9] tagID=[6e6130a827ba424697b8f39f165457b2] set TAG_NEW=0,DB DEBUG,fe_LotRecipeRowCheckCreateByRecipe,c05dcd762e4b4b5a99224c48445d7683,3
63348,06/05/2026 07:21:18,INSERT in LOT_RECIPE_ROW TAG: [GI4_RECIPE_Data_OP30_PTL_16_PartNumber] value: [] (FROM RECIPE_ROW) recipeId: [1c226049b88d4ae18078974cac91acc9] tagID=[6d357d24034d4d348eb664870a175ca5] set TAG_NEW=0,DB DEBUG,fe_LotRecipeRowCheckCreateByRecipe,c05dcd762e4b4b5a99224c48445d7683,3
63347,06/05/2026 07:21:18,INSERT in LOT_RECIPE_ROW TAG: [GI4_RECIPE_Data_OP10_PTL_11_PartNumber] value: [] (FROM RECIPE_ROW) recipeId: [1c226049b88d4ae18078974cac91acc9] tagID=[6c1be1f68e494b569a353b101e5d9f63] set TAG_NEW=0,DB DEBUG,fe_LotRecipeRowCheckCreateByRecipe,c05dcd762e4b4b5a99224c48445d7683,3
63346,06/05/2026 07:21:18,INSERT in LOT_RECIPE_ROW TAG: [GI4_RECIPE_Data_OP30_PTL_3_Description] value: [TAPPO PER FORO DIAM. 20] (FROM RECIPE_ROW) recipeId: [1c226049b88d4ae18078974cac91acc9] tagID=[6c0199243d38436b93a2b418272ded79] set TAG_NEW=0,DB DEBUG,fe_LotRecipeRowCheckCreateByRecipe,c05dcd762e4b4b5a99224c48445d7683,3
63345,06/05/2026 07:21:18,INSERT in LOT_RECIPE_ROW TAG: [GI4_RECIPE_Data_OP30_PTL_21_Qta] value: [0] (FROM RECIPE_ROW) recipeId: [1c226049b88d4ae18078974cac91acc9] tagID=[6af41353fa6f4a709fe70e57e460aa3b] set TAG_NEW=0,DB DEBUG,fe_LotRecipeRowCheckCreateByRecipe,c05dcd762e4b4b5a99224c48445d7683,3
63344,06/05/2026 07:21:18,INSERT in LOT_RECIPE_ROW TAG: [GI4_RECIPE_Data_OP10_PTL_20_Cell] value: [0] (FROM RECIPE_ROW) recipeId: [1c226049b88d4ae18078974cac91acc9] tagID=[6ae4780b4c774be58929b261d175fda3] set TAG_NEW=0,DB DEBUG,fe_LotRecipeRowCheckCreateByRecipe,c05dcd762e4b4b5a99224c48445d7683,3
63343,06/05/2026 07:21:18,INSERT in LOT_RECIPE_ROW TAG: [GI4_RECIPE_Data_OP30_PTL_22_Qta] value: [0] (FROM RECIPE_ROW) recipeId: [1c226049b88d4ae18078974cac91acc9] tagID=[6a47f9a505974f038e4c4f5cccbb8ef4] set TAG_NEW=0,DB DEBUG,fe_LotRecipeRowCheckCreateByRecipe,c05dcd762e4b4b5a99224c48445d7683,3
63342,06/05/2026 07:21:18,INSERT in LOT_RECIPE_ROW TAG: [GI4_RECIPE_Data_OP10_PTL_2_Qta] value: [12] (FROM RECIPE_ROW) recipeId: [1c226049b88d4ae18078974cac91acc9] tagID=[698b5b93bb8a41d5809063524e865c1b] set TAG_NEW=0,DB DEBUG,fe_LotRecipeRowCheckCreateByRecipe,c05dcd762e4b4b5a99224c48445d7683,3
63341,06/05/2026 07:21:18,INSERT in LOT_RECIPE_ROW TAG: [GI4_RECIPE_Data_OP10_PTL_2_Description] value: [AN.ANTIESTR.PIASTRA SNP3] (FROM RECIPE_ROW) recipeId: [1c226049b88d4ae18078974cac91acc9] tagID=[692cff3bc5bb4dbcae04e9c68f313072] set TAG_NEW=0,DB DEBUG,fe_LotRecipeRowCheckCreateByRecipe,c05dcd762e4b4b5a99224c48445d7683,3
63340,06/05/2026 07:21:18,INSERT in LOT_RECIPE_ROW TAG: [GI4_RECIPE_Data_OP10_PTL_23_Qta] value: [0] (FROM RECIPE_ROW) recipeId: [1c226049b88d4ae18078974cac91acc9] tagID=[68adfe273d014114afba6129ffc52b42] set TAG_NEW=0,DB DEBUG,fe_LotRecipeRowCheckCreateByRecipe,c05dcd762e4b4b5a99224c48445d7683,3
63339,06/05/2026 07:21:18,INSERT in LOT_RECIPE_ROW TAG: [GI4_RECIPE_Data_OP10_PTL_17_Qta] value: [0] (FROM RECIPE_ROW) recipeId: [1c226049b88d4ae18078974cac91acc9] tagID=[68146a057ecc463e9520812f0779e7ce] set TAG_NEW=0,DB DEBUG,fe_LotRecipeRowCheckCreateByRecipe,c05dcd762e4b4b5a99224c48445d7683,3
63338,06/05/2026 07:21:18,INSERT in LOT_RECIPE_ROW TAG: [GI4_RECIPE_Data_OP10_PTL_28_Cell] value: [0] (FROM RECIPE_ROW) recipeId: [1c226049b88d4ae18078974cac91acc9] tagID=[67ab99c9dfdf4daab45861e0fb68c16c] set TAG_NEW=0,DB DEBUG,fe_LotRecipeRowCheckCreateByRecipe,c05dcd762e4b4b5a99224c48445d7683,3
63337,06/05/2026 07:21:18,INSERT in LOT_RECIPE_ROW TAG: [GI4_RECIPE_Data_OP30_PTL_2_Cell] value: [0] (FROM RECIPE_ROW) recipeId: [1c226049b88d4ae18078974cac91acc9] tagID=[669174397a5c4cf98a45c3da54ddf173] set TAG_NEW=0,DB DEBUG,fe_LotRecipeRowCheckCreateByRecipe,c05dcd762e4b4b5a99224c48445d7683,3
63336,06/05/2026 07:21:18,INSERT in LOT_RECIPE_ROW TAG: [GI4_RECIPE_Data_OP30_PTL_30_Qta] value: [0] (FROM RECIPE_ROW) recipeId: [1c226049b88d4ae18078974cac91acc9] tagID=[6674752a407546788d3d219607da6aa1] set TAG_NEW=0,DB DEBUG,fe_LotRecipeRowCheckCreateByRecipe,c05dcd762e4b4b5a99224c48445d7683,3
63335,06/05/2026 07:21:18,INSERT in LOT_RECIPE_ROW TAG: [GI4_RECIPE_Data_Orientation] value: [1] (FROM RECIPE_ROW) recipeId: [1c226049b88d4ae18078974cac91acc9] tagID=[659d2725213c419598cd5309a512dc6c] set TAG_NEW=0,DB DEBUG,fe_LotRecipeRowCheckCreateByRecipe,c05dcd762e4b4b5a99224c48445d7683,3
63334,06/05/2026 07:21:18,INSERT in LOT_RECIPE_ROW TAG: [GI4_RECIPE_Data_QtaOrd] value: [25] (FROM RECIPE_ROW) recipeId: [1c226049b88d4ae18078974cac91acc9] tagID=[651c889b30e34366b6504e28badaf6ad] set TAG_NEW=0,DB DEBUG,fe_LotRecipeRowCheckCreateByRecipe,c05dcd762e4b4b5a99224c48445d7683,3
63333,06/05/2026 07:21:18,INSERT in LOT_RECIPE_ROW TAG: [GI4_RECIPE_Data_OP10_PTL_12_CellUnion] value: [0] (FROM RECIPE_ROW) recipeId: [1c226049b88d4ae18078974cac91acc9] tagID=[64fec27c79b74da9a1900ac61d2a61f4] set TAG_NEW=0,DB DEBUG,fe_LotRecipeRowCheckCreateByRecipe,c05dcd762e4b4b5a99224c48445d7683,3
63332,06/05/2026 07:21:18,INSERT in LOT_RECIPE_ROW TAG: [GI4_RECIPE_Data_OP10_PTL_3_Qta] value: [12] (FROM RECIPE_ROW) recipeId: [1c226049b88d4ae18078974cac91acc9] tagID=[64b99ad7f39b4af1a1e9626de282e024] set TAG_NEW=0,DB DEBUG,fe_LotRecipeRowCheckCreateByRecipe,c05dcd762e4b4b5a99224c48445d7683,3
63331,06/05/2026 07:21:18,INSERT in LOT_RECIPE_ROW TAG: [GI4_RECIPE_Data_OP30_PTL_12_CellUnion] value: [0] (FROM RECIPE_ROW) recipeId: [1c226049b88d4ae18078974cac91acc9] tagID=[6475ee9189ba4a2ca7794bfaa97837d0] set TAG_NEW=0,DB DEBUG,fe_LotRecipeRowCheckCreateByRecipe,c05dcd762e4b4b5a99224c48445d7683,3
63330,06/05/2026 07:21:18,INSERT in LOT_RECIPE_ROW TAG: [GI4_RECIPE_Data_OP10_PTL_10_Cell] value: [0] (FROM RECIPE_ROW) recipeId: [1c226049b88d4ae18078974cac91acc9] tagID=[6334e6464e5a46cfae9d8eccef28324b] set TAG_NEW=0,DB DEBUG,fe_LotRecipeRowCheckCreateByRecipe,c05dcd762e4b4b5a99224c48445d7683,3
63329,06/05/2026 07:21:18,INSERT in LOT_RECIPE_ROW TAG: [GI4_RECIPE_Data_OP30_PTL_21_Cell] value: [0] (FROM RECIPE_ROW) recipeId: [1c226049b88d4ae18078974cac91acc9] tagID=[623e6a6a11eb4b788d28ff5b3f4703dd] set TAG_NEW=0,DB DEBUG,fe_LotRecipeRowCheckCreateByRecipe,c05dcd762e4b4b5a99224c48445d7683,3
63328,06/05/2026 07:21:18,INSERT in LOT_RECIPE_ROW TAG: [GI4_RECIPE_Data_OP30_PTL_12_Cell] value: [30] (FROM RECIPE_ROW) recipeId: [1c226049b88d4ae18078974cac91acc9] tagID=[60941a4aae8f4f1a9ce01295056d6dd6] set TAG_NEW=0,DB DEBUG,fe_LotRecipeRowCheckCreateByRecipe,c05dcd762e4b4b5a99224c48445d7683,3
63327,06/05/2026 07:21:18,INSERT in LOT_RECIPE_ROW TAG: [GI4_RECIPE_Data_OP30_PTL_32_CellUnion] value: [0] (FROM RECIPE_ROW) recipeId: [1c226049b88d4ae18078974cac91acc9] tagID=[5fec1252695f4962be3f39f20bddf3ad] set TAG_NEW=0,DB DEBUG,fe_LotRecipeRowCheckCreateByRecipe,c05dcd762e4b4b5a99224c48445d7683,3
63326,06/05/2026 07:21:18,INSERT in LOT_RECIPE_ROW TAG: [GI4_RECIPE_Data_OP10_PTL_8_PartNumber] value: [] (FROM RECIPE_ROW) recipeId: [1c226049b88d4ae18078974cac91acc9] tagID=[5f33852bfd5744eca3eceaec0b0887c0] set TAG_NEW=0,DB DEBUG,fe_LotRecipeRowCheckCreateByRecipe,c05dcd762e4b4b5a99224c48445d7683,3
63325,06/05/2026 07:21:18,INSERT in LOT_RECIPE_ROW TAG: [GI4_RECIPE_Data_OP10_PTL_22_PartNumber] value: [] (FROM RECIPE_ROW) recipeId: [1c226049b88d4ae18078974cac91acc9] tagID=[5d9cebc2f5ca4f498daecbef391367d2] set TAG_NEW=0,DB DEBUG,fe_LotRecipeRowCheckCreateByRecipe,c05dcd762e4b4b5a99224c48445d7683,3
63324,06/05/2026 07:21:18,INSERT in LOT_RECIPE_ROW TAG: [GI4_RECIPE_Data_OP30_PTL_16_CellUnion] value: [0] (FROM RECIPE_ROW) recipeId: [1c226049b88d4ae18078974cac91acc9] tagID=[5cb763a533c448babf26b35f98704600] set TAG_NEW=0,DB DEBUG,fe_LotRecipeRowCheckCreateByRecipe,c05dcd762e4b4b5a99224c48445d7683,3
63323,06/05/2026 07:21:18,INSERT in LOT_RECIPE_ROW TAG: [GI4_RECIPE_Data_OP30_PTL_22_Cell] value: [0] (FROM RECIPE_ROW) recipeId: [1c226049b88d4ae18078974cac91acc9] tagID=[5bd34a232f4c4e57b14726a0748965b9] set TAG_NEW=0,DB DEBUG,fe_LotRecipeRowCheckCreateByRecipe,c05dcd762e4b4b5a99224c48445d7683,3
63322,06/05/2026 07:21:18,"INSERT in LOT_RECIPE_ROW TAG: [GI4_RECIPE_Data_OP10_PTL_5_Description] value: [PRE-SHAPED  OR SEAL88,57 x 2,] (FROM RECIPE_ROW) recipeId: [1c226049b88d4ae18078974cac91acc9] tagID=[5a96b79ffc2047719c43e74778112047] set TAG_NEW=0",DB DEBUG,fe_LotRecipeRowCheckCreateByRecipe,c05dcd762e4b4b5a99224c48445d7683,3
63321,06/05/2026 07:21:18,INSERT in LOT_RECIPE_ROW TAG: [GI4_RECIPE_Data_OP10_PTL_1_Qta] value: [12] (FROM RECIPE_ROW) recipeId: [1c226049b88d4ae18078974cac91acc9] tagID=[5a21fa6644594e34bb4c27ec532841c5] set TAG_NEW=0,DB DEBUG,fe_LotRecipeRowCheckCreateByRecipe,c05dcd762e4b4b5a99224c48445d7683,3
63320,06/05/2026 07:21:18,INSERT in LOT_RECIPE_ROW TAG: [GI4_RECIPE_Data_OP30_PTL_3_Cell] value: [0] (FROM RECIPE_ROW) recipeId: [1c226049b88d4ae18078974cac91acc9] tagID=[5901ae35c34d4e0087494953a1822086] set TAG_NEW=0,DB DEBUG,fe_LotRecipeRowCheckCreateByRecipe,c05dcd762e4b4b5a99224c48445d7683,3
63319,06/05/2026 07:21:18,INSERT in LOT_RECIPE_ROW TAG: [GI4_RECIPE_Data_OP30_PTL_17_Cell] value: [0] (FROM RECIPE_ROW) recipeId: [1c226049b88d4ae18078974cac91acc9] tagID=[57ba57515e4241628360aeefc630048a] set TAG_NEW=0,DB DEBUG,fe_LotRecipeRowCheckCreateByRecipe,c05dcd762e4b4b5a99224c48445d7683,3
63318,06/05/2026 07:21:18,INSERT in LOT_RECIPE_ROW TAG: [GI4_RECIPE_Data_OP10_PTL_21_Qta] value: [0] (FROM RECIPE_ROW) recipeId: [1c226049b88d4ae18078974cac91acc9] tagID=[573fa656482b4258b584ba9f09152cfa] set TAG_NEW=0,DB DEBUG,fe_LotRecipeRowCheckCreateByRecipe,c05dcd762e4b4b5a99224c48445d7683,3
63317,06/05/2026 07:21:18,INSERT in LOT_RECIPE_ROW TAG: [GI4_RECIPE_Data_OP10_PTL_16_Description] value: [] (FROM RECIPE_ROW) recipeId: [1c226049b88d4ae18078974cac91acc9] tagID=[56fb48c366044cf682ba058e3f634cc1] set TAG_NEW=0,DB DEBUG,fe_LotRecipeRowCheckCreateByRecipe,c05dcd762e4b4b5a99224c48445d7683,3
63316,06/05/2026 07:21:18,INSERT in LOT_RECIPE_ROW TAG: [GI4_RECIPE_Data_OP30_PTL_7_CellUnion] value: [0] (FROM RECIPE_ROW) recipeId: [1c226049b88d4ae18078974cac91acc9] tagID=[560744a278fb4e73ae180887a8f8cc9d] set TAG_NEW=0,DB DEBUG,fe_LotRecipeRowCheckCreateByRecipe,c05dcd762e4b4b5a99224c48445d7683,3
63315,06/05/2026 07:21:18,INSERT in LOT_RECIPE_ROW TAG: [GI4_RECIPE_Data_OP10_PTL_10_PartNumber] value: [] (FROM RECIPE_ROW) recipeId: [1c226049b88d4ae18078974cac91acc9] tagID=[55f1b2a82f8c449ea86a7521a3bab004] set TAG_NEW=0,DB DEBUG,fe_LotRecipeRowCheckCreateByRecipe,c05dcd762e4b4b5a99224c48445d7683,3
63314,06/05/2026 07:21:18,INSERT in LOT_RECIPE_ROW TAG: [GI4_RECIPE_Data_OP30_PTL_20_PartNumber] value: [] (FROM RECIPE_ROW) recipeId: [1c226049b88d4ae18078974cac91acc9] tagID=[553d95aef93147b396c58ea68c904bf0] set TAG_NEW=0,DB DEBUG,fe_LotRecipeRowCheckCreateByRecipe,c05dcd762e4b4b5a99224c48445d7683,3
63313,06/05/2026 07:21:18,INSERT in LOT_RECIPE_ROW TAG: [GI4_RECIPE_Data_OP10_PTL_19_Description] value: [] (FROM RECIPE_ROW) recipeId: [1c226049b88d4ae18078974cac91acc9] tagID=[54addfcba5fc49df8855e0ac48785799] set TAG_NEW=0,DB DEBUG,fe_LotRecipeRowCheckCreateByRecipe,c05dcd762e4b4b5a99224c48445d7683,3
63312,06/05/2026 07:21:18,INSERT in LOT_RECIPE_ROW TAG: [GI4_RECIPE_Data_OP30_PTL_11_CellUnion] value: [0] (FROM RECIPE_ROW) recipeId: [1c226049b88d4ae18078974cac91acc9] tagID=[542a972a13dc494e86b9abf10c77596d] set TAG_NEW=0,DB DEBUG,fe_LotRecipeRowCheckCreateByRecipe,c05dcd762e4b4b5a99224c48445d7683,3
63311,06/05/2026 07:21:18,INSERT in LOT_RECIPE_ROW TAG: [GI4_RECIPE_Data_OP30_PTL_23_PartNumber] value: [] (FROM RECIPE_ROW) recipeId: [1c226049b88d4ae18078974cac91acc9] tagID=[5254844f547a4af8be22211789229c78] set TAG_NEW=0,DB DEBUG,fe_LotRecipeRowCheckCreateByRecipe,c05dcd762e4b4b5a99224c48445d7683,3
63310,06/05/2026 07:21:18,INSERT in LOT_RECIPE_ROW TAG: [GI4_RECIPE_Data_OP30_PTL_9_Qta] value: [12] (FROM RECIPE_ROW) recipeId: [1c226049b88d4ae18078974cac91acc9] tagID=[520695cbf77546e5812b02406ba8f089] set TAG_NEW=0,DB DEBUG,fe_LotRecipeRowCheckCreateByRecipe,c05dcd762e4b4b5a99224c48445d7683,3
63309,06/05/2026 07:21:18,INSERT in LOT_RECIPE_ROW TAG: [GI4_RECIPE_Data_OP30_PTL_17_CellUnion] value: [0] (FROM RECIPE_ROW) recipeId: [1c226049b88d4ae18078974cac91acc9] tagID=[50cb8a570948434c90b3f988ba71da55] set TAG_NEW=0,DB DEBUG,fe_LotRecipeRowCheckCreateByRecipe,c05dcd762e4b4b5a99224c48445d7683,3
63308,06/05/2026 07:21:18,INSERT in LOT_RECIPE_ROW TAG: [GI4_RECIPE_Data_OP10_PTL_15_PartNumber] value: [] (FROM RECIPE_ROW) recipeId: [1c226049b88d4ae18078974cac91acc9] tagID=[502efda3303d433784fe5a00838bfb2e] set TAG_NEW=0,DB DEBUG,fe_LotRecipeRowCheckCreateByRecipe,c05dcd762e4b4b5a99224c48445d7683,3
63307,06/05/2026 07:21:18,INSERT in LOT_RECIPE_ROW TAG: [GI4_RECIPE_Data_OP30_PTL_29_Description] value: [] (FROM RECIPE_ROW) recipeId: [1c226049b88d4ae18078974cac91acc9] tagID=[4fe4256f09984cc79b53e11577aaa370] set TAG_NEW=0,DB DEBUG,fe_LotRecipeRowCheckCreateByRecipe,c05dcd762e4b4b5a99224c48445d7683,3
63306,06/05/2026 07:21:18,INSERT in LOT_RECIPE_ROW TAG: [GI4_RECIPE_Data_OP30_PTL_3_PartNumber] value: [5009.01.0004] (FROM RECIPE_ROW) recipeId: [1c226049b88d4ae18078974cac91acc9] tagID=[4ed4ea17a6e443da814e915f4e0eebca] set TAG_NEW=0,DB DEBUG,fe_LotRecipeRowCheckCreateByRecipe,c05dcd762e4b4b5a99224c48445d7683,3
63305,06/05/2026 07:21:18,INSERT in LOT_RECIPE_ROW TAG: [GI4_RECIPE_Data_OP10_PTL_27_Qta] value: [0] (FROM RECIPE_ROW) recipeId: [1c226049b88d4ae18078974cac91acc9] tagID=[4b3bed976f0741a480651833cf858964] set TAG_NEW=0,DB DEBUG,fe_LotRecipeRowCheckCreateByRecipe,c05dcd762e4b4b5a99224c48445d7683,3
63304,06/05/2026 07:21:18,INSERT in LOT_RECIPE_ROW TAG: [GI4_RECIPE_Data_OP10_PTL_25_Cell] value: [0] (FROM RECIPE_ROW) recipeId: [1c226049b88d4ae18078974cac91acc9] tagID=[4b2c313fdbbb4fc8b7fa68e6442dfb06] set TAG_NEW=0,DB DEBUG,fe_LotRecipeRowCheckCreateByRecipe,c05dcd762e4b4b5a99224c48445d7683,3
63303,06/05/2026 07:21:18,INSERT in LOT_RECIPE_ROW TAG: [GI4_RECIPE_Data_OP10_PTL_27_CellUnion] value: [0] (FROM RECIPE_ROW) recipeId: [1c226049b88d4ae18078974cac91acc9] tagID=[4b1b0cb013494461badadf4283640f8a] set TAG_NEW=0,DB DEBUG,fe_LotRecipeRowCheckCreateByRecipe,c05dcd762e4b4b5a99224c48445d7683,3
63302,06/05/2026 07:21:18,INSERT in LOT_RECIPE_ROW TAG: [GI4_RECIPE_Data_OP30_PTL_28_Description] value: [] (FROM RECIPE_ROW) recipeId: [1c226049b88d4ae18078974cac91acc9] tagID=[49f3d1cc98f8462c8a4ef61f780ddf08] set TAG_NEW=0,DB DEBUG,fe_LotRecipeRowCheckCreateByRecipe,c05dcd762e4b4b5a99224c48445d7683,3
63301,06/05/2026 07:21:18,INSERT in LOT_RECIPE_ROW TAG: [GI4_RECIPE_Data_OP10_PTL_3_Cell] value: [29] (FROM RECIPE_ROW) recipeId: [1c226049b88d4ae18078974cac91acc9] tagID=[49b0dafee5f943f0a8d84312bad8611a] set TAG_NEW=0,DB DEBUG,fe_LotRecipeRowCheckCreateByRecipe,c05dcd762e4b4b5a99224c48445d7683,3
63300,06/05/2026 07:21:18,INSERT in LOT_RECIPE_ROW TAG: [GI4_RECIPE_Data_OP10_PTL_4_Description] value: [MEZZO CORPO INSERIMENTO BOCCOLE] (FROM RECIPE_ROW) recipeId: [1c226049b88d4ae18078974cac91acc9] tagID=[490e6e11bbd44c5f92fcf23dcb7868d6] set TAG_NEW=0,DB DEBUG,fe_LotRecipeRowCheckCreateByRecipe,c05dcd762e4b4b5a99224c48445d7683,3
63299,06/05/2026 07:21:18,INSERT in LOT_RECIPE_ROW TAG: [GI4_RECIPE_Data_OP30_PTL_10_Qta] value: [1] (FROM RECIPE_ROW) recipeId: [1c226049b88d4ae18078974cac91acc9] tagID=[48e969b5856d4c9d82336b1e072b1bba] set TAG_NEW=0,DB DEBUG,fe_LotRecipeRowCheckCreateByRecipe,c05dcd762e4b4b5a99224c48445d7683,3
63298,06/05/2026 07:21:18,INSERT in LOT_RECIPE_ROW TAG: [GI4_RECIPE_Data_OP30_PTL_11_PartNumber] value: [11282842] (FROM RECIPE_ROW) recipeId: [1c226049b88d4ae18078974cac91acc9] tagID=[48aacd5c08a34d18bbf3bb7419fa3ab4] set TAG_NEW=0,DB DEBUG,fe_LotRecipeRowCheckCreateByRecipe,c05dcd762e4b4b5a99224c48445d7683,3
63297,06/05/2026 07:21:18,INSERT in LOT_RECIPE_ROW TAG: [GI4_RECIPE_Data_OP10_PTL_14_CellUnion] value: [0] (FROM RECIPE_ROW) recipeId: [1c226049b88d4ae18078974cac91acc9] tagID=[482a148a641642c58bbdd9465d6b17be] set TAG_NEW=0,DB DEBUG,fe_LotRecipeRowCheckCreateByRecipe,c05dcd762e4b4b5a99224c48445d7683,3
63296,06/05/2026 07:21:18,INSERT in LOT_RECIPE_ROW TAG: [GI4_RECIPE_Data_OP10_PTL_13_Description] value: [] (FROM RECIPE_ROW) recipeId: [1c226049b88d4ae18078974cac91acc9] tagID=[481f37fd3f434301a285d9eb50975753] set TAG_NEW=0,DB DEBUG,fe_LotRecipeRowCheckCreateByRecipe,c05dcd762e4b4b5a99224c48445d7683,3
63295,06/05/2026 07:21:18,INSERT in LOT_RECIPE_ROW TAG: [GI4_RECIPE_Data_OP30_PTL_14_Description] value: [TCCE M10x30 UNI5931-12K- br.] (FROM RECIPE_ROW) recipeId: [1c226049b88d4ae18078974cac91acc9] tagID=[4812e17c8ac14e9a9c0ef1b4b4696b0b] set TAG_NEW=0,DB DEBUG,fe_LotRecipeRowCheckCreateByRecipe,c05dcd762e4b4b5a99224c48445d7683,3
63294,06/05/2026 07:21:18,INSERT in LOT_RECIPE_ROW TAG: [GI4_RECIPE_Data_OP10_PTL_5_PartNumber] value: [11282842] (FROM RECIPE_ROW) recipeId: [1c226049b88d4ae18078974cac91acc9] tagID=[4680db2a528748c2a56f1bfc1c19e36f] set TAG_NEW=0,DB DEBUG,fe_LotRecipeRowCheckCreateByRecipe,c05dcd762e4b4b5a99224c48445d7683,3
63293,06/05/2026 07:21:18,INSERT in LOT_RECIPE_ROW TAG: [GI4_RECIPE_Data_OP10_PTL_19_PartNumber] value: [] (FROM RECIPE_ROW) recipeId: [1c226049b88d4ae18078974cac91acc9] tagID=[46764792305a424895b35614266a4c04] set TAG_NEW=0,DB DEBUG,fe_LotRecipeRowCheckCreateByRecipe,c05dcd762e4b4b5a99224c48445d7683,3
63292,06/05/2026 07:21:18,INSERT in LOT_RECIPE_ROW TAG: [GI4_RECIPE_Data_OP10_PTL_14_Qta] value: [0] (FROM RECIPE_ROW) recipeId: [1c226049b88d4ae18078974cac91acc9] tagID=[4623827bfdd14033b163c177d300643d] set TAG_NEW=0,DB DEBUG,fe_LotRecipeRowCheckCreateByRecipe,c05dcd762e4b4b5a99224c48445d7683,3
63291,06/05/2026 07:21:18,INSERT in LOT_RECIPE_ROW TAG: [GI4_RECIPE_Data_OP10_PTL_28_Qta] value: [0] (FROM RECIPE_ROW) recipeId: [1c226049b88d4ae18078974cac91acc9] tagID=[45cc5e117ed44c818f34976704160f11] set TAG_NEW=0,DB DEBUG,fe_LotRecipeRowCheckCreateByRecipe,c05dcd762e4b4b5a99224c48445d7683,3
63290,06/05/2026 07:21:18,INSERT in LOT_RECIPE_ROW TAG: [GI4_RECIPE_Data_OP10_PTL_18_Description] value: [] (FROM RECIPE_ROW) recipeId: [1c226049b88d4ae18078974cac91acc9] tagID=[4515e7b7d1c6485fab728fa4a0d40a7c] set TAG_NEW=0,DB DEBUG,fe_LotRecipeRowCheckCreateByRecipe,c05dcd762e4b4b5a99224c48445d7683,3
63289,06/05/2026 07:21:18,INSERT in LOT_RECIPE_ROW TAG: [GI4_RECIPE_Data_OP10_PTL_1_Cell] value: [21] (FROM RECIPE_ROW) recipeId: [1c226049b88d4ae18078974cac91acc9] tagID=[445a0a3d4bb74ef4a33c63abd027367f] set TAG_NEW=0,DB DEBUG,fe_LotRecipeRowCheckCreateByRecipe,c05dcd762e4b4b5a99224c48445d7683,3
63288,06/05/2026 07:21:18,INSERT in LOT_RECIPE_ROW TAG: [GI4_RECIPE_Data_OP30_PTL_13_PartNumber] value: [5020.02.0009] (FROM RECIPE_ROW) recipeId: [1c226049b88d4ae18078974cac91acc9] tagID=[4419482991d445749bca6c4b6b6b4edc] set TAG_NEW=0,DB DEBUG,fe_LotRecipeRowCheckCreateByRecipe,c05dcd762e4b4b5a99224c48445d7683,3
63287,06/05/2026 07:21:18,INSERT in LOT_RECIPE_ROW TAG: [GI4_RECIPE_Data_OP30_PTL_15_Cell] value: [0] (FROM RECIPE_ROW) recipeId: [1c226049b88d4ae18078974cac91acc9] tagID=[43ca04a60779487a9bad4b18e6857c08] set TAG_NEW=0,DB DEBUG,fe_LotRecipeRowCheckCreateByRecipe,c05dcd762e4b4b5a99224c48445d7683,3
63286,06/05/2026 07:21:18,INSERT in LOT_RECIPE_ROW TAG: [GI4_RECIPE_Data_OP10_PTL_7_CellUnion] value: [0] (FROM RECIPE_ROW) recipeId: [1c226049b88d4ae18078974cac91acc9] tagID=[42f00b8edc9e43b6a4fdcb04b160c33d] set TAG_NEW=0,DB DEBUG,fe_LotRecipeRowCheckCreateByRecipe,c05dcd762e4b4b5a99224c48445d7683,3
63285,06/05/2026 07:21:18,INSERT in LOT_RECIPE_ROW TAG: [GI4_RECIPE_Data_OP10_PTL_32_Qta] value: [0] (FROM RECIPE_ROW) recipeId: [1c226049b88d4ae18078974cac91acc9] tagID=[419f031a45ae4fd783a01f9ca22c0922] set TAG_NEW=0,DB DEBUG,fe_LotRecipeRowCheckCreateByRecipe,c05dcd762e4b4b5a99224c48445d7683,3
63284,06/05/2026 07:21:18,INSERT in LOT_RECIPE_ROW TAG: [GI4_RECIPE_Data_OP10_PTL_14_PartNumber] value: [] (FROM RECIPE_ROW) recipeId: [1c226049b88d4ae18078974cac91acc9] tagID=[41079ba74b494fccb40a24a1128e5978] set TAG_NEW=0,DB DEBUG,fe_LotRecipeRowCheckCreateByRecipe,c05dcd762e4b4b5a99224c48445d7683,3
63283,06/05/2026 07:21:18,INSERT in LOT_RECIPE_ROW TAG: [GI4_RECIPE_Data_OP30_PTL_20_Description] value: [] (FROM RECIPE_ROW) recipeId: [1c226049b88d4ae18078974cac91acc9] tagID=[40cee7fa97544d93a7248677d41157bd] set TAG_NEW=0,DB DEBUG,fe_LotRecipeRowCheckCreateByRecipe,c05dcd762e4b4b5a99224c48445d7683,3
63282,06/05/2026 07:21:18,INSERT in LOT_RECIPE_ROW TAG: [GI4_RECIPE_Data_OP10_PTL_30_PartNumber] value: [] (FROM RECIPE_ROW) recipeId: [1c226049b88d4ae18078974cac91acc9] tagID=[401705b05b084c8b9289298d3fd0a8ea] set TAG_NEW=0,DB DEBUG,fe_LotRecipeRowCheckCreateByRecipe,c05dcd762e4b4b5a99224c48445d7683,3
63281,06/05/2026 07:21:18,INSERT in LOT_RECIPE_ROW TAG: [GI4_RECIPE_Data_OP30_PTL_6_Description] value: [SEEGER 42 UNI 7437] (FROM RECIPE_ROW) recipeId: [1c226049b88d4ae18078974cac91acc9] tagID=[3fbdcfa4cbe54f72b48bbfa700784f6d] set TAG_NEW=0,DB DEBUG,fe_LotRecipeRowCheckCreateByRecipe,c05dcd762e4b4b5a99224c48445d7683,3
63280,06/05/2026 07:21:18,INSERT in LOT_RECIPE_ROW TAG: [GI4_RECIPE_Data_OP10_PTL_12_Qta] value: [0] (FROM RECIPE_ROW) recipeId: [1c226049b88d4ae18078974cac91acc9] tagID=[3ee6c1a275af4d5694f2a55c97d228e0] set TAG_NEW=0,DB DEBUG,fe_LotRecipeRowCheckCreateByRecipe,c05dcd762e4b4b5a99224c48445d7683,3
63279,06/05/2026 07:21:18,INSERT in LOT_RECIPE_ROW TAG: [GI4_RECIPE_Data_OP30_PTL_31_CellUnion] value: [0] (FROM RECIPE_ROW) recipeId: [1c226049b88d4ae18078974cac91acc9] tagID=[3d7cfd99b4bf4f8bb1da36f1892edb19] set TAG_NEW=0,DB DEBUG,fe_LotRecipeRowCheckCreateByRecipe,c05dcd762e4b4b5a99224c48445d7683,3
63278,06/05/2026 07:21:18,INSERT in LOT_RECIPE_ROW TAG: [GI4_RECIPE_Data_OP30_PTL_1_CellUnion] value: [0] (FROM RECIPE_ROW) recipeId: [1c226049b88d4ae18078974cac91acc9] tagID=[3c3f4f6aea224e839c16ff9fc3cc6614] set TAG_NEW=0,DB DEBUG,fe_LotRecipeRowCheckCreateByRecipe,c05dcd762e4b4b5a99224c48445d7683,3
63277,06/05/2026 07:21:18,INSERT in LOT_RECIPE_ROW TAG: [GI4_RECIPE_Data_OP30_PTL_10_PartNumber] value: [MEZZO CORPO] (FROM RECIPE_ROW) recipeId: [1c226049b88d4ae18078974cac91acc9] tagID=[3a58c2366cbe4e0a840abbf4b877bace] set TAG_NEW=0,DB DEBUG,fe_LotRecipeRowCheckCreateByRecipe,c05dcd762e4b4b5a99224c48445d7683,3
63276,06/05/2026 07:21:18,INSERT in LOT_RECIPE_ROW TAG: [GI4_RECIPE_Data_OP10_PTL_15_Cell] value: [0] (FROM RECIPE_ROW) recipeId: [1c226049b88d4ae18078974cac91acc9] tagID=[39d7e17fb1c44fa796f5f098e86ec7c2] set TAG_NEW=0,DB DEBUG,fe_LotRecipeRowCheckCreateByRecipe,c05dcd762e4b4b5a99224c48445d7683,3
63275,06/05/2026 07:21:18,INSERT in LOT_RECIPE_ROW TAG: [GI4_RECIPE_Data_OP10_PTL_31_Description] value: [] (FROM RECIPE_ROW) recipeId: [1c226049b88d4ae18078974cac91acc9] tagID=[38ae032c2f984468887d6b24690bab51] set TAG_NEW=0,DB DEBUG,fe_LotRecipeRowCheckCreateByRecipe,c05dcd762e4b4b5a99224c48445d7683,3
63274,06/05/2026 07:21:18,INSERT in LOT_RECIPE_ROW TAG: [GI4_RECIPE_Data_OP30_PTL_31_Description] value: [] (FROM RECIPE_ROW) recipeId: [1c226049b88d4ae18078974cac91acc9] tagID=[3887fc96aa2b47d691405d5804130797] set TAG_NEW=0,DB DEBUG,fe_LotRecipeRowCheckCreateByRecipe,c05dcd762e4b4b5a99224c48445d7683,3
63273,06/05/2026 07:21:18,INSERT in LOT_RECIPE_ROW TAG: [GI4_RECIPE_Data_OP10_PTL_8_Qta] value: [0] (FROM RECIPE_ROW) recipeId: [1c226049b88d4ae18078974cac91acc9] tagID=[3815c76174064515bafb801007a14614] set TAG_NEW=0,DB DEBUG,fe_LotRecipeRowCheckCreateByRecipe,c05dcd762e4b4b5a99224c48445d7683,3
63272,06/05/2026 07:21:18,INSERT in LOT_RECIPE_ROW TAG: [GI4_RECIPE_Data_OP30_PTL_24_Qta] value: [0] (FROM RECIPE_ROW) recipeId: [1c226049b88d4ae18078974cac91acc9] tagID=[37f0f3807d804fec9537deac883d8fa7] set TAG_NEW=0,DB DEBUG,fe_LotRecipeRowCheckCreateByRecipe,c05dcd762e4b4b5a99224c48445d7683,3
63271,06/05/2026 07:21:18,INSERT in LOT_RECIPE_ROW TAG: [GI4_RECIPE_Data_OP30_PTL_13_Qta] value: [25] (FROM RECIPE_ROW) recipeId: [1c226049b88d4ae18078974cac91acc9] tagID=[374dd1ca558346c198cd868b38086280] set TAG_NEW=0,DB DEBUG,fe_LotRecipeRowCheckCreateByRecipe,c05dcd762e4b4b5a99224c48445d7683,3
63270,06/05/2026 07:21:18,INSERT in LOT_RECIPE_ROW TAG: [GI4_RECIPE_Data_OP10_PTL_15_Description] value: [] (FROM RECIPE_ROW) recipeId: [1c226049b88d4ae18078974cac91acc9] tagID=[3654183a50bf43b7b64146ef7d9442b0] set TAG_NEW=0,DB DEBUG,fe_LotRecipeRowCheckCreateByRecipe,c05dcd762e4b4b5a99224c48445d7683,3
63269,06/05/2026 07:21:18,INSERT in LOT_RECIPE_ROW TAG: [GI4_RECIPE_Data_OP30_PTL_7_Qta] value: [12] (FROM RECIPE_ROW) recipeId: [1c226049b88d4ae18078974cac91acc9] tagID=[3640890fbc5649c38727f3cec1b1e5f2] set TAG_NEW=0,DB DEBUG,fe_LotRecipeRowCheckCreateByRecipe,c05dcd762e4b4b5a99224c48445d7683,3
63268,06/05/2026 07:21:18,INSERT in LOT_RECIPE_ROW TAG: [GI4_RECIPE_Data_OP10_PTL_13_Qta] value: [0] (FROM RECIPE_ROW) recipeId: [1c226049b88d4ae18078974cac91acc9] tagID=[34eb2b59a3134746953e9611d408d2e6] set TAG_NEW=0,DB DEBUG,fe_LotRecipeRowCheckCreateByRecipe,c05dcd762e4b4b5a99224c48445d7683,3
63267,06/05/2026 07:21:18,INSERT in LOT_RECIPE_ROW TAG: [GI4_RECIPE_Data_OP30_PTL_2_CellUnion] value: [0] (FROM RECIPE_ROW) recipeId: [1c226049b88d4ae18078974cac91acc9] tagID=[34ba42b7560e4ee9a12fd1944c5aa703] set TAG_NEW=0,DB DEBUG,fe_LotRecipeRowCheckCreateByRecipe,c05dcd762e4b4b5a99224c48445d7683,3
63266,06/05/2026 07:21:18,INSERT in LOT_RECIPE_ROW TAG: [GI4_RECIPE_Data_OP10_PTL_4_Cell] value: [32] (FROM RECIPE_ROW) recipeId: [1c226049b88d4ae18078974cac91acc9] tagID=[336e0993097945d5b1a95047881dcb0d] set TAG_NEW=0,DB DEBUG,fe_LotRecipeRowCheckCreateByRecipe,c05dcd762e4b4b5a99224c48445d7683,3
63265,06/05/2026 07:21:18,INSERT in LOT_RECIPE_ROW TAG: [GI4_RECIPE_Data_OP30_PTL_19_CellUnion] value: [0] (FROM RECIPE_ROW) recipeId: [1c226049b88d4ae18078974cac91acc9] tagID=[32b489d628b8417fb1b585cd49fd61c7] set TAG_NEW=0,DB DEBUG,fe_LotRecipeRowCheckCreateByRecipe,c05dcd762e4b4b5a99224c48445d7683,3
63264,06/05/2026 07:21:18,INSERT in LOT_RECIPE_ROW TAG: [GI4_RECIPE_Data_OP30_PTL_13_Cell] value: [24] (FROM RECIPE_ROW) recipeId: [1c226049b88d4ae18078974cac91acc9] tagID=[322607fdab0d48e482f702551a084233] set TAG_NEW=0,DB DEBUG,fe_LotRecipeRowCheckCreateByRecipe,c05dcd762e4b4b5a99224c48445d7683,3
63263,06/05/2026 07:21:18,INSERT in LOT_RECIPE_ROW TAG: [GI4_RECIPE_Data_OP10_PTL_25_CellUnion] value: [0] (FROM RECIPE_ROW) recipeId: [1c226049b88d4ae18078974cac91acc9] tagID=[31ad5d3c1e3a45f199917e67426ed441] set TAG_NEW=0,DB DEBUG,fe_LotRecipeRowCheckCreateByRecipe,c05dcd762e4b4b5a99224c48445d7683,3
63262,06/05/2026 07:21:18,INSERT in LOT_RECIPE_ROW TAG: [GI4_RECIPE_Data_PrintType] value: [1] (FROM RECIPE_ROW) recipeId: [1c226049b88d4ae18078974cac91acc9] tagID=[319e60a433a54b1986e7af6ab5b36d6e] set TAG_NEW=0,DB DEBUG,fe_LotRecipeRowCheckCreateByRecipe,c05dcd762e4b4b5a99224c48445d7683,3
63261,06/05/2026 07:21:18,INSERT in LOT_RECIPE_ROW TAG: [GI4_RECIPE_Data_OP30_PTL_6_CellUnion] value: [0] (FROM RECIPE_ROW) recipeId: [1c226049b88d4ae18078974cac91acc9] tagID=[3165fec2bb354085abd7e63466d042a6] set TAG_NEW=0,DB DEBUG,fe_LotRecipeRowCheckCreateByRecipe,c05dcd762e4b4b5a99224c48445d7683,3
63260,06/05/2026 07:21:18,INSERT in LOT_RECIPE_ROW TAG: [GI4_RECIPE_Data_OP10_PTL_32_Cell] value: [0] (FROM RECIPE_ROW) recipeId: [1c226049b88d4ae18078974cac91acc9] tagID=[30cf96ca4b834ee2b9a7eb56df1b6aea] set TAG_NEW=0,DB DEBUG,fe_LotRecipeRowCheckCreateByRecipe,c05dcd762e4b4b5a99224c48445d7683,3
63259,06/05/2026 07:21:18,INSERT in LOT_RECIPE_ROW TAG: [GI4_RECIPE_Data_DustCover] value: [0] (FROM RECIPE_ROW) recipeId: [1c226049b88d4ae18078974cac91acc9] tagID=[2f62647d508c427c9d0593d21d9f9a96] set TAG_NEW=0,DB DEBUG,fe_LotRecipeRowCheckCreateByRecipe,c05dcd762e4b4b5a99224c48445d7683,3
63258,06/05/2026 07:21:18,INSERT in LOT_RECIPE_ROW TAG: [GI4_RECIPE_Data_OP10_PTL_21_Description] value: [] (FROM RECIPE_ROW) recipeId: [1c226049b88d4ae18078974cac91acc9] tagID=[2f012265fcf54daaa75a2db2cb2ccaad] set TAG_NEW=0,DB DEBUG,fe_LotRecipeRowCheckCreateByRecipe,c05dcd762e4b4b5a99224c48445d7683,3
63257,06/05/2026 07:21:18,INSERT in LOT_RECIPE_ROW TAG: [GI4_RECIPE_Data_OP10_PTL_13_Cell] value: [0] (FROM RECIPE_ROW) recipeId: [1c226049b88d4ae18078974cac91acc9] tagID=[2efd39cf088b44fa9e8c5d457d66450b] set TAG_NEW=0,DB DEBUG,fe_LotRecipeRowCheckCreateByRecipe,c05dcd762e4b4b5a99224c48445d7683,3
63256,06/05/2026 07:21:18,INSERT in LOT_RECIPE_ROW TAG: [GI4_RECIPE_Data_OP10_PTL_24_Cell] value: [0] (FROM RECIPE_ROW) recipeId: [1c226049b88d4ae18078974cac91acc9] tagID=[2efc21b5f4fd41a6b3b388597dc3adb3] set TAG_NEW=0,DB DEBUG,fe_LotRecipeRowCheckCreateByRecipe,c05dcd762e4b4b5a99224c48445d7683,3
63255,06/05/2026 07:21:18,INSERT in LOT_RECIPE_ROW TAG: [GI4_RECIPE_Data_OP10_PTL_5_Qta] value: [12] (FROM RECIPE_ROW) recipeId: [1c226049b88d4ae18078974cac91acc9] tagID=[2b5decc799564bc88555d022c4ea85a3] set TAG_NEW=0,DB DEBUG,fe_LotRecipeRowCheckCreateByRecipe,c05dcd762e4b4b5a99224c48445d7683,3
63254,06/05/2026 07:21:18,INSERT in LOT_RECIPE_ROW TAG: [GI4_RECIPE_Data_OP10_PTL_10_CellUnion] value: [0] (FROM RECIPE_ROW) recipeId: [1c226049b88d4ae18078974cac91acc9] tagID=[2b0617f17e5f46729f228a527a408fdc] set TAG_NEW=0,DB DEBUG,fe_LotRecipeRowCheckCreateByRecipe,c05dcd762e4b4b5a99224c48445d7683,3
63253,06/05/2026 07:21:18,INSERT in LOT_RECIPE_ROW TAG: [GI4_RECIPE_Data_OP30_PTL_4_CellUnion] value: [0] (FROM RECIPE_ROW) recipeId: [1c226049b88d4ae18078974cac91acc9] tagID=[29c462d549fb42e1b052a86a35b11f12] set TAG_NEW=0,DB DEBUG,fe_LotRecipeRowCheckCreateByRecipe,c05dcd762e4b4b5a99224c48445d7683,3
63252,06/05/2026 07:21:18,INSERT in LOT_RECIPE_ROW TAG: [GI4_RECIPE_Data_OP30_PTL_25_Description] value: [] (FROM RECIPE_ROW) recipeId: [1c226049b88d4ae18078974cac91acc9] tagID=[27b140c810ec405994079df3f60de1e2] set TAG_NEW=0,DB DEBUG,fe_LotRecipeRowCheckCreateByRecipe,c05dcd762e4b4b5a99224c48445d7683,3
63251,06/05/2026 07:21:18,INSERT in LOT_RECIPE_ROW TAG: [GI4_RECIPE_Data_OP10_PTL_21_CellUnion] value: [0] (FROM RECIPE_ROW) recipeId: [1c226049b88d4ae18078974cac91acc9] tagID=[2768d9617f784288aada7d9eef63d70c] set TAG_NEW=0,DB DEBUG,fe_LotRecipeRowCheckCreateByRecipe,c05dcd762e4b4b5a99224c48445d7683,3
63250,06/05/2026 07:21:18,INSERT in LOT_RECIPE_ROW TAG: [GI4_RECIPE_Data_OP10_PTL_29_CellUnion] value: [0] (FROM RECIPE_ROW) recipeId: [1c226049b88d4ae18078974cac91acc9] tagID=[2547ffd6de24486f86b1235208d06d8b] set TAG_NEW=0,DB DEBUG,fe_LotRecipeRowCheckCreateByRecipe,c05dcd762e4b4b5a99224c48445d7683,3
63249,06/05/2026 07:21:18,INSERT in LOT_RECIPE_ROW TAG: [GI4_RECIPE_Data_OP10_PTL_18_CellUnion] value: [0] (FROM RECIPE_ROW) recipeId: [1c226049b88d4ae18078974cac91acc9] tagID=[24788739016145d2a6de1e84726b4509] set TAG_NEW=0,DB DEBUG,fe_LotRecipeRowCheckCreateByRecipe,c05dcd762e4b4b5a99224c48445d7683,3
63248,06/05/2026 07:21:18,INSERT in LOT_RECIPE_ROW TAG: [GI4_RECIPE_Data_OP30_PTL_6_Cell] value: [0] (FROM RECIPE_ROW) recipeId: [1c226049b88d4ae18078974cac91acc9] tagID=[239ff647bb7c4b78b16fb964e8ea5c65] set TAG_NEW=0,DB DEBUG,fe_LotRecipeRowCheckCreateByRecipe,c05dcd762e4b4b5a99224c48445d7683,3
63247,06/05/2026 07:21:18,INSERT in LOT_RECIPE_ROW TAG: [GI4_RECIPE_Data_OP30_PTL_10_CellUnion] value: [0] (FROM RECIPE_ROW) recipeId: [1c226049b88d4ae18078974cac91acc9] tagID=[236ecfef4bc94a9ebfb403c825ec2cb8] set TAG_NEW=0,DB DEBUG,fe_LotRecipeRowCheckCreateByRecipe,c05dcd762e4b4b5a99224c48445d7683,3
63246,06/05/2026 07:21:18,INSERT in LOT_RECIPE_ROW TAG: [GI4_RECIPE_Data_OP10_PTL_16_CellUnion] value: [0] (FROM RECIPE_ROW) recipeId: [1c226049b88d4ae18078974cac91acc9] tagID=[23526c0d4cc14b0b8445d664756087d9] set TAG_NEW=0,DB DEBUG,fe_LotRecipeRowCheckCreateByRecipe,c05dcd762e4b4b5a99224c48445d7683,3
63245,06/05/2026 07:21:18,INSERT in LOT_RECIPE_ROW TAG: [GI4_RECIPE_Data_OP30_PTL_25_CellUnion] value: [0] (FROM RECIPE_ROW) recipeId: [1c226049b88d4ae18078974cac91acc9] tagID=[23490577e94b461fad46e23ebd9cdb89] set TAG_NEW=0,DB DEBUG,fe_LotRecipeRowCheckCreateByRecipe,c05dcd762e4b4b5a99224c48445d7683,3
63244,06/05/2026 07:21:18,INSERT in LOT_RECIPE_ROW TAG: [GI4_RECIPE_Data_OP10_PTL_22_CellUnion] value: [0] (FROM RECIPE_ROW) recipeId: [1c226049b88d4ae18078974cac91acc9] tagID=[22d2c12d88084e9491c910a201e38e0d] set TAG_NEW=0,DB DEBUG,fe_LotRecipeRowCheckCreateByRecipe,c05dcd762e4b4b5a99224c48445d7683,3
63243,06/05/2026 07:21:18,INSERT in LOT_RECIPE_ROW TAG: [GI4_RECIPE_Data_MasterModelCode] value: [SNW3NN/022LN07SLNNCAC7NNNN/NNNNN] (FROM RECIPE_ROW) recipeId: [1c226049b88d4ae18078974cac91acc9] tagID=[2295f1d9dbe3459691489299eb02429f] set TAG_NEW=0,DB DEBUG,fe_LotRecipeRowCheckCreateByRecipe,c05dcd762e4b4b5a99224c48445d7683,3
63242,06/05/2026 07:21:18,INSERT in LOT_RECIPE_ROW TAG: [GI4_RECIPE_Data_OP30_PTL_9_CellUnion] value: [0] (FROM RECIPE_ROW) recipeId: [1c226049b88d4ae18078974cac91acc9] tagID=[2117c8a6f98640dea219faa2b6243584] set TAG_NEW=0,DB DEBUG,fe_LotRecipeRowCheckCreateByRecipe,c05dcd762e4b4b5a99224c48445d7683,3
63241,06/05/2026 07:21:18,INSERT in LOT_RECIPE_ROW TAG: [GI4_RECIPE_Data_OP10_PTL_18_Cell] value: [0] (FROM RECIPE_ROW) recipeId: [1c226049b88d4ae18078974cac91acc9] tagID=[200054d0678e43aab0d9f82753270661] set TAG_NEW=0,DB DEBUG,fe_LotRecipeRowCheckCreateByRecipe,c05dcd762e4b4b5a99224c48445d7683,3
63240,06/05/2026 07:21:18,INSERT in LOT_RECIPE_ROW TAG: [GI4_RECIPE_Data_OP10_PTL_18_PartNumber] value: [] (FROM RECIPE_ROW) recipeId: [1c226049b88d4ae18078974cac91acc9] tagID=[1fd38a7c7dd64cfbb9a03b2acf6d6f9e] set TAG_NEW=0,DB DEBUG,fe_LotRecipeRowCheckCreateByRecipe,c05dcd762e4b4b5a99224c48445d7683,3
63239,06/05/2026 07:21:18,INSERT in LOT_RECIPE_ROW TAG: [GI4_RECIPE_Data_OP30_PTL_30_PartNumber] value: [] (FROM RECIPE_ROW) recipeId: [1c226049b88d4ae18078974cac91acc9] tagID=[1ec5b337bccb4f388faef9b1b78fe39d] set TAG_NEW=0,DB DEBUG,fe_LotRecipeRowCheckCreateByRecipe,c05dcd762e4b4b5a99224c48445d7683,3
63238,06/05/2026 07:21:18,INSERT in LOT_RECIPE_ROW TAG: [GI4_RECIPE_Data_OP10_PTL_11_CellUnion] value: [0] (FROM RECIPE_ROW) recipeId: [1c226049b88d4ae18078974cac91acc9] tagID=[1e73099add0d4761b3fb96855bcce8ba] set TAG_NEW=0,DB DEBUG,fe_LotRecipeRowCheckCreateByRecipe,c05dcd762e4b4b5a99224c48445d7683,3
63237,06/05/2026 07:21:18,INSERT in LOT_RECIPE_ROW TAG: [GI4_RECIPE_Data_OP10_PTL_28_PartNumber] value: [] (FROM RECIPE_ROW) recipeId: [1c226049b88d4ae18078974cac91acc9] tagID=[1e6514dd3aa241ddaf46cfba71deda8d] set TAG_NEW=0,DB DEBUG,fe_LotRecipeRowCheckCreateByRecipe,c05dcd762e4b4b5a99224c48445d7683,3
63236,06/05/2026 07:21:18,INSERT in LOT_RECIPE_ROW TAG: [GI4_RECIPE_Data_OP30_PTL_9_Cell] value: [21] (FROM RECIPE_ROW) recipeId: [1c226049b88d4ae18078974cac91acc9] tagID=[1e41bea737484150b9810803137db848] set TAG_NEW=0,DB DEBUG,fe_LotRecipeRowCheckCreateByRecipe,c05dcd762e4b4b5a99224c48445d7683,3
63235,06/05/2026 07:21:18,INSERT in LOT_RECIPE_ROW TAG: [GI4_RECIPE_Data_OP30_PTL_14_Qta] value: [12] (FROM RECIPE_ROW) recipeId: [1c226049b88d4ae18078974cac91acc9] tagID=[1e1a67aab00c40568e55d6a9cb7e929c] set TAG_NEW=0,DB DEBUG,fe_LotRecipeRowCheckCreateByRecipe,c05dcd762e4b4b5a99224c48445d7683,3
63234,06/05/2026 07:21:18,INSERT in LOT_RECIPE_ROW TAG: [GI4_RECIPE_Data_OP10_PTL_2_CellUnion] value: [0] (FROM RECIPE_ROW) recipeId: [1c226049b88d4ae18078974cac91acc9] tagID=[1da4b4e89476455ba061456cde4d84bc] set TAG_NEW=0,DB DEBUG,fe_LotRecipeRowCheckCreateByRecipe,c05dcd762e4b4b5a99224c48445d7683,3
63233,06/05/2026 07:21:18,INSERT in LOT_RECIPE_ROW TAG: [GI4_RECIPE_Data_OP10_PTL_12_PartNumber] value: [] (FROM RECIPE_ROW) recipeId: [1c226049b88d4ae18078974cac91acc9] tagID=[1c6bdf1e83a74aaca4e2c6a37d60fdd3] set TAG_NEW=0,DB DEBUG,fe_LotRecipeRowCheckCreateByRecipe,c05dcd762e4b4b5a99224c48445d7683,3
63232,06/05/2026 07:21:18,INSERT in LOT_RECIPE_ROW TAG: [GI4_RECIPE_Data_OP30_PTL_30_Cell] value: [0] (FROM RECIPE_ROW) recipeId: [1c226049b88d4ae18078974cac91acc9] tagID=[1c292609bff545948b1b50178f98734a] set TAG_NEW=0,DB DEBUG,fe_LotRecipeRowCheckCreateByRecipe,c05dcd762e4b4b5a99224c48445d7683,3
63231,06/05/2026 07:21:18,INSERT in LOT_RECIPE_ROW TAG: [GI4_RECIPE_Data_OP30_PTL_9_Description] value: [GUAR.DI CONT. BOCC.SNP3] (FROM RECIPE_ROW) recipeId: [1c226049b88d4ae18078974cac91acc9] tagID=[1b395e351c7a424faee5b72d6916e004] set TAG_NEW=0,DB DEBUG,fe_LotRecipeRowCheckCreateByRecipe,c05dcd762e4b4b5a99224c48445d7683,3
63230,06/05/2026 07:21:18,INSERT in LOT_RECIPE_ROW TAG: [GI4_RECIPE_Data_OP30_PTL_20_Qta] value: [0] (FROM RECIPE_ROW) recipeId: [1c226049b88d4ae18078974cac91acc9] tagID=[1ae24f3c9bd843b5bdae323af5e44833] set TAG_NEW=0,DB DEBUG,fe_LotRecipeRowCheckCreateByRecipe,c05dcd762e4b4b5a99224c48445d7683,3
63229,06/05/2026 07:21:18,INSERT in LOT_RECIPE_ROW TAG: [GI4_RECIPE_Data_OP10_PTL_31_PartNumber] value: [] (FROM RECIPE_ROW) recipeId: [1c226049b88d4ae18078974cac91acc9] tagID=[1adcf7bd1d72448bb87b3b30dd715166] set TAG_NEW=0,DB DEBUG,fe_LotRecipeRowCheckCreateByRecipe,c05dcd762e4b4b5a99224c48445d7683,3
63228,06/05/2026 07:21:18,INSERT in LOT_RECIPE_ROW TAG: [GI4_RECIPE_Data_OP10_PTL_9_CellUnion] value: [0] (FROM RECIPE_ROW) recipeId: [1c226049b88d4ae18078974cac91acc9] tagID=[1a1c23ee431f4728b01677039593bc81] set TAG_NEW=0,DB DEBUG,fe_LotRecipeRowCheckCreateByRecipe,c05dcd762e4b4b5a99224c48445d7683,3
63227,06/05/2026 07:21:18,INSERT in LOT_RECIPE_ROW TAG: [GI4_RECIPE_Data_OP30_PTL_12_PartNumber] value: [5011.31.2215] (FROM RECIPE_ROW) recipeId: [1c226049b88d4ae18078974cac91acc9] tagID=[1897909b17784365ae9be36b71a37912] set TAG_NEW=0,DB DEBUG,fe_LotRecipeRowCheckCreateByRecipe,c05dcd762e4b4b5a99224c48445d7683,3
63226,06/05/2026 07:21:18,INSERT in LOT_RECIPE_ROW TAG: [GI4_RECIPE_Data_OP30_PTL_5_Qta] value: [25] (FROM RECIPE_ROW) recipeId: [1c226049b88d4ae18078974cac91acc9] tagID=[17e58e802fdb4886a00ee2df555cccc2] set TAG_NEW=0,DB DEBUG,fe_LotRecipeRowCheckCreateByRecipe,c05dcd762e4b4b5a99224c48445d7683,3
63225,06/05/2026 07:21:18,INSERT in LOT_RECIPE_ROW TAG: [GI4_RECIPE_Data_OP30_PTL_32_Qta] value: [0] (FROM RECIPE_ROW) recipeId: [1c226049b88d4ae18078974cac91acc9] tagID=[17bfebdd36ed4d268e65b73ad2683657] set TAG_NEW=0,DB DEBUG,fe_LotRecipeRowCheckCreateByRecipe,c05dcd762e4b4b5a99224c48445d7683,3
63224,06/05/2026 07:21:18,INSERT in LOT_RECIPE_ROW TAG: [GI4_RECIPE_Data_OP30_PTL_13_CellUnion] value: [0] (FROM RECIPE_ROW) recipeId: [1c226049b88d4ae18078974cac91acc9] tagID=[171ef8f151874a64b2aa6d76fa9e011e] set TAG_NEW=0,DB DEBUG,fe_LotRecipeRowCheckCreateByRecipe,c05dcd762e4b4b5a99224c48445d7683,3
63223,06/05/2026 07:21:18,INSERT in LOT_RECIPE_ROW TAG: [GI4_RECIPE_Data_OP30_PTL_8_CellUnion] value: [0] (FROM RECIPE_ROW) recipeId: [1c226049b88d4ae18078974cac91acc9] tagID=[16825f04574b4c16b4ab3c9fc79ebec3] set TAG_NEW=0,DB DEBUG,fe_LotRecipeRowCheckCreateByRecipe,c05dcd762e4b4b5a99224c48445d7683,3
63222,06/05/2026 07:21:18,INSERT in LOT_RECIPE_ROW TAG: [GI4_RECIPE_Data_OP30_PTL_27_PartNumber] value: [] (FROM RECIPE_ROW) recipeId: [1c226049b88d4ae18078974cac91acc9] tagID=[152ff83f6425493d8ee154c7474edc49] set TAG_NEW=0,DB DEBUG,fe_LotRecipeRowCheckCreateByRecipe,c05dcd762e4b4b5a99224c48445d7683,3
63221,06/05/2026 07:21:18,INSERT in LOT_RECIPE_ROW TAG: [GI4_RECIPE_Data_OP10_PTL_6_Qta] value: [12] (FROM RECIPE_ROW) recipeId: [1c226049b88d4ae18078974cac91acc9] tagID=[149871b6a096497a9ec64f62ca13eb4b] set TAG_NEW=0,DB DEBUG,fe_LotRecipeRowCheckCreateByRecipe,c05dcd762e4b4b5a99224c48445d7683,3
63220,06/05/2026 07:21:18,INSERT in LOT_RECIPE_ROW TAG: [GI4_RECIPE_Data_OP10_PTL_4_Qta] value: [1] (FROM RECIPE_ROW) recipeId: [1c226049b88d4ae18078974cac91acc9] tagID=[142c9d2d9d404cae81c1f59ae4da360d] set TAG_NEW=0,DB DEBUG,fe_LotRecipeRowCheckCreateByRecipe,c05dcd762e4b4b5a99224c48445d7683,3
63219,06/05/2026 07:21:18,INSERT in LOT_RECIPE_ROW TAG: [GI4_RECIPE_Data_OP30_PTL_31_Cell] value: [0] (FROM RECIPE_ROW) recipeId: [1c226049b88d4ae18078974cac91acc9] tagID=[138d7ec4d945404cb05a6c2acc6e26c9] set TAG_NEW=0,DB DEBUG,fe_LotRecipeRowCheckCreateByRecipe,c05dcd762e4b4b5a99224c48445d7683,3
63218,06/05/2026 07:21:18,INSERT in LOT_RECIPE_ROW TAG: [GI4_RECIPE_Data_OP10_PTL_28_Description] value: [] (FROM RECIPE_ROW) recipeId: [1c226049b88d4ae18078974cac91acc9] tagID=[12a6a0eb336a45538a178cbcfbba8b13] set TAG_NEW=0,DB DEBUG,fe_LotRecipeRowCheckCreateByRecipe,c05dcd762e4b4b5a99224c48445d7683,3
63217,06/05/2026 07:21:18,INSERT in LOT_RECIPE_ROW TAG: [GI4_RECIPE_Data_OP30_PTL_24_CellUnion] value: [0] (FROM RECIPE_ROW) recipeId: [1c226049b88d4ae18078974cac91acc9] tagID=[11fead26f2374b1895abe418c9d7bf56] set TAG_NEW=0,DB DEBUG,fe_LotRecipeRowCheckCreateByRecipe,c05dcd762e4b4b5a99224c48445d7683,3
63216,06/05/2026 07:21:18,INSERT in LOT_RECIPE_ROW TAG: [GI4_RECIPE_Data_OP30_PTL_19_PartNumber] value: [] (FROM RECIPE_ROW) recipeId: [1c226049b88d4ae18078974cac91acc9] tagID=[117d55a6eec74686af0d4085044334ff] set TAG_NEW=0,DB DEBUG,fe_LotRecipeRowCheckCreateByRecipe,c05dcd762e4b4b5a99224c48445d7683,3
63215,06/05/2026 07:21:18,INSERT in LOT_RECIPE_ROW TAG: [GI4_RECIPE_Data_OP30_PTL_28_PartNumber] value: [] (FROM RECIPE_ROW) recipeId: [1c226049b88d4ae18078974cac91acc9] tagID=[108fa0aa4e9b422cb0c37060f5f8251a] set TAG_NEW=0,DB DEBUG,fe_LotRecipeRowCheckCreateByRecipe,c05dcd762e4b4b5a99224c48445d7683,3
63214,06/05/2026 07:21:18,INSERT in LOT_RECIPE_ROW TAG: [GI4_RECIPE_Data_OP30_PTL_28_Cell] value: [0] (FROM RECIPE_ROW) recipeId: [1c226049b88d4ae18078974cac91acc9] tagID=[1064907859704583a8bb1acb185d83ab] set TAG_NEW=0,DB DEBUG,fe_LotRecipeRowCheckCreateByRecipe,c05dcd762e4b4b5a99224c48445d7683,3
63213,06/05/2026 07:21:18,INSERT in LOT_RECIPE_ROW TAG: [GI4_RECIPE_Data_OP30_PTL_15_PartNumber] value: [] (FROM RECIPE_ROW) recipeId: [1c226049b88d4ae18078974cac91acc9] tagID=[0f861d9887f547c4a700d24785651f0c] set TAG_NEW=0,DB DEBUG,fe_LotRecipeRowCheckCreateByRecipe,c05dcd762e4b4b5a99224c48445d7683,3
63212,06/05/2026 07:21:18,INSERT in LOT_RECIPE_ROW TAG: [GI4_RECIPE_Data_OP10_PTL_3_PartNumber] value: [314.0060.0.00] (FROM RECIPE_ROW) recipeId: [1c226049b88d4ae18078974cac91acc9] tagID=[0ecb09489ff542bdbdd43d40a6c9512f] set TAG_NEW=0,DB DEBUG,fe_LotRecipeRowCheckCreateByRecipe,c05dcd762e4b4b5a99224c48445d7683,3
63211,06/05/2026 07:21:18,INSERT in LOT_RECIPE_ROW TAG: [GI4_RECIPE_Data_OP30_PTL_14_Cell] value: [12] (FROM RECIPE_ROW) recipeId: [1c226049b88d4ae18078974cac91acc9] tagID=[0cf9f78a5123498ab6e2b33cc7e7cdb5] set TAG_NEW=0,DB DEBUG,fe_LotRecipeRowCheckCreateByRecipe,c05dcd762e4b4b5a99224c48445d7683,3
63210,06/05/2026 07:21:18,INSERT in LOT_RECIPE_ROW TAG: [GI4_RECIPE_Data_OP10_PTL_31_Qta] value: [0] (FROM RECIPE_ROW) recipeId: [1c226049b88d4ae18078974cac91acc9] tagID=[0cae3beb3c844e07b0495201a61d0a6b] set TAG_NEW=0,DB DEBUG,fe_LotRecipeRowCheckCreateByRecipe,c05dcd762e4b4b5a99224c48445d7683,3
63209,06/05/2026 07:21:18,INSERT in LOT_RECIPE_ROW TAG: [GI4_RECIPE_Data_OP30_PTL_8_Description] value: [AN.ANTIESTR.PIASTRA SNP3] (FROM RECIPE_ROW) recipeId: [1c226049b88d4ae18078974cac91acc9] tagID=[0c50c86c64814102b8bf9d50bea4121c] set TAG_NEW=0,DB DEBUG,fe_LotRecipeRowCheckCreateByRecipe,c05dcd762e4b4b5a99224c48445d7683,3
63208,06/05/2026 07:21:18,INSERT in LOT_RECIPE_ROW TAG: [GI4_RECIPE_Data_OP30_PTL_24_Description] value: [] (FROM RECIPE_ROW) recipeId: [1c226049b88d4ae18078974cac91acc9] tagID=[08e01c362a124f688baffd9b72b42d55] set TAG_NEW=0,DB DEBUG,fe_LotRecipeRowCheckCreateByRecipe,c05dcd762e4b4b5a99224c48445d7683,3
63207,06/05/2026 07:21:18,INSERT in LOT_RECIPE_ROW TAG: [GI4_RECIPE_Data_OP10_PTL_25_PartNumber] value: [] (FROM RECIPE_ROW) recipeId: [1c226049b88d4ae18078974cac91acc9] tagID=[08c052c80fc44199978244ded6f644a8] set TAG_NEW=0,DB DEBUG,fe_LotRecipeRowCheckCreateByRecipe,c05dcd762e4b4b5a99224c48445d7683,3
63206,06/05/2026 07:21:18,INSERT in LOT_RECIPE_ROW TAG: [GI4_RECIPE_Data_OP10_PTL_23_CellUnion] value: [0] (FROM RECIPE_ROW) recipeId: [1c226049b88d4ae18078974cac91acc9] tagID=[08a1b948dc2b43adb6f3a5f05a6e7c10] set TAG_NEW=0,DB DEBUG,fe_LotRecipeRowCheckCreateByRecipe,c05dcd762e4b4b5a99224c48445d7683,3
63205,06/05/2026 07:21:18,INSERT in LOT_RECIPE_ROW TAG: [GI4_RECIPE_Data_OP30_PTL_25_Cell] value: [0] (FROM RECIPE_ROW) recipeId: [1c226049b88d4ae18078974cac91acc9] tagID=[0825757efe7a4a17ad0a2f68fc354c13] set TAG_NEW=0,DB DEBUG,fe_LotRecipeRowCheckCreateByRecipe,c05dcd762e4b4b5a99224c48445d7683,3
63204,06/05/2026 07:21:18,INSERT in LOT_RECIPE_ROW TAG: [GI4_RECIPE_Data_OP30_PTL_2_Qta] value: [25] (FROM RECIPE_ROW) recipeId: [1c226049b88d4ae18078974cac91acc9] tagID=[0595c7172ef94685bfe9c025f6ad73b0] set TAG_NEW=0,DB DEBUG,fe_LotRecipeRowCheckCreateByRecipe,c05dcd762e4b4b5a99224c48445d7683,3
63203,06/05/2026 07:21:18,INSERT in LOT_RECIPE_ROW TAG: [GI4_RECIPE_Data_OP30_PTL_24_PartNumber] value: [] (FROM RECIPE_ROW) recipeId: [1c226049b88d4ae18078974cac91acc9] tagID=[04e5d1459c974a708aa383b3539f6b54] set TAG_NEW=0,DB DEBUG,fe_LotRecipeRowCheckCreateByRecipe,c05dcd762e4b4b5a99224c48445d7683,3
63202,06/05/2026 07:21:18,INSERT in LOT_RECIPE_ROW TAG: [GI4_RECIPE_Data_OP30_PTL_14_CellUnion] value: [0] (FROM RECIPE_ROW) recipeId: [1c226049b88d4ae18078974cac91acc9] tagID=[03fe10dfb8324b348a02ff128543273e] set TAG_NEW=0,DB DEBUG,fe_LotRecipeRowCheckCreateByRecipe,c05dcd762e4b4b5a99224c48445d7683,3
63201,06/05/2026 07:21:18,INSERT in LOT_RECIPE_ROW TAG: [GI4_RECIPE_Data_OP30_PTL_26_CellUnion] value: [0] (FROM RECIPE_ROW) recipeId: [1c226049b88d4ae18078974cac91acc9] tagID=[03eff61cd6c4460ab6aa437ee0a2cc4f] set TAG_NEW=0,DB DEBUG,fe_LotRecipeRowCheckCreateByRecipe,c05dcd762e4b4b5a99224c48445d7683,3
63200,06/05/2026 07:21:18,INSERT in LOT_RECIPE_ROW TAG: [GI4_RECIPE_Data_OP30_PTL_2_PartNumber] value: [11180057] (FROM RECIPE_ROW) recipeId: [1c226049b88d4ae18078974cac91acc9] tagID=[02b85a6445fd4f509ff0590d881cbfd7] set TAG_NEW=0,DB DEBUG,fe_LotRecipeRowCheckCreateByRecipe,c05dcd762e4b4b5a99224c48445d7683,3
63199,06/05/2026 07:21:18,INSERT in LOT_RECIPE_ROW TAG: [GI4_RECIPE_Data_OP30_PTL_19_Cell] value: [0] (FROM RECIPE_ROW) recipeId: [1c226049b88d4ae18078974cac91acc9] tagID=[02b3ddb59fc142e19bc8f2344bfb4f72] set TAG_NEW=0,DB DEBUG,fe_LotRecipeRowCheckCreateByRecipe,c05dcd762e4b4b5a99224c48445d7683,3
63198,06/05/2026 07:21:18,INSERT in LOT_RECIPE_ROW TAG: [GI4_RECIPE_Data_OP10_PTL_11_Cell] value: [0] (FROM RECIPE_ROW) recipeId: [1c226049b88d4ae18078974cac91acc9] tagID=[01f796dc632e41b4ab097c1ecabb4b0f] set TAG_NEW=0,DB DEBUG,fe_LotRecipeRowCheckCreateByRecipe,c05dcd762e4b4b5a99224c48445d7683,3
63197,06/05/2026 07:21:18,INSERT in LOT_RECIPE_ROW TAG: [GI4_RECIPE_Data_OP10_PTL_9_Qta] value: [0] (FROM RECIPE_ROW) recipeId: [1c226049b88d4ae18078974cac91acc9] tagID=[01b54df8c5c8431fbdfa8884310acd28] set TAG_NEW=0,DB DEBUG,fe_LotRecipeRowCheckCreateByRecipe,c05dcd762e4b4b5a99224c48445d7683,3
63196,06/05/2026 07:21:18,INSERT in LOT_RECIPE_ROW TAG: [GI4_RECIPE_Data_OP10_PTL_19_CellUnion] value: [0] (FROM RECIPE_ROW) recipeId: [1c226049b88d4ae18078974cac91acc9] tagID=[010d32c109574379bfeff5dd778e4596] set TAG_NEW=0,DB DEBUG,fe_LotRecipeRowCheckCreateByRecipe,c05dcd762e4b4b5a99224c48445d7683,3
63195,06/05/2026 07:21:18,INSERT in LOT_RECIPE_ROW TAG: [GI4_RECIPE_Data_OP10_PTL_9_Cell] value: [0] (FROM RECIPE_ROW) recipeId: [1c226049b88d4ae18078974cac91acc9] tagID=[00bf0c48f06d421fa49b67d755982f66] set TAG_NEW=0,DB DEBUG,fe_LotRecipeRowCheckCreateByRecipe,c05dcd762e4b4b5a99224c48445d7683,3
63194,06/05/2026 07:21:18,INSERT in LOT_RECIPE_ROW TAG: [GI4_RECIPE_Data_OP30_PTL_2_Description] value: [TARGHETTA ADESIVA GRIGIA 44x2] (FROM RECIPE_ROW) recipeId: [1c226049b88d4ae18078974cac91acc9] tagID=[00b1fda64a62469b8e3742551e16ce95] set TAG_NEW=0,DB DEBUG,fe_LotRecipeRowCheckCreateByRecipe,c05dcd762e4b4b5a99224c48445d7683,3
63524,06/05/2026 07:21:19,Cambiato Lotto/ricetta in coda - LotNew=[88982d36e0de494a804b3f0d9cdb7cb6] era [NULL]; RecipeNew=[1c226049b88d4ae18078974cac91acc9].[NULL era [1].[(NULL),DB DEBUG,fid_MachineFindSetNextLot,c05dcd762e4b4b5a99224c48445d7683,3
63523,06/05/2026 07:21:19,Elaboro lotti in coda per linea=fc0ef60c8da844d5a531b293ac0b857b,DB DEBUG,fe_LineSetNextLot,fc0ef60c8da844d5a531b293ac0b857b,3
63525,06/05/2026 07:21:19,Lotto [59938541}] ricetta [211.25.447.0A-59938541] ver [1] wasLotPresent=0 wasRecipePresent=0 insertedRows=328 updatedRows=0,NODE-RED,CheckCreateLotDone,c05dcd762e4b4b5a99224c48445d7683,0
63611,06/05/2026 07:21:29,set TAG = [GI4_RECIPE_Data_OP30_PTL_14_Qta].value_tag=[12] era [0] tagID=[1e1a67aab00c40568e55d6a9cb7e929c],DB DEBUG,fid_MachineNextLotStart,null,3
63610,06/05/2026 07:21:29,set TAG = [GI4_RECIPE_Data_OP30_PTL_14_PartNumber].value_text=[5713.54.2579] era [] tagID=[adc6dee299e94b74a6c5d5d7fc477174],DB DEBUG,fid_MachineNextLotStart,null,3
63609,06/05/2026 07:21:29,set TAG = [GI4_RECIPE_Data_OP30_PTL_14_Description].value_text=[TCCE M10x30 UNI5931-12K- br.] era [] tagID=[4812e17c8ac14e9a9c0ef1b4b4696b0b],DB DEBUG,fid_MachineNextLotStart,null,3
63608,06/05/2026 07:21:29,set TAG = [GI4_RECIPE_Data_OP30_PTL_14_Cell].value_tag=[12] era [0] tagID=[0cf9f78a5123498ab6e2b33cc7e7cdb5],DB DEBUG,fid_MachineNextLotStart,null,3
63607,06/05/2026 07:21:29,set TAG = [GI4_RECIPE_Data_OP30_PTL_13_Qta].value_tag=[25] era [0] tagID=[374dd1ca558346c198cd868b38086280],DB DEBUG,fid_MachineNextLotStart,null,3
63606,06/05/2026 07:21:29,set TAG = [GI4_RECIPE_Data_OP30_PTL_13_PartNumber].value_text=[5020.02.0009] era [] tagID=[4419482991d445749bca6c4b6b6b4edc],DB DEBUG,fid_MachineNextLotStart,null,3
63605,06/05/2026 07:21:29,"set TAG = [GI4_RECIPE_Data_OP30_PTL_13_Description].value_text=[RONDELLA DI RAME 10,5x16x1 S7] era [] tagID=[fc7c0d2bb0404817a3b5522808550b35]",DB DEBUG,fid_MachineNextLotStart,null,3
63604,06/05/2026 07:21:29,set TAG = [GI4_RECIPE_Data_OP30_PTL_13_Cell].value_tag=[24] era [0] tagID=[322607fdab0d48e482f702551a084233],DB DEBUG,fid_MachineNextLotStart,null,3
63603,06/05/2026 07:21:29,set TAG = [GI4_RECIPE_Data_OP30_PTL_12_Qta].value_tag=[12] era [0] tagID=[e272e191e59948aeb7ea87968fe68743],DB DEBUG,fid_MachineNextLotStart,null,3
63602,06/05/2026 07:21:29,set TAG = [GI4_RECIPE_Data_OP30_PTL_12_PartNumber].value_text=[5011.31.2215] era [] tagID=[1897909b17784365ae9be36b71a37912],DB DEBUG,fid_MachineNextLotStart,null,3
63601,06/05/2026 07:21:29,set TAG = [GI4_RECIPE_Data_OP30_PTL_12_Description].value_text=[SPINA COLL. D.8x15 sim. UNI E] era [] tagID=[9968ccfe92584960b1373e007a2970ca],DB DEBUG,fid_MachineNextLotStart,null,3
63600,06/05/2026 07:21:29,set TAG = [GI4_RECIPE_Data_OP30_PTL_12_Cell].value_tag=[30] era [0] tagID=[60941a4aae8f4f1a9ce01295056d6dd6],DB DEBUG,fid_MachineNextLotStart,null,3
63599,06/05/2026 07:21:29,set TAG = [GI4_RECIPE_Data_OP30_PTL_11_Qta].value_tag=[12] era [0] tagID=[7485e62704ef4a809acab6146f70165f],DB DEBUG,fid_MachineNextLotStart,null,3
63598,06/05/2026 07:21:29,set TAG = [GI4_RECIPE_Data_OP30_PTL_11_PartNumber].value_text=[11282842] era [] tagID=[48aacd5c08a34d18bbf3bb7419fa3ab4],DB DEBUG,fid_MachineNextLotStart,null,3
63597,06/05/2026 07:21:29,"set TAG = [GI4_RECIPE_Data_OP30_PTL_11_Description].value_text=[PRE-SHAPED  OR SEAL88,57 x 2,] era [] tagID=[8221d86a3f8d40afa93cc9f830cee8ce]",DB DEBUG,fid_MachineNextLotStart,null,3
63596,06/05/2026 07:21:29,set TAG = [GI4_RECIPE_Data_OP30_PTL_11_Cell].value_tag=[29] era [0] tagID=[ad7f7fe44f0a4a5cbd5acbab5052351e],DB DEBUG,fid_MachineNextLotStart,null,3
63595,06/05/2026 07:21:29,set TAG = [GI4_RECIPE_Data_OP30_PTL_10_Qta].value_tag=[1] era [0] tagID=[48e969b5856d4c9d82336b1e072b1bba],DB DEBUG,fid_MachineNextLotStart,null,3
63594,06/05/2026 07:21:29,set TAG = [GI4_RECIPE_Data_OP30_PTL_10_PartNumber].value_text=[MEZZO CORPO] era [] tagID=[3a58c2366cbe4e0a840abbf4b877bace],DB DEBUG,fid_MachineNextLotStart,null,3
63593,06/05/2026 07:21:29,set TAG = [GI4_RECIPE_Data_OP30_PTL_10_Description].value_text=[MEZZO CORPO INSERIMENTO BOCCOLE] era [] tagID=[c106b0472bc946af8adb552982d35391],DB DEBUG,fid_MachineNextLotStart,null,3
63592,06/05/2026 07:21:29,set TAG = [GI4_RECIPE_Data_OP30_PTL_10_Cell].value_tag=[32] era [0] tagID=[7a725dc198044ac18b7412e722838ca5],DB DEBUG,fid_MachineNextLotStart,null,3
63591,06/05/2026 07:21:29,set TAG = [GI4_RECIPE_Data_OP30_PTL_9_Qta].value_tag=[12] era [0] tagID=[520695cbf77546e5812b02406ba8f089],DB DEBUG,fid_MachineNextLotStart,null,3
63590,06/05/2026 07:21:29,set TAG = [GI4_RECIPE_Data_OP30_PTL_9_PartNumber].value_text=[314.0060.0.00] era [] tagID=[fc2257a112b54dc2a793c18e6f620bae],DB DEBUG,fid_MachineNextLotStart,null,3
63589,06/05/2026 07:21:29,set TAG = [GI4_RECIPE_Data_OP30_PTL_9_Description].value_text=[GUAR.DI CONT. BOCC.SNP3] era [] tagID=[1b395e351c7a424faee5b72d6916e004],DB DEBUG,fid_MachineNextLotStart,null,3
63588,06/05/2026 07:21:29,set TAG = [GI4_RECIPE_Data_OP30_PTL_9_Cell].value_tag=[21] era [0] tagID=[1e41bea737484150b9810803137db848],DB DEBUG,fid_MachineNextLotStart,null,3
63587,06/05/2026 07:21:29,set TAG = [GI4_RECIPE_Data_OP30_PTL_8_Qta].value_tag=[12] era [0] tagID=[85fb34eba80d4fb38ad706d6bc51c136],DB DEBUG,fid_MachineNextLotStart,null,3
63586,06/05/2026 07:21:29,set TAG = [GI4_RECIPE_Data_OP30_PTL_8_PartNumber].value_text=[313.0039.1.00] era [] tagID=[7807e14906eb46aa9f1939eb0ad14cc8],DB DEBUG,fid_MachineNextLotStart,null,3
63585,06/05/2026 07:21:29,set TAG = [GI4_RECIPE_Data_OP30_PTL_8_Description].value_text=[AN.ANTIESTR.PIASTRA SNP3] era [] tagID=[0c50c86c64814102b8bf9d50bea4121c],DB DEBUG,fid_MachineNextLotStart,null,3
63584,06/05/2026 07:21:29,set TAG = [GI4_RECIPE_Data_OP30_PTL_8_Cell].value_tag=[23] era [0] tagID=[bb92791e866e4d888fd699bdab2462a3],DB DEBUG,fid_MachineNextLotStart,null,3
63583,06/05/2026 07:21:29,set TAG = [GI4_RECIPE_Data_OP30_PTL_7_Qta].value_tag=[12] era [0] tagID=[3640890fbc5649c38727f3cec1b1e5f2],DB DEBUG,fid_MachineNextLotStart,null,3
63582,06/05/2026 07:21:29,set TAG = [GI4_RECIPE_Data_OP30_PTL_7_PartNumber].value_text=[314.0059.0.00] era [] tagID=[dfbda0b35a5c49b8819953f342e53512],DB DEBUG,fid_MachineNextLotStart,null,3
63581,06/05/2026 07:21:29,set TAG = [GI4_RECIPE_Data_OP30_PTL_7_Description].value_text=[GUAR.BILANC.PIASTRA SNP3] era [] tagID=[94025c26c59641fa8ca85675332ce390],DB DEBUG,fid_MachineNextLotStart,null,3
63580,06/05/2026 07:21:29,set TAG = [GI4_RECIPE_Data_OP30_PTL_7_Cell].value_tag=[22] era [0] tagID=[8da5355aad07486dafba036bfff05750],DB DEBUG,fid_MachineNextLotStart,null,3
63579,06/05/2026 07:21:29,set TAG = [GI4_RECIPE_Data_OP30_PTL_6_Qta].value_tag=[25] era [0] tagID=[d8586c93e6cf42cf8b806d67a901041c],DB DEBUG,fid_MachineNextLotStart,null,3
63578,06/05/2026 07:21:29,set TAG = [GI4_RECIPE_Data_OP30_PTL_6_PartNumber].value_text=[5725.20.3795] era [] tagID=[b8b9fa36e33a4e14a2374c935ab0585d],DB DEBUG,fid_MachineNextLotStart,null,3
63577,06/05/2026 07:21:29,set TAG = [GI4_RECIPE_Data_OP30_PTL_6_Description].value_text=[SEEGER 42 UNI 7437] era [] tagID=[3fbdcfa4cbe54f72b48bbfa700784f6d],DB DEBUG,fid_MachineNextLotStart,null,3
63576,06/05/2026 07:21:29,set TAG = [GI4_RECIPE_Data_OP30_PTL_5_Qta].value_tag=[25] era [0] tagID=[17e58e802fdb4886a00ee2df555cccc2],DB DEBUG,fid_MachineNextLotStart,null,3
63575,06/05/2026 07:21:29,set TAG = [GI4_RECIPE_Data_OP30_PTL_5_PartNumber].value_text=[5009.01.0034] era [] tagID=[d3ef201d06a94d69bb216c88bf4a33ea],DB DEBUG,fid_MachineNextLotStart,null,3
63574,06/05/2026 07:21:29,set TAG = [GI4_RECIPE_Data_OP30_PTL_5_Description].value_text=[TAPPO PER FORO DIAM. 27] era [] tagID=[e53c254a4d5645ba96ad637a909db04d],DB DEBUG,fid_MachineNextLotStart,null,3
63573,06/05/2026 07:21:29,set TAG = [GI4_RECIPE_Data_OP30_PTL_4_Qta].value_tag=[25] era [0] tagID=[7ca06a06c6814e5482f933de89dca8a1],DB DEBUG,fid_MachineNextLotStart,null,3
63572,06/05/2026 07:21:29,set TAG = [GI4_RECIPE_Data_OP30_PTL_4_PartNumber].value_text=[5009.01.0021] era [] tagID=[db25e4537dce4403bb74d9bd31294088],DB DEBUG,fid_MachineNextLotStart,null,3
63571,06/05/2026 07:21:29,set TAG = [GI4_RECIPE_Data_OP30_PTL_4_Description].value_text=[TAPPO PER FORO DIAM. 48] era [] tagID=[85dd705906f34a43a06a48e2fa5562d0],DB DEBUG,fid_MachineNextLotStart,null,3
63570,06/05/2026 07:21:29,set TAG = [GI4_RECIPE_Data_OP30_PTL_3_Qta].value_tag=[25] era [0] tagID=[f5092d456a0f4d6ba72d15f5021c30ef],DB DEBUG,fid_MachineNextLotStart,null,3
63569,06/05/2026 07:21:29,set TAG = [GI4_RECIPE_Data_OP30_PTL_3_PartNumber].value_text=[5009.01.0004] era [] tagID=[4ed4ea17a6e443da814e915f4e0eebca],DB DEBUG,fid_MachineNextLotStart,null,3
63568,06/05/2026 07:21:29,set TAG = [GI4_RECIPE_Data_OP30_PTL_3_Description].value_text=[TAPPO PER FORO DIAM. 20] era [] tagID=[6c0199243d38436b93a2b418272ded79],DB DEBUG,fid_MachineNextLotStart,null,3
63567,06/05/2026 07:21:29,set TAG = [GI4_RECIPE_Data_OP30_PTL_2_Qta].value_tag=[25] era [0] tagID=[0595c7172ef94685bfe9c025f6ad73b0],DB DEBUG,fid_MachineNextLotStart,null,3
63566,06/05/2026 07:21:29,set TAG = [GI4_RECIPE_Data_OP30_PTL_2_PartNumber].value_text=[11180057] era [] tagID=[02b85a6445fd4f509ff0590d881cbfd7],DB DEBUG,fid_MachineNextLotStart,null,3
63565,06/05/2026 07:21:29,set TAG = [GI4_RECIPE_Data_OP30_PTL_2_Description].value_text=[TARGHETTA ADESIVA GRIGIA 44x2] era [] tagID=[00b1fda64a62469b8e3742551e16ce95],DB DEBUG,fid_MachineNextLotStart,null,3
63564,06/05/2026 07:21:29,set TAG = [GI4_RECIPE_Data_OP30_PTL_1_Qta].value_tag=[25] era [0] tagID=[d65957a68f104b35b957c4a45caf82c7],DB DEBUG,fid_MachineNextLotStart,null,3
63563,06/05/2026 07:21:29,set TAG = [GI4_RECIPE_Data_OP30_PTL_1_PartNumber].value_text=[11096890] era [] tagID=[7ce37947270449218f875eea849a2044],DB DEBUG,fid_MachineNextLotStart,null,3
63562,06/05/2026 07:21:29,"set TAG = [GI4_RECIPE_Data_OP30_PTL_1_Description].value_text=[AN.TEN. AS-HP25x42x6/6,5  DIN] era [] tagID=[6edf7c9599df40aaa064ea22db7144e7]",DB DEBUG,fid_MachineNextLotStart,null,3
63561,06/05/2026 07:21:29,set TAG = [GI4_RECIPE_Data_OP10_PTL_7_Qta].value_tag=[12] era [0] tagID=[d25c3d47b2b94538ba9fac551fd3af4b],DB DEBUG,fid_MachineNextLotStart,null,3
63560,06/05/2026 07:21:29,set TAG = [GI4_RECIPE_Data_OP10_PTL_7_PartNumber].value_text=[5713.54.2579] era [] tagID=[81ede46cf2a0429eb773b4da4e5f1846],DB DEBUG,fid_MachineNextLotStart,null,3
63559,06/05/2026 07:21:29,set TAG = [GI4_RECIPE_Data_OP10_PTL_7_Description].value_text=[TCCE M10x30 UNI5931-12K- br.] era [] tagID=[ac7747aadd5a48bc8af7192c4715ad52],DB DEBUG,fid_MachineNextLotStart,null,3
63558,06/05/2026 07:21:29,set TAG = [GI4_RECIPE_Data_OP10_PTL_7_Cell].value_tag=[13] era [0] tagID=[db50e99aa2c24f838f434a2528b515a5],DB DEBUG,fid_MachineNextLotStart,null,3
63557,06/05/2026 07:21:29,set TAG = [GI4_RECIPE_Data_OP10_PTL_6_Qta].value_tag=[12] era [0] tagID=[149871b6a096497a9ec64f62ca13eb4b],DB DEBUG,fid_MachineNextLotStart,null,3
63556,06/05/2026 07:21:29,set TAG = [GI4_RECIPE_Data_OP10_PTL_6_PartNumber].value_text=[5011.31.2215] era [] tagID=[f7ab839aa8ad49d8a42784dccb4de06a],DB DEBUG,fid_MachineNextLotStart,null,3
63555,06/05/2026 07:21:29,set TAG = [GI4_RECIPE_Data_OP10_PTL_6_Description].value_text=[SPINA COLL. D.8x15 sim. UNI E] era [] tagID=[8888b6c2b336454ea1dde3d0e777e26c],DB DEBUG,fid_MachineNextLotStart,null,3
63554,06/05/2026 07:21:29,set TAG = [GI4_RECIPE_Data_OP10_PTL_6_Cell].value_tag=[28] era [0] tagID=[9ca743ce62c64ec19306f9a7f58ee4b2],DB DEBUG,fid_MachineNextLotStart,null,3
63553,06/05/2026 07:21:29,set TAG = [GI4_RECIPE_Data_OP10_PTL_5_Qta].value_tag=[12] era [0] tagID=[2b5decc799564bc88555d022c4ea85a3],DB DEBUG,fid_MachineNextLotStart,null,3
63552,06/05/2026 07:21:29,set TAG = [GI4_RECIPE_Data_OP10_PTL_5_PartNumber].value_text=[11282842] era [] tagID=[4680db2a528748c2a56f1bfc1c19e36f],DB DEBUG,fid_MachineNextLotStart,null,3
63551,06/05/2026 07:21:29,"set TAG = [GI4_RECIPE_Data_OP10_PTL_5_Description].value_text=[PRE-SHAPED  OR SEAL88,57 x 2,] era [] tagID=[5a96b79ffc2047719c43e74778112047]",DB DEBUG,fid_MachineNextLotStart,null,3
63550,06/05/2026 07:21:29,set TAG = [GI4_RECIPE_Data_OP10_PTL_5_Cell].value_tag=[27] era [0] tagID=[d666969d2ef44fd2ae1aba775b049a59],DB DEBUG,fid_MachineNextLotStart,null,3
63549,06/05/2026 07:21:29,set TAG = [GI4_RECIPE_Data_OP10_PTL_4_Qta].value_tag=[1] era [0] tagID=[142c9d2d9d404cae81c1f59ae4da360d],DB DEBUG,fid_MachineNextLotStart,null,3
63548,06/05/2026 07:21:29,set TAG = [GI4_RECIPE_Data_OP10_PTL_4_PartNumber].value_text=[MEZZO CORPO] era [] tagID=[c72ce596a083481fba045f168c9a6b39],DB DEBUG,fid_MachineNextLotStart,null,3
63547,06/05/2026 07:21:29,set TAG = [GI4_RECIPE_Data_OP10_PTL_4_Description].value_text=[MEZZO CORPO INSERIMENTO BOCCOLE] era [] tagID=[490e6e11bbd44c5f92fcf23dcb7868d6],DB DEBUG,fid_MachineNextLotStart,null,3
63546,06/05/2026 07:21:29,set TAG = [GI4_RECIPE_Data_OP10_PTL_4_Cell].value_tag=[32] era [0] tagID=[336e0993097945d5b1a95047881dcb0d],DB DEBUG,fid_MachineNextLotStart,null,3
63545,06/05/2026 07:21:29,set TAG = [GI4_RECIPE_Data_OP10_PTL_3_Qta].value_tag=[12] era [0] tagID=[64b99ad7f39b4af1a1e9626de282e024],DB DEBUG,fid_MachineNextLotStart,null,3
63544,06/05/2026 07:21:29,set TAG = [GI4_RECIPE_Data_OP10_PTL_3_PartNumber].value_text=[314.0060.0.00] era [] tagID=[0ecb09489ff542bdbdd43d40a6c9512f],DB DEBUG,fid_MachineNextLotStart,null,3
63543,06/05/2026 07:21:29,set TAG = [GI4_RECIPE_Data_OP10_PTL_3_Description].value_text=[GUAR.DI CONT. BOCC.SNP3] era [] tagID=[ed4ebb4df0674166b847678c553a27d8],DB DEBUG,fid_MachineNextLotStart,null,3
63542,06/05/2026 07:21:29,set TAG = [GI4_RECIPE_Data_OP10_PTL_3_Cell].value_tag=[29] era [0] tagID=[49b0dafee5f943f0a8d84312bad8611a],DB DEBUG,fid_MachineNextLotStart,null,3
63541,06/05/2026 07:21:29,set TAG = [GI4_RECIPE_Data_OP10_PTL_2_Qta].value_tag=[12] era [0] tagID=[698b5b93bb8a41d5809063524e865c1b],DB DEBUG,fid_MachineNextLotStart,null,3
63540,06/05/2026 07:21:29,set TAG = [GI4_RECIPE_Data_OP10_PTL_2_PartNumber].value_text=[313.0039.1.00] era [] tagID=[97725c7e1be64b50af0a8ea3be69c4ab],DB DEBUG,fid_MachineNextLotStart,null,3
63539,06/05/2026 07:21:29,set TAG = [GI4_RECIPE_Data_OP10_PTL_2_Description].value_text=[AN.ANTIESTR.PIASTRA SNP3] era [] tagID=[692cff3bc5bb4dbcae04e9c68f313072],DB DEBUG,fid_MachineNextLotStart,null,3
63538,06/05/2026 07:21:29,set TAG = [GI4_RECIPE_Data_OP10_PTL_2_Cell].value_tag=[22] era [0] tagID=[bf8911c5ef4d46cca50bc6607b301bcb],DB DEBUG,fid_MachineNextLotStart,null,3
63537,06/05/2026 07:21:29,set TAG = [GI4_RECIPE_Data_OP10_PTL_1_Qta].value_tag=[12] era [0] tagID=[5a21fa6644594e34bb4c27ec532841c5],DB DEBUG,fid_MachineNextLotStart,null,3
63536,06/05/2026 07:21:29,set TAG = [GI4_RECIPE_Data_OP10_PTL_1_PartNumber].value_text=[314.0059.0.00] era [] tagID=[7eee7b9b5d3f4f3385918cf9bb6b7875],DB DEBUG,fid_MachineNextLotStart,null,3
63535,06/05/2026 07:21:29,set TAG = [GI4_RECIPE_Data_OP10_PTL_1_Description].value_text=[GUAR.BILANC.PIASTRA SNP3] era [] tagID=[d6291a14f33944dfa23f56376299e43c],DB DEBUG,fid_MachineNextLotStart,null,3
63534,06/05/2026 07:21:29,set TAG = [GI4_RECIPE_Data_OP10_PTL_1_Cell].value_tag=[21] era [0] tagID=[445a0a3d4bb74ef4a33c63abd027367f],DB DEBUG,fid_MachineNextLotStart,null,3
63533,06/05/2026 07:21:29,set TAG = [GI4_RECIPE_Data_QtaOrd].value_tag=[25] era [0] tagID=[651c889b30e34366b6504e28badaf6ad],DB DEBUG,fid_MachineNextLotStart,null,3
63532,06/05/2026 07:21:29,set TAG = [GI4_RECIPE_Data_ScrewProgram].value_tag=[1] era [0] tagID=[d512b9acdfc144c5a79d23a266dcbe3d],DB DEBUG,fid_MachineNextLotStart,null,3
63531,06/05/2026 07:21:29,set TAG = [GI4_RECIPE_Data_PrintType].value_tag=[1] era [0] tagID=[319e60a433a54b1986e7af6ab5b36d6e],DB DEBUG,fid_MachineNextLotStart,null,3
63530,06/05/2026 07:21:29,set TAG = [GI4_RECIPE_Data_PartNumber].value_text=[211.25.447.0A] era [] tagID=[c83d6a238f06459f8a8779a32bb67758],DB DEBUG,fid_MachineNextLotStart,null,3
63529,06/05/2026 07:21:29,set TAG = [GI4_RECIPE_Data_Orientation].value_tag=[1] era [0] tagID=[659d2725213c419598cd5309a512dc6c],DB DEBUG,fid_MachineNextLotStart,null,3
63528,06/05/2026 07:21:29,set TAG = [GI4_RECIPE_Data_MasterModelCode].value_text=[SNW3NN/022LN07SLNNCAC7NNNN/NNNNN] era [] tagID=[2295f1d9dbe3459691489299eb02429f],DB DEBUG,fid_MachineNextLotStart,null,3
63527,06/05/2026 07:21:29,RECIPE HAS NO CHANGES; LOT: 88982d36e0de494a804b3f0d9cdb7cb6; RECIPE: 1c226049b88d4ae18078974cac91acc9,DB,fe_LotRecipeRowCheckCreateByRecipe,c05dcd762e4b4b5a99224c48445d7683,0
63526,06/05/2026 07:21:29,i_machine_id=[c05dcd762e4b4b5a99224c48445d7683]v_next_lot_id=[88982d36e0de494a804b3f0d9cdb7cb6]v_recipe_id=[1c226049b88d4ae18078974cac91acc9]v_recipe_version=[1]v_recipe_not_to_send=[0]v_update_to_last_recipe=[1]v_count_forced=[0],DB DEBUG,fid_MachineNextLotStart,null,3
63613,06/05/2026 07:21:36,Cambiato Lotto/ricetta in coda - LotNew=[NULL] era [88982d36e0de494a804b3f0d9cdb7cb6]; RecipeNew=[NULL].[1c226049b88d4ae18078974cac91acc9 era [(NULL)].[1,DB DEBUG,fid_MachineFindSetNextLot,c05dcd762e4b4b5a99224c48445d7683,3
63612,06/05/2026 07:21:36,Elaboro lotti in coda per linea=fc0ef60c8da844d5a531b293ac0b857b,DB DEBUG,fe_LineSetNextLot,fc0ef60c8da844d5a531b293ac0b857b,3
63614,06/05/2026 07:21:36,Cambio Lotto avvenuto con successo - macchina:c05dcd762e4b4b5a99224c48445d7683 lotto:,NODE-RED,NextLotStartDone,c05dcd762e4b4b5a99224c48445d7683,0
63615,06/05/2026 08:33:27,Azzera lotto attivo in macchina - ACTIVE_LOT_ID = NULL,DB DEBUG,sp_LotEndOnPlc,c05dcd762e4b4b5a99224c48445d7683,3
63616,06/05/2026 08:33:27,CHIUDO LOT_MACHINE(lot:88982d36e0de494a804b3f0d9cdb7cb6;machine:c05dcd762e4b4b5a99224c48445d7683) stsLot:4; stsStart:20,DB DEBUG,sp_LotMachineCloseOther,c05dcd762e4b4b5a99224c48445d7683,3
63617,06/05/2026 08:33:27,Elaboro lotti in coda per linea=fc0ef60c8da844d5a531b293ac0b857b,DB DEBUG,fe_LineSetNextLot,fc0ef60c8da844d5a531b293ac0b857b,3
63618,06/05/2026 08:33:43,Lotto [59938541}] ricetta [211.25.447.0A-59938541] ver [1] wasLotPresent=1 wasRecipePresent=1 insertedRows=0 updatedRows=0,NODE-RED,CheckCreateLotDone,c05dcd762e4b4b5a99224c48445d7683,0
63947,06/05/2026 08:34:24,ROWS CREATED/UPDATED 328; LOT: 6b495ccc4a654e51ae0d234e1c73d99a; RECIPE: 51d35ca6312844c3b65e14f623d1f162,DB,fe_LotRecipeRowCheckCreateByRecipe,c05dcd762e4b4b5a99224c48445d7683,0
63946,06/05/2026 08:34:24,INSERT in LOT_RECIPE_ROW TAG: [GI4_RECIPE_Data_OP10_PTL_14_Description] value: [] (FROM RECIPE_ROW) recipeId: [51d35ca6312844c3b65e14f623d1f162] tagID=[ff5f86aa8935495ebafe9cc8a04f010d] set TAG_NEW=0,DB DEBUG,fe_LotRecipeRowCheckCreateByRecipe,c05dcd762e4b4b5a99224c48445d7683,3
63945,06/05/2026 08:34:24,INSERT in LOT_RECIPE_ROW TAG: [GI4_RECIPE_Data_OP30_PTL_20_CellUnion] value: [0] (FROM RECIPE_ROW) recipeId: [51d35ca6312844c3b65e14f623d1f162] tagID=[fce237bc68594e2eabdc6cb046c16942] set TAG_NEW=0,DB DEBUG,fe_LotRecipeRowCheckCreateByRecipe,c05dcd762e4b4b5a99224c48445d7683,3
63944,06/05/2026 08:34:24,"INSERT in LOT_RECIPE_ROW TAG: [GI4_RECIPE_Data_OP30_PTL_13_Description] value: [RONDELLA DI RAME 10,5x16x1 S7] (FROM RECIPE_ROW) recipeId: [51d35ca6312844c3b65e14f623d1f162] tagID=[fc7c0d2bb0404817a3b5522808550b35] set TAG_NEW=0",DB DEBUG,fe_LotRecipeRowCheckCreateByRecipe,c05dcd762e4b4b5a99224c48445d7683,3
63943,06/05/2026 08:34:24,INSERT in LOT_RECIPE_ROW TAG: [GI4_RECIPE_Data_OP30_PTL_9_PartNumber] value: [314.0060.0.00] (FROM RECIPE_ROW) recipeId: [51d35ca6312844c3b65e14f623d1f162] tagID=[fc2257a112b54dc2a793c18e6f620bae] set TAG_NEW=0,DB DEBUG,fe_LotRecipeRowCheckCreateByRecipe,c05dcd762e4b4b5a99224c48445d7683,3
63942,06/05/2026 08:34:24,INSERT in LOT_RECIPE_ROW TAG: [GI4_RECIPE_Data_OP30_PTL_18_Qta] value: [0] (FROM RECIPE_ROW) recipeId: [51d35ca6312844c3b65e14f623d1f162] tagID=[fbaa718a6f79489791c6078feeef72b7] set TAG_NEW=0,DB DEBUG,fe_LotRecipeRowCheckCreateByRecipe,c05dcd762e4b4b5a99224c48445d7683,3
63941,06/05/2026 08:34:24,INSERT in LOT_RECIPE_ROW TAG: [GI4_RECIPE_Data_OP10_PTL_31_Cell] value: [0] (FROM RECIPE_ROW) recipeId: [51d35ca6312844c3b65e14f623d1f162] tagID=[fb8d0c02ebab45d2bc0d2c8de4d6a79c] set TAG_NEW=0,DB DEBUG,fe_LotRecipeRowCheckCreateByRecipe,c05dcd762e4b4b5a99224c48445d7683,3
63940,06/05/2026 08:34:24,INSERT in LOT_RECIPE_ROW TAG: [GI4_RECIPE_Data_OP10_PTL_20_Description] value: [] (FROM RECIPE_ROW) recipeId: [51d35ca6312844c3b65e14f623d1f162] tagID=[fa48aff35e18435bad4be161c3272962] set TAG_NEW=0,DB DEBUG,fe_LotRecipeRowCheckCreateByRecipe,c05dcd762e4b4b5a99224c48445d7683,3
63939,06/05/2026 08:34:24,INSERT in LOT_RECIPE_ROW TAG: [GI4_RECIPE_Data_OP10_PTL_29_PartNumber] value: [] (FROM RECIPE_ROW) recipeId: [51d35ca6312844c3b65e14f623d1f162] tagID=[f862b30adadf4701af27264d8f168a33] set TAG_NEW=0,DB DEBUG,fe_LotRecipeRowCheckCreateByRecipe,c05dcd762e4b4b5a99224c48445d7683,3
63938,06/05/2026 08:34:24,INSERT in LOT_RECIPE_ROW TAG: [GI4_RECIPE_Data_OP30_PTL_1_Cell] value: [0] (FROM RECIPE_ROW) recipeId: [51d35ca6312844c3b65e14f623d1f162] tagID=[f7bf91d82ec84d33a1063238fb891ff0] set TAG_NEW=0,DB DEBUG,fe_LotRecipeRowCheckCreateByRecipe,c05dcd762e4b4b5a99224c48445d7683,3
63937,06/05/2026 08:34:24,INSERT in LOT_RECIPE_ROW TAG: [GI4_RECIPE_Data_OP10_PTL_6_PartNumber] value: [5011.31.2215] (FROM RECIPE_ROW) recipeId: [51d35ca6312844c3b65e14f623d1f162] tagID=[f7ab839aa8ad49d8a42784dccb4de06a] set TAG_NEW=0,DB DEBUG,fe_LotRecipeRowCheckCreateByRecipe,c05dcd762e4b4b5a99224c48445d7683,3
63936,06/05/2026 08:34:24,INSERT in LOT_RECIPE_ROW TAG: [GI4_RECIPE_Data_OP10_PTL_26_PartNumber] value: [] (FROM RECIPE_ROW) recipeId: [51d35ca6312844c3b65e14f623d1f162] tagID=[f776a20b0ffa4196ac72dd0cd1592556] set TAG_NEW=0,DB DEBUG,fe_LotRecipeRowCheckCreateByRecipe,c05dcd762e4b4b5a99224c48445d7683,3
63935,06/05/2026 08:34:24,INSERT in LOT_RECIPE_ROW TAG: [GI4_RECIPE_Data_OP10_PTL_26_Qta] value: [0] (FROM RECIPE_ROW) recipeId: [51d35ca6312844c3b65e14f623d1f162] tagID=[f75b5630895645378efe2bc6b6c0414b] set TAG_NEW=0,DB DEBUG,fe_LotRecipeRowCheckCreateByRecipe,c05dcd762e4b4b5a99224c48445d7683,3
63934,06/05/2026 08:34:24,INSERT in LOT_RECIPE_ROW TAG: [GI4_RECIPE_Data_OP10_PTL_26_Description] value: [] (FROM RECIPE_ROW) recipeId: [51d35ca6312844c3b65e14f623d1f162] tagID=[f69107804d514517aedb88aed8771094] set TAG_NEW=0,DB DEBUG,fe_LotRecipeRowCheckCreateByRecipe,c05dcd762e4b4b5a99224c48445d7683,3
63933,06/05/2026 08:34:24,INSERT in LOT_RECIPE_ROW TAG: [GI4_RECIPE_Data_OP10_PTL_32_CellUnion] value: [0] (FROM RECIPE_ROW) recipeId: [51d35ca6312844c3b65e14f623d1f162] tagID=[f63566928b984caca3d9e3cd128949aa] set TAG_NEW=0,DB DEBUG,fe_LotRecipeRowCheckCreateByRecipe,c05dcd762e4b4b5a99224c48445d7683,3
63932,06/05/2026 08:34:24,INSERT in LOT_RECIPE_ROW TAG: [GI4_RECIPE_Data_OP30_PTL_3_Qta] value: [20] (FROM RECIPE_ROW) recipeId: [51d35ca6312844c3b65e14f623d1f162] tagID=[f5092d456a0f4d6ba72d15f5021c30ef] set TAG_NEW=0,DB DEBUG,fe_LotRecipeRowCheckCreateByRecipe,c05dcd762e4b4b5a99224c48445d7683,3
63931,06/05/2026 08:34:24,INSERT in LOT_RECIPE_ROW TAG: [GI4_RECIPE_Data_OP10_PTL_26_CellUnion] value: [0] (FROM RECIPE_ROW) recipeId: [51d35ca6312844c3b65e14f623d1f162] tagID=[f4f9c7bc80fd4159a647f1e0df6999c4] set TAG_NEW=0,DB DEBUG,fe_LotRecipeRowCheckCreateByRecipe,c05dcd762e4b4b5a99224c48445d7683,3
63930,06/05/2026 08:34:24,INSERT in LOT_RECIPE_ROW TAG: [GI4_RECIPE_Data_OP10_PTL_13_CellUnion] value: [0] (FROM RECIPE_ROW) recipeId: [51d35ca6312844c3b65e14f623d1f162] tagID=[f3e3235d2d9a43498727f0d3bb6d5813] set TAG_NEW=0,DB DEBUG,fe_LotRecipeRowCheckCreateByRecipe,c05dcd762e4b4b5a99224c48445d7683,3
63929,06/05/2026 08:34:24,INSERT in LOT_RECIPE_ROW TAG: [GI4_RECIPE_Data_OP10_PTL_32_PartNumber] value: [] (FROM RECIPE_ROW) recipeId: [51d35ca6312844c3b65e14f623d1f162] tagID=[f3b7aa068e2046828472c6595f30f660] set TAG_NEW=0,DB DEBUG,fe_LotRecipeRowCheckCreateByRecipe,c05dcd762e4b4b5a99224c48445d7683,3
63928,06/05/2026 08:34:24,INSERT in LOT_RECIPE_ROW TAG: [GI4_RECIPE_Data_OP10_PTL_8_Description] value: [] (FROM RECIPE_ROW) recipeId: [51d35ca6312844c3b65e14f623d1f162] tagID=[f30a2cf393c54c92ad6ec87a9e19aaf9] set TAG_NEW=0,DB DEBUG,fe_LotRecipeRowCheckCreateByRecipe,c05dcd762e4b4b5a99224c48445d7683,3
63927,06/05/2026 08:34:24,INSERT in LOT_RECIPE_ROW TAG: [GI4_RECIPE_Data_OP10_PTL_28_CellUnion] value: [0] (FROM RECIPE_ROW) recipeId: [51d35ca6312844c3b65e14f623d1f162] tagID=[f2416656c6b64e1a8857ca7db5455647] set TAG_NEW=0,DB DEBUG,fe_LotRecipeRowCheckCreateByRecipe,c05dcd762e4b4b5a99224c48445d7683,3
63926,06/05/2026 08:34:24,INSERT in LOT_RECIPE_ROW TAG: [GI4_RECIPE_Data_OP30_PTL_21_CellUnion] value: [0] (FROM RECIPE_ROW) recipeId: [51d35ca6312844c3b65e14f623d1f162] tagID=[f217397b0b5d4df680453eaa9e1e66c2] set TAG_NEW=0,DB DEBUG,fe_LotRecipeRowCheckCreateByRecipe,c05dcd762e4b4b5a99224c48445d7683,3
63925,06/05/2026 08:34:24,INSERT in LOT_RECIPE_ROW TAG: [GI4_RECIPE_Data_QtaDone] value: [0] (FROM RECIPE_ROW) recipeId: [51d35ca6312844c3b65e14f623d1f162] tagID=[f190a4c4537840aea6df363fd513026a] set TAG_NEW=0,DB DEBUG,fe_LotRecipeRowCheckCreateByRecipe,c05dcd762e4b4b5a99224c48445d7683,3
63924,06/05/2026 08:34:24,INSERT in LOT_RECIPE_ROW TAG: [GI4_RECIPE_Data_OP30_PTL_23_Description] value: [] (FROM RECIPE_ROW) recipeId: [51d35ca6312844c3b65e14f623d1f162] tagID=[f05cf5b190ad44a4aa74be67b4f47a4e] set TAG_NEW=0,DB DEBUG,fe_LotRecipeRowCheckCreateByRecipe,c05dcd762e4b4b5a99224c48445d7683,3
63923,06/05/2026 08:34:24,INSERT in LOT_RECIPE_ROW TAG: [GI4_RECIPE_Data_OP10_PTL_14_Cell] value: [0] (FROM RECIPE_ROW) recipeId: [51d35ca6312844c3b65e14f623d1f162] tagID=[ef973a2153a9457f819f04821531200a] set TAG_NEW=0,DB DEBUG,fe_LotRecipeRowCheckCreateByRecipe,c05dcd762e4b4b5a99224c48445d7683,3
63922,06/05/2026 08:34:24,INSERT in LOT_RECIPE_ROW TAG: [GI4_RECIPE_Data_OP30_PTL_28_CellUnion] value: [0] (FROM RECIPE_ROW) recipeId: [51d35ca6312844c3b65e14f623d1f162] tagID=[edad4e2a28f54d41ad667d29dcbad1cc] set TAG_NEW=0,DB DEBUG,fe_LotRecipeRowCheckCreateByRecipe,c05dcd762e4b4b5a99224c48445d7683,3
63921,06/05/2026 08:34:24,INSERT in LOT_RECIPE_ROW TAG: [GI4_RECIPE_Data_OP10_PTL_3_Description] value: [GUAR.DI CONT. BOCC.SNP3] (FROM RECIPE_ROW) recipeId: [51d35ca6312844c3b65e14f623d1f162] tagID=[ed4ebb4df0674166b847678c553a27d8] set TAG_NEW=0,DB DEBUG,fe_LotRecipeRowCheckCreateByRecipe,c05dcd762e4b4b5a99224c48445d7683,3
63920,06/05/2026 08:34:24,INSERT in LOT_RECIPE_ROW TAG: [GI4_RECIPE_Data_OP10_PTL_23_Description] value: [] (FROM RECIPE_ROW) recipeId: [51d35ca6312844c3b65e14f623d1f162] tagID=[ed37b1d14e694e758a7f79cafc355cf4] set TAG_NEW=0,DB DEBUG,fe_LotRecipeRowCheckCreateByRecipe,c05dcd762e4b4b5a99224c48445d7683,3
63919,06/05/2026 08:34:24,INSERT in LOT_RECIPE_ROW TAG: [GI4_RECIPE_Data_OP30_PTL_17_Qta] value: [0] (FROM RECIPE_ROW) recipeId: [51d35ca6312844c3b65e14f623d1f162] tagID=[ed0f4ff5e80b483abd0c4e253163a0d0] set TAG_NEW=0,DB DEBUG,fe_LotRecipeRowCheckCreateByRecipe,c05dcd762e4b4b5a99224c48445d7683,3
63918,06/05/2026 08:34:24,INSERT in LOT_RECIPE_ROW TAG: [GI4_RECIPE_Data_OP30_PTL_29_CellUnion] value: [0] (FROM RECIPE_ROW) recipeId: [51d35ca6312844c3b65e14f623d1f162] tagID=[eb3f3c74f10049cb84bd30a9ebfe909f] set TAG_NEW=0,DB DEBUG,fe_LotRecipeRowCheckCreateByRecipe,c05dcd762e4b4b5a99224c48445d7683,3
63917,06/05/2026 08:34:24,INSERT in LOT_RECIPE_ROW TAG: [GI4_RECIPE_Data_OP10_PTL_25_Description] value: [] (FROM RECIPE_ROW) recipeId: [51d35ca6312844c3b65e14f623d1f162] tagID=[eb1be58597a84e53bec0e1de8479f201] set TAG_NEW=0,DB DEBUG,fe_LotRecipeRowCheckCreateByRecipe,c05dcd762e4b4b5a99224c48445d7683,3
63916,06/05/2026 08:34:24,INSERT in LOT_RECIPE_ROW TAG: [GI4_RECIPE_Data_OP10_PTL_17_Cell] value: [0] (FROM RECIPE_ROW) recipeId: [51d35ca6312844c3b65e14f623d1f162] tagID=[eae39ac2a01746088c87bc2efe8043ce] set TAG_NEW=0,DB DEBUG,fe_LotRecipeRowCheckCreateByRecipe,c05dcd762e4b4b5a99224c48445d7683,3
63915,06/05/2026 08:34:24,INSERT in LOT_RECIPE_ROW TAG: [GI4_RECIPE_Data_OP10_PTL_24_PartNumber] value: [] (FROM RECIPE_ROW) recipeId: [51d35ca6312844c3b65e14f623d1f162] tagID=[ea551020792c43dfa88a235f4fe51bcf] set TAG_NEW=0,DB DEBUG,fe_LotRecipeRowCheckCreateByRecipe,c05dcd762e4b4b5a99224c48445d7683,3
63914,06/05/2026 08:34:24,INSERT in LOT_RECIPE_ROW TAG: [GI4_RECIPE_Data_OP30_PTL_25_Qta] value: [0] (FROM RECIPE_ROW) recipeId: [51d35ca6312844c3b65e14f623d1f162] tagID=[ea0cd52f94d0490b8c3a6dd3b39af23d] set TAG_NEW=0,DB DEBUG,fe_LotRecipeRowCheckCreateByRecipe,c05dcd762e4b4b5a99224c48445d7683,3
63913,06/05/2026 08:34:24,INSERT in LOT_RECIPE_ROW TAG: [GI4_RECIPE_Data_OP10_PTL_23_Cell] value: [0] (FROM RECIPE_ROW) recipeId: [51d35ca6312844c3b65e14f623d1f162] tagID=[e8258d79246e48ee99ea01457b4c60ff] set TAG_NEW=0,DB DEBUG,fe_LotRecipeRowCheckCreateByRecipe,c05dcd762e4b4b5a99224c48445d7683,3
63912,06/05/2026 08:34:24,INSERT in LOT_RECIPE_ROW TAG: [GI4_RECIPE_Data_OP30_PTL_5_Description] value: [TAPPO PER FORO DIAM. 27] (FROM RECIPE_ROW) recipeId: [51d35ca6312844c3b65e14f623d1f162] tagID=[e53c254a4d5645ba96ad637a909db04d] set TAG_NEW=0,DB DEBUG,fe_LotRecipeRowCheckCreateByRecipe,c05dcd762e4b4b5a99224c48445d7683,3
63911,06/05/2026 08:34:24,INSERT in LOT_RECIPE_ROW TAG: [GI4_RECIPE_Data_OP10_PTL_5_CellUnion] value: [0] (FROM RECIPE_ROW) recipeId: [51d35ca6312844c3b65e14f623d1f162] tagID=[e36cb249a51144fcab3b255cd363eb04] set TAG_NEW=0,DB DEBUG,fe_LotRecipeRowCheckCreateByRecipe,c05dcd762e4b4b5a99224c48445d7683,3
63910,06/05/2026 08:34:24,INSERT in LOT_RECIPE_ROW TAG: [GI4_RECIPE_Data_OP10_PTL_21_Cell] value: [0] (FROM RECIPE_ROW) recipeId: [51d35ca6312844c3b65e14f623d1f162] tagID=[e306e5db0b134cbfbb4d284cc8112e52] set TAG_NEW=0,DB DEBUG,fe_LotRecipeRowCheckCreateByRecipe,c05dcd762e4b4b5a99224c48445d7683,3
63909,06/05/2026 08:34:24,INSERT in LOT_RECIPE_ROW TAG: [GI4_RECIPE_Data_OP30_PTL_26_Description] value: [] (FROM RECIPE_ROW) recipeId: [51d35ca6312844c3b65e14f623d1f162] tagID=[e2c718d710ce489dbf803fba340ebaab] set TAG_NEW=0,DB DEBUG,fe_LotRecipeRowCheckCreateByRecipe,c05dcd762e4b4b5a99224c48445d7683,3
63908,06/05/2026 08:34:24,INSERT in LOT_RECIPE_ROW TAG: [GI4_RECIPE_Data_OP30_PTL_12_Qta] value: [10] (FROM RECIPE_ROW) recipeId: [51d35ca6312844c3b65e14f623d1f162] tagID=[e272e191e59948aeb7ea87968fe68743] set TAG_NEW=0,DB DEBUG,fe_LotRecipeRowCheckCreateByRecipe,c05dcd762e4b4b5a99224c48445d7683,3
63907,06/05/2026 08:34:24,INSERT in LOT_RECIPE_ROW TAG: [GI4_RECIPE_Data_OP10_PTL_1_CellUnion] value: [0] (FROM RECIPE_ROW) recipeId: [51d35ca6312844c3b65e14f623d1f162] tagID=[e1dd704bed0c4c08ad13ea939bcc6975] set TAG_NEW=0,DB DEBUG,fe_LotRecipeRowCheckCreateByRecipe,c05dcd762e4b4b5a99224c48445d7683,3
63906,06/05/2026 08:34:24,INSERT in LOT_RECIPE_ROW TAG: [GI4_RECIPE_Data_OP30_PTL_15_CellUnion] value: [0] (FROM RECIPE_ROW) recipeId: [51d35ca6312844c3b65e14f623d1f162] tagID=[e13820d1064248a4b2b45a7155a439a0] set TAG_NEW=0,DB DEBUG,fe_LotRecipeRowCheckCreateByRecipe,c05dcd762e4b4b5a99224c48445d7683,3
63905,06/05/2026 08:34:24,INSERT in LOT_RECIPE_ROW TAG: [GI4_RECIPE_Data_OP10_PTL_19_Cell] value: [0] (FROM RECIPE_ROW) recipeId: [51d35ca6312844c3b65e14f623d1f162] tagID=[e02f1c7cc4bf4a7aa41fde139a74426e] set TAG_NEW=0,DB DEBUG,fe_LotRecipeRowCheckCreateByRecipe,c05dcd762e4b4b5a99224c48445d7683,3
63904,06/05/2026 08:34:24,INSERT in LOT_RECIPE_ROW TAG: [GI4_RECIPE_Data_OP30_PTL_7_PartNumber] value: [314.0059.0.00] (FROM RECIPE_ROW) recipeId: [51d35ca6312844c3b65e14f623d1f162] tagID=[dfbda0b35a5c49b8819953f342e53512] set TAG_NEW=0,DB DEBUG,fe_LotRecipeRowCheckCreateByRecipe,c05dcd762e4b4b5a99224c48445d7683,3
63903,06/05/2026 08:34:24,INSERT in LOT_RECIPE_ROW TAG: [GI4_RECIPE_Data_OP10_PTL_21_PartNumber] value: [] (FROM RECIPE_ROW) recipeId: [51d35ca6312844c3b65e14f623d1f162] tagID=[ddde32e8bc294db885e8931257aace8c] set TAG_NEW=0,DB DEBUG,fe_LotRecipeRowCheckCreateByRecipe,c05dcd762e4b4b5a99224c48445d7683,3
63902,06/05/2026 08:34:24,INSERT in LOT_RECIPE_ROW TAG: [GI4_RECIPE_Data_OP30_PTL_25_PartNumber] value: [] (FROM RECIPE_ROW) recipeId: [51d35ca6312844c3b65e14f623d1f162] tagID=[dd870214849b4005b0ff08e88a4f2cdb] set TAG_NEW=0,DB DEBUG,fe_LotRecipeRowCheckCreateByRecipe,c05dcd762e4b4b5a99224c48445d7683,3
63901,06/05/2026 08:34:24,INSERT in LOT_RECIPE_ROW TAG: [GI4_RECIPE_Data_OP30_PTL_17_PartNumber] value: [] (FROM RECIPE_ROW) recipeId: [51d35ca6312844c3b65e14f623d1f162] tagID=[dc6d34d72e764dc39923d42256ea925e] set TAG_NEW=0,DB DEBUG,fe_LotRecipeRowCheckCreateByRecipe,c05dcd762e4b4b5a99224c48445d7683,3
63900,06/05/2026 08:34:24,INSERT in LOT_RECIPE_ROW TAG: [GI4_RECIPE_Data_OP30_PTL_31_Qta] value: [0] (FROM RECIPE_ROW) recipeId: [51d35ca6312844c3b65e14f623d1f162] tagID=[db61411464a54b4d95d9485a139665b8] set TAG_NEW=0,DB DEBUG,fe_LotRecipeRowCheckCreateByRecipe,c05dcd762e4b4b5a99224c48445d7683,3
63899,06/05/2026 08:34:24,INSERT in LOT_RECIPE_ROW TAG: [GI4_RECIPE_Data_OP10_PTL_7_Cell] value: [13] (FROM RECIPE_ROW) recipeId: [51d35ca6312844c3b65e14f623d1f162] tagID=[db50e99aa2c24f838f434a2528b515a5] set TAG_NEW=0,DB DEBUG,fe_LotRecipeRowCheckCreateByRecipe,c05dcd762e4b4b5a99224c48445d7683,3
63898,06/05/2026 08:34:24,INSERT in LOT_RECIPE_ROW TAG: [GI4_RECIPE_Data_OP10_PTL_32_Description] value: [] (FROM RECIPE_ROW) recipeId: [51d35ca6312844c3b65e14f623d1f162] tagID=[db26141f0c364bf58cbb64cb2ffbb1b7] set TAG_NEW=0,DB DEBUG,fe_LotRecipeRowCheckCreateByRecipe,c05dcd762e4b4b5a99224c48445d7683,3
63897,06/05/2026 08:34:24,INSERT in LOT_RECIPE_ROW TAG: [GI4_RECIPE_Data_OP30_PTL_4_PartNumber] value: [5009.01.0021] (FROM RECIPE_ROW) recipeId: [51d35ca6312844c3b65e14f623d1f162] tagID=[db25e4537dce4403bb74d9bd31294088] set TAG_NEW=0,DB DEBUG,fe_LotRecipeRowCheckCreateByRecipe,c05dcd762e4b4b5a99224c48445d7683,3
63896,06/05/2026 08:34:24,INSERT in LOT_RECIPE_ROW TAG: [GI4_RECIPE_Data_OP10_PTL_18_Qta] value: [0] (FROM RECIPE_ROW) recipeId: [51d35ca6312844c3b65e14f623d1f162] tagID=[da9bdbf7d2d8445dbc0074564ae9e5d2] set TAG_NEW=0,DB DEBUG,fe_LotRecipeRowCheckCreateByRecipe,c05dcd762e4b4b5a99224c48445d7683,3
63895,06/05/2026 08:34:24,INSERT in LOT_RECIPE_ROW TAG: [GI4_RECIPE_Data_OP30_PTL_21_PartNumber] value: [] (FROM RECIPE_ROW) recipeId: [51d35ca6312844c3b65e14f623d1f162] tagID=[d9503fc762da49519d6310f41e4542a7] set TAG_NEW=0,DB DEBUG,fe_LotRecipeRowCheckCreateByRecipe,c05dcd762e4b4b5a99224c48445d7683,3
63894,06/05/2026 08:34:24,INSERT in LOT_RECIPE_ROW TAG: [GI4_RECIPE_Data_OP30_PTL_26_Cell] value: [0] (FROM RECIPE_ROW) recipeId: [51d35ca6312844c3b65e14f623d1f162] tagID=[d8cbe6e09d32402d928fc658dc0fd7af] set TAG_NEW=0,DB DEBUG,fe_LotRecipeRowCheckCreateByRecipe,c05dcd762e4b4b5a99224c48445d7683,3
63893,06/05/2026 08:34:24,INSERT in LOT_RECIPE_ROW TAG: [GI4_RECIPE_Data_OP10_PTL_9_Description] value: [] (FROM RECIPE_ROW) recipeId: [51d35ca6312844c3b65e14f623d1f162] tagID=[d8a1593280024ca8bcb63d18648172c0] set TAG_NEW=0,DB DEBUG,fe_LotRecipeRowCheckCreateByRecipe,c05dcd762e4b4b5a99224c48445d7683,3
63892,06/05/2026 08:34:24,INSERT in LOT_RECIPE_ROW TAG: [GI4_RECIPE_Data_OP30_PTL_6_Qta] value: [20] (FROM RECIPE_ROW) recipeId: [51d35ca6312844c3b65e14f623d1f162] tagID=[d8586c93e6cf42cf8b806d67a901041c] set TAG_NEW=0,DB DEBUG,fe_LotRecipeRowCheckCreateByRecipe,c05dcd762e4b4b5a99224c48445d7683,3
63891,06/05/2026 08:34:24,INSERT in LOT_RECIPE_ROW TAG: [GI4_RECIPE_Data_OP30_PTL_4_Cell] value: [0] (FROM RECIPE_ROW) recipeId: [51d35ca6312844c3b65e14f623d1f162] tagID=[d82e322e3913451fbedf33e5d18a7ec3] set TAG_NEW=0,DB DEBUG,fe_LotRecipeRowCheckCreateByRecipe,c05dcd762e4b4b5a99224c48445d7683,3
63890,06/05/2026 08:34:24,INSERT in LOT_RECIPE_ROW TAG: [GI4_RECIPE_Data_OP10_PTL_5_Cell] value: [27] (FROM RECIPE_ROW) recipeId: [51d35ca6312844c3b65e14f623d1f162] tagID=[d666969d2ef44fd2ae1aba775b049a59] set TAG_NEW=0,DB DEBUG,fe_LotRecipeRowCheckCreateByRecipe,c05dcd762e4b4b5a99224c48445d7683,3
63889,06/05/2026 08:34:24,INSERT in LOT_RECIPE_ROW TAG: [GI4_RECIPE_Data_OP30_PTL_1_Qta] value: [20] (FROM RECIPE_ROW) recipeId: [51d35ca6312844c3b65e14f623d1f162] tagID=[d65957a68f104b35b957c4a45caf82c7] set TAG_NEW=0,DB DEBUG,fe_LotRecipeRowCheckCreateByRecipe,c05dcd762e4b4b5a99224c48445d7683,3
63888,06/05/2026 08:34:24,INSERT in LOT_RECIPE_ROW TAG: [GI4_RECIPE_Data_OP10_PTL_1_Description] value: [GUAR.BILANC.PIASTRA SNP3] (FROM RECIPE_ROW) recipeId: [51d35ca6312844c3b65e14f623d1f162] tagID=[d6291a14f33944dfa23f56376299e43c] set TAG_NEW=0,DB DEBUG,fe_LotRecipeRowCheckCreateByRecipe,c05dcd762e4b4b5a99224c48445d7683,3
63887,06/05/2026 08:34:24,INSERT in LOT_RECIPE_ROW TAG: [GI4_RECIPE_Data_ScrewProgram] value: [1] (FROM RECIPE_ROW) recipeId: [51d35ca6312844c3b65e14f623d1f162] tagID=[d512b9acdfc144c5a79d23a266dcbe3d] set TAG_NEW=0,DB DEBUG,fe_LotRecipeRowCheckCreateByRecipe,c05dcd762e4b4b5a99224c48445d7683,3
63886,06/05/2026 08:34:24,INSERT in LOT_RECIPE_ROW TAG: [GI4_RECIPE_Data_OP30_PTL_22_CellUnion] value: [0] (FROM RECIPE_ROW) recipeId: [51d35ca6312844c3b65e14f623d1f162] tagID=[d4e0ceda11944ed7b53cc2a99755b63e] set TAG_NEW=0,DB DEBUG,fe_LotRecipeRowCheckCreateByRecipe,c05dcd762e4b4b5a99224c48445d7683,3
63885,06/05/2026 08:34:24,INSERT in LOT_RECIPE_ROW TAG: [GI4_RECIPE_Data_OP30_PTL_16_Description] value: [] (FROM RECIPE_ROW) recipeId: [51d35ca6312844c3b65e14f623d1f162] tagID=[d4dd1b0e36854cb0b97ca5a2083a5e97] set TAG_NEW=0,DB DEBUG,fe_LotRecipeRowCheckCreateByRecipe,c05dcd762e4b4b5a99224c48445d7683,3
63884,06/05/2026 08:34:24,INSERT in LOT_RECIPE_ROW TAG: [GI4_RECIPE_Data_OP30_PTL_27_CellUnion] value: [0] (FROM RECIPE_ROW) recipeId: [51d35ca6312844c3b65e14f623d1f162] tagID=[d4777004cf6048599c737b7fe2ffa0ef] set TAG_NEW=0,DB DEBUG,fe_LotRecipeRowCheckCreateByRecipe,c05dcd762e4b4b5a99224c48445d7683,3
63883,06/05/2026 08:34:24,INSERT in LOT_RECIPE_ROW TAG: [GI4_RECIPE_Data_OP30_PTL_23_Cell] value: [0] (FROM RECIPE_ROW) recipeId: [51d35ca6312844c3b65e14f623d1f162] tagID=[d400b964d19e4cce8117ab1651d779af] set TAG_NEW=0,DB DEBUG,fe_LotRecipeRowCheckCreateByRecipe,c05dcd762e4b4b5a99224c48445d7683,3
63882,06/05/2026 08:34:24,INSERT in LOT_RECIPE_ROW TAG: [GI4_RECIPE_Data_OP30_PTL_5_PartNumber] value: [5009.01.0034] (FROM RECIPE_ROW) recipeId: [51d35ca6312844c3b65e14f623d1f162] tagID=[d3ef201d06a94d69bb216c88bf4a33ea] set TAG_NEW=0,DB DEBUG,fe_LotRecipeRowCheckCreateByRecipe,c05dcd762e4b4b5a99224c48445d7683,3
63881,06/05/2026 08:34:24,INSERT in LOT_RECIPE_ROW TAG: [GI4_RECIPE_Data_OP10_PTL_7_Qta] value: [10] (FROM RECIPE_ROW) recipeId: [51d35ca6312844c3b65e14f623d1f162] tagID=[d25c3d47b2b94538ba9fac551fd3af4b] set TAG_NEW=0,DB DEBUG,fe_LotRecipeRowCheckCreateByRecipe,c05dcd762e4b4b5a99224c48445d7683,3
63880,06/05/2026 08:34:24,INSERT in LOT_RECIPE_ROW TAG: [GI4_RECIPE_Data_OP30_PTL_19_Qta] value: [0] (FROM RECIPE_ROW) recipeId: [51d35ca6312844c3b65e14f623d1f162] tagID=[d20b05552f07497ebda26ccb177f2dbc] set TAG_NEW=0,DB DEBUG,fe_LotRecipeRowCheckCreateByRecipe,c05dcd762e4b4b5a99224c48445d7683,3
63879,06/05/2026 08:34:24,INSERT in LOT_RECIPE_ROW TAG: [GI4_RECIPE_Data_OP30_PTL_18_Cell] value: [0] (FROM RECIPE_ROW) recipeId: [51d35ca6312844c3b65e14f623d1f162] tagID=[d1fb08f8dfe8459ca943cb806aafa3d7] set TAG_NEW=0,DB DEBUG,fe_LotRecipeRowCheckCreateByRecipe,c05dcd762e4b4b5a99224c48445d7683,3
63878,06/05/2026 08:34:24,INSERT in LOT_RECIPE_ROW TAG: [GI4_RECIPE_Data_OP30_PTL_16_Cell] value: [0] (FROM RECIPE_ROW) recipeId: [51d35ca6312844c3b65e14f623d1f162] tagID=[d123070cd4a345bc89bf30fe22794bc1] set TAG_NEW=0,DB DEBUG,fe_LotRecipeRowCheckCreateByRecipe,c05dcd762e4b4b5a99224c48445d7683,3
63877,06/05/2026 08:34:24,INSERT in LOT_RECIPE_ROW TAG: [GI4_RECIPE_Data_OP10_PTL_11_Description] value: [] (FROM RECIPE_ROW) recipeId: [51d35ca6312844c3b65e14f623d1f162] tagID=[cf808fdffd77430f9cf3082bfd2699df] set TAG_NEW=0,DB DEBUG,fe_LotRecipeRowCheckCreateByRecipe,c05dcd762e4b4b5a99224c48445d7683,3
63876,06/05/2026 08:34:24,INSERT in LOT_RECIPE_ROW TAG: [GI4_RECIPE_Data_OP10_PTL_11_Qta] value: [0] (FROM RECIPE_ROW) recipeId: [51d35ca6312844c3b65e14f623d1f162] tagID=[cc8c0e89be2048d186990555b1a44840] set TAG_NEW=0,DB DEBUG,fe_LotRecipeRowCheckCreateByRecipe,c05dcd762e4b4b5a99224c48445d7683,3
63875,06/05/2026 08:34:24,INSERT in LOT_RECIPE_ROW TAG: [GI4_RECIPE_Data_OP30_PTL_22_Description] value: [] (FROM RECIPE_ROW) recipeId: [51d35ca6312844c3b65e14f623d1f162] tagID=[cc597808527b4b459e0846ffb02480e1] set TAG_NEW=0,DB DEBUG,fe_LotRecipeRowCheckCreateByRecipe,c05dcd762e4b4b5a99224c48445d7683,3
63874,06/05/2026 08:34:24,INSERT in LOT_RECIPE_ROW TAG: [GI4_RECIPE_Data_OP10_PTL_9_PartNumber] value: [] (FROM RECIPE_ROW) recipeId: [51d35ca6312844c3b65e14f623d1f162] tagID=[cbb7678eb3b54ba8a956d341db4ff661] set TAG_NEW=0,DB DEBUG,fe_LotRecipeRowCheckCreateByRecipe,c05dcd762e4b4b5a99224c48445d7683,3
63873,06/05/2026 08:34:24,INSERT in LOT_RECIPE_ROW TAG: [GI4_RECIPE_Data_OP10_PTL_26_Cell] value: [0] (FROM RECIPE_ROW) recipeId: [51d35ca6312844c3b65e14f623d1f162] tagID=[cac61cb92d4b40bc984efe67651d8e4e] set TAG_NEW=0,DB DEBUG,fe_LotRecipeRowCheckCreateByRecipe,c05dcd762e4b4b5a99224c48445d7683,3
63872,06/05/2026 08:34:24,INSERT in LOT_RECIPE_ROW TAG: [GI4_RECIPE_Data_OP30_PTL_27_Qta] value: [0] (FROM RECIPE_ROW) recipeId: [51d35ca6312844c3b65e14f623d1f162] tagID=[c942d48f7ee4443ba82f2c656dd30ec2] set TAG_NEW=0,DB DEBUG,fe_LotRecipeRowCheckCreateByRecipe,c05dcd762e4b4b5a99224c48445d7683,3
63871,06/05/2026 08:34:24,INSERT in LOT_RECIPE_ROW TAG: [GI4_RECIPE_Data_PartNumber] value: [211.25.447.0A] (FROM RECIPE_ROW) recipeId: [51d35ca6312844c3b65e14f623d1f162] tagID=[c83d6a238f06459f8a8779a32bb67758] set TAG_NEW=0,DB DEBUG,fe_LotRecipeRowCheckCreateByRecipe,c05dcd762e4b4b5a99224c48445d7683,3
63870,06/05/2026 08:34:24,INSERT in LOT_RECIPE_ROW TAG: [GI4_RECIPE_Data_OP30_PTL_22_PartNumber] value: [] (FROM RECIPE_ROW) recipeId: [51d35ca6312844c3b65e14f623d1f162] tagID=[c76153368d324d41a1253e0e03e0e7d8] set TAG_NEW=0,DB DEBUG,fe_LotRecipeRowCheckCreateByRecipe,c05dcd762e4b4b5a99224c48445d7683,3
63869,06/05/2026 08:34:24,INSERT in LOT_RECIPE_ROW TAG: [GI4_RECIPE_Data_OP10_PTL_4_PartNumber] value: [MEZZO CORPO] (FROM RECIPE_ROW) recipeId: [51d35ca6312844c3b65e14f623d1f162] tagID=[c72ce596a083481fba045f168c9a6b39] set TAG_NEW=0,DB DEBUG,fe_LotRecipeRowCheckCreateByRecipe,c05dcd762e4b4b5a99224c48445d7683,3
63868,06/05/2026 08:34:24,INSERT in LOT_RECIPE_ROW TAG: [GI4_RECIPE_Data_OP10_PTL_30_Description] value: [] (FROM RECIPE_ROW) recipeId: [51d35ca6312844c3b65e14f623d1f162] tagID=[c56e92e2122a41b89779605bc0cf4fe5] set TAG_NEW=0,DB DEBUG,fe_LotRecipeRowCheckCreateByRecipe,c05dcd762e4b4b5a99224c48445d7683,3
63867,06/05/2026 08:34:24,INSERT in LOT_RECIPE_ROW TAG: [GI4_RECIPE_Data_OP10_PTL_16_Qta] value: [0] (FROM RECIPE_ROW) recipeId: [51d35ca6312844c3b65e14f623d1f162] tagID=[c4e63e6a207546dd9a0d7a51fd7a8467] set TAG_NEW=0,DB DEBUG,fe_LotRecipeRowCheckCreateByRecipe,c05dcd762e4b4b5a99224c48445d7683,3
63866,06/05/2026 08:34:24,INSERT in LOT_RECIPE_ROW TAG: [GI4_RECIPE_Data_OP10_PTL_4_CellUnion] value: [0] (FROM RECIPE_ROW) recipeId: [51d35ca6312844c3b65e14f623d1f162] tagID=[c3baf9c71d13472fa6cdaaca86f9002f] set TAG_NEW=0,DB DEBUG,fe_LotRecipeRowCheckCreateByRecipe,c05dcd762e4b4b5a99224c48445d7683,3
63865,06/05/2026 08:34:24,INSERT in LOT_RECIPE_ROW TAG: [GI4_RECIPE_Data_OP30_PTL_32_Description] value: [] (FROM RECIPE_ROW) recipeId: [51d35ca6312844c3b65e14f623d1f162] tagID=[c2b389e7b0dd4fa2bddfb6faa78caa2b] set TAG_NEW=0,DB DEBUG,fe_LotRecipeRowCheckCreateByRecipe,c05dcd762e4b4b5a99224c48445d7683,3
63864,06/05/2026 08:34:24,INSERT in LOT_RECIPE_ROW TAG: [GI4_RECIPE_Data_OP30_PTL_18_PartNumber] value: [] (FROM RECIPE_ROW) recipeId: [51d35ca6312844c3b65e14f623d1f162] tagID=[c26f43793c1d47c59d1e85e4b3346a7d] set TAG_NEW=0,DB DEBUG,fe_LotRecipeRowCheckCreateByRecipe,c05dcd762e4b4b5a99224c48445d7683,3
63863,06/05/2026 08:34:24,INSERT in LOT_RECIPE_ROW TAG: [GI4_RECIPE_Data_OP10_PTL_29_Description] value: [] (FROM RECIPE_ROW) recipeId: [51d35ca6312844c3b65e14f623d1f162] tagID=[c1af14d7f1ab4b289e63457352547ec8] set TAG_NEW=0,DB DEBUG,fe_LotRecipeRowCheckCreateByRecipe,c05dcd762e4b4b5a99224c48445d7683,3
63862,06/05/2026 08:34:24,INSERT in LOT_RECIPE_ROW TAG: [GI4_RECIPE_Data_OP10_PTL_20_PartNumber] value: [] (FROM RECIPE_ROW) recipeId: [51d35ca6312844c3b65e14f623d1f162] tagID=[c12fb192e4684af1a0076e569693b60a] set TAG_NEW=0,DB DEBUG,fe_LotRecipeRowCheckCreateByRecipe,c05dcd762e4b4b5a99224c48445d7683,3
63861,06/05/2026 08:34:24,INSERT in LOT_RECIPE_ROW TAG: [GI4_RECIPE_Data_OP30_PTL_10_Description] value: [MEZZO CORPO INSERIMENTO BOCCOLE] (FROM RECIPE_ROW) recipeId: [51d35ca6312844c3b65e14f623d1f162] tagID=[c106b0472bc946af8adb552982d35391] set TAG_NEW=0,DB DEBUG,fe_LotRecipeRowCheckCreateByRecipe,c05dcd762e4b4b5a99224c48445d7683,3
63860,06/05/2026 08:34:24,INSERT in LOT_RECIPE_ROW TAG: [GI4_RECIPE_Data_OP10_PTL_17_Description] value: [] (FROM RECIPE_ROW) recipeId: [51d35ca6312844c3b65e14f623d1f162] tagID=[c070a6bd45634e6cb48e3f33257074a4] set TAG_NEW=0,DB DEBUG,fe_LotRecipeRowCheckCreateByRecipe,c05dcd762e4b4b5a99224c48445d7683,3
63859,06/05/2026 08:34:24,INSERT in LOT_RECIPE_ROW TAG: [GI4_RECIPE_Data_OP10_PTL_2_Cell] value: [22] (FROM RECIPE_ROW) recipeId: [51d35ca6312844c3b65e14f623d1f162] tagID=[bf8911c5ef4d46cca50bc6607b301bcb] set TAG_NEW=0,DB DEBUG,fe_LotRecipeRowCheckCreateByRecipe,c05dcd762e4b4b5a99224c48445d7683,3
63858,06/05/2026 08:34:24,INSERT in LOT_RECIPE_ROW TAG: [GI4_RECIPE_Data_OP30_PTL_31_PartNumber] value: [] (FROM RECIPE_ROW) recipeId: [51d35ca6312844c3b65e14f623d1f162] tagID=[be5401d776254fb491ba083fe0c2c746] set TAG_NEW=0,DB DEBUG,fe_LotRecipeRowCheckCreateByRecipe,c05dcd762e4b4b5a99224c48445d7683,3
63857,06/05/2026 08:34:24,INSERT in LOT_RECIPE_ROW TAG: [GI4_RECIPE_Data_OP10_PTL_24_CellUnion] value: [0] (FROM RECIPE_ROW) recipeId: [51d35ca6312844c3b65e14f623d1f162] tagID=[be073a12937c458d84834dace368a187] set TAG_NEW=0,DB DEBUG,fe_LotRecipeRowCheckCreateByRecipe,c05dcd762e4b4b5a99224c48445d7683,3
63856,06/05/2026 08:34:24,INSERT in LOT_RECIPE_ROW TAG: [GI4_RECIPE_Data_OP30_PTL_29_Qta] value: [0] (FROM RECIPE_ROW) recipeId: [51d35ca6312844c3b65e14f623d1f162] tagID=[bc3fc782f88f41ee9ca37dbbf13c9a30] set TAG_NEW=0,DB DEBUG,fe_LotRecipeRowCheckCreateByRecipe,c05dcd762e4b4b5a99224c48445d7683,3
63855,06/05/2026 08:34:24,INSERT in LOT_RECIPE_ROW TAG: [GI4_RECIPE_Data_OP30_PTL_26_PartNumber] value: [] (FROM RECIPE_ROW) recipeId: [51d35ca6312844c3b65e14f623d1f162] tagID=[bc25f7ecf75e421c97fb25804c34fb13] set TAG_NEW=0,DB DEBUG,fe_LotRecipeRowCheckCreateByRecipe,c05dcd762e4b4b5a99224c48445d7683,3
63854,06/05/2026 08:34:24,INSERT in LOT_RECIPE_ROW TAG: [GI4_RECIPE_Data_OP10_PTL_27_PartNumber] value: [] (FROM RECIPE_ROW) recipeId: [51d35ca6312844c3b65e14f623d1f162] tagID=[bbd55296f3d9459c9cbced2ba6f0a77d] set TAG_NEW=0,DB DEBUG,fe_LotRecipeRowCheckCreateByRecipe,c05dcd762e4b4b5a99224c48445d7683,3
63853,06/05/2026 08:34:24,INSERT in LOT_RECIPE_ROW TAG: [GI4_RECIPE_Data_OP30_PTL_8_Cell] value: [23] (FROM RECIPE_ROW) recipeId: [51d35ca6312844c3b65e14f623d1f162] tagID=[bb92791e866e4d888fd699bdab2462a3] set TAG_NEW=0,DB DEBUG,fe_LotRecipeRowCheckCreateByRecipe,c05dcd762e4b4b5a99224c48445d7683,3
63852,06/05/2026 08:34:24,INSERT in LOT_RECIPE_ROW TAG: [GI4_RECIPE_Data_OP10_PTL_8_Cell] value: [0] (FROM RECIPE_ROW) recipeId: [51d35ca6312844c3b65e14f623d1f162] tagID=[b97671bc53ef430da0c80fcd2c7e6b05] set TAG_NEW=0,DB DEBUG,fe_LotRecipeRowCheckCreateByRecipe,c05dcd762e4b4b5a99224c48445d7683,3
63851,06/05/2026 08:34:24,INSERT in LOT_RECIPE_ROW TAG: [GI4_RECIPE_Data_OP30_PTL_6_PartNumber] value: [5725.20.3795] (FROM RECIPE_ROW) recipeId: [51d35ca6312844c3b65e14f623d1f162] tagID=[b8b9fa36e33a4e14a2374c935ab0585d] set TAG_NEW=0,DB DEBUG,fe_LotRecipeRowCheckCreateByRecipe,c05dcd762e4b4b5a99224c48445d7683,3
63850,06/05/2026 08:34:24,INSERT in LOT_RECIPE_ROW TAG: [GI4_RECIPE_Data_OP10_PTL_22_Qta] value: [0] (FROM RECIPE_ROW) recipeId: [51d35ca6312844c3b65e14f623d1f162] tagID=[b7d668115615414499c34d74a9b620e5] set TAG_NEW=0,DB DEBUG,fe_LotRecipeRowCheckCreateByRecipe,c05dcd762e4b4b5a99224c48445d7683,3
63849,06/05/2026 08:34:24,INSERT in LOT_RECIPE_ROW TAG: [GI4_RECIPE_Data_OP30_PTL_5_CellUnion] value: [0] (FROM RECIPE_ROW) recipeId: [51d35ca6312844c3b65e14f623d1f162] tagID=[b63c4febbeee4ebeaba4b956239c4c4e] set TAG_NEW=0,DB DEBUG,fe_LotRecipeRowCheckCreateByRecipe,c05dcd762e4b4b5a99224c48445d7683,3
63848,06/05/2026 08:34:24,INSERT in LOT_RECIPE_ROW TAG: [GI4_RECIPE_Data_OP10_PTL_25_Qta] value: [0] (FROM RECIPE_ROW) recipeId: [51d35ca6312844c3b65e14f623d1f162] tagID=[b5cbc5b84b64466789f2b58cc5e5bbb4] set TAG_NEW=0,DB DEBUG,fe_LotRecipeRowCheckCreateByRecipe,c05dcd762e4b4b5a99224c48445d7683,3
63847,06/05/2026 08:34:24,INSERT in LOT_RECIPE_ROW TAG: [GI4_RECIPE_Data_OP10_PTL_10_Qta] value: [0] (FROM RECIPE_ROW) recipeId: [51d35ca6312844c3b65e14f623d1f162] tagID=[affad80389084da3899b526e402ed673] set TAG_NEW=0,DB DEBUG,fe_LotRecipeRowCheckCreateByRecipe,c05dcd762e4b4b5a99224c48445d7683,3
63846,06/05/2026 08:34:24,INSERT in LOT_RECIPE_ROW TAG: [GI4_RECIPE_Data_OP30_PTL_14_PartNumber] value: [5713.54.2579] (FROM RECIPE_ROW) recipeId: [51d35ca6312844c3b65e14f623d1f162] tagID=[adc6dee299e94b74a6c5d5d7fc477174] set TAG_NEW=0,DB DEBUG,fe_LotRecipeRowCheckCreateByRecipe,c05dcd762e4b4b5a99224c48445d7683,3
63845,06/05/2026 08:34:24,INSERT in LOT_RECIPE_ROW TAG: [GI4_RECIPE_Data_OP30_PTL_30_CellUnion] value: [0] (FROM RECIPE_ROW) recipeId: [51d35ca6312844c3b65e14f623d1f162] tagID=[adc5415e252f479f81b9a6c599dbb9d0] set TAG_NEW=0,DB DEBUG,fe_LotRecipeRowCheckCreateByRecipe,c05dcd762e4b4b5a99224c48445d7683,3
63844,06/05/2026 08:34:24,INSERT in LOT_RECIPE_ROW TAG: [GI4_RECIPE_Data_OP30_PTL_11_Cell] value: [29] (FROM RECIPE_ROW) recipeId: [51d35ca6312844c3b65e14f623d1f162] tagID=[ad7f7fe44f0a4a5cbd5acbab5052351e] set TAG_NEW=0,DB DEBUG,fe_LotRecipeRowCheckCreateByRecipe,c05dcd762e4b4b5a99224c48445d7683,3
63843,06/05/2026 08:34:24,INSERT in LOT_RECIPE_ROW TAG: [GI4_RECIPE_Data_OP10_PTL_7_Description] value: [TCCE M10x30 UNI5931-12K- br.] (FROM RECIPE_ROW) recipeId: [51d35ca6312844c3b65e14f623d1f162] tagID=[ac7747aadd5a48bc8af7192c4715ad52] set TAG_NEW=0,DB DEBUG,fe_LotRecipeRowCheckCreateByRecipe,c05dcd762e4b4b5a99224c48445d7683,3
63842,06/05/2026 08:34:24,INSERT in LOT_RECIPE_ROW TAG: [GI4_RECIPE_Data_OP10_PTL_24_Qta] value: [0] (FROM RECIPE_ROW) recipeId: [51d35ca6312844c3b65e14f623d1f162] tagID=[ac05b3ef6b984070964f44c6a386b03e] set TAG_NEW=0,DB DEBUG,fe_LotRecipeRowCheckCreateByRecipe,c05dcd762e4b4b5a99224c48445d7683,3
63841,06/05/2026 08:34:24,INSERT in LOT_RECIPE_ROW TAG: [GI4_RECIPE_Data_OP10_PTL_19_Qta] value: [0] (FROM RECIPE_ROW) recipeId: [51d35ca6312844c3b65e14f623d1f162] tagID=[a854b6342fee41a6a95bf7a66f91f2f2] set TAG_NEW=0,DB DEBUG,fe_LotRecipeRowCheckCreateByRecipe,c05dcd762e4b4b5a99224c48445d7683,3
63840,06/05/2026 08:34:24,INSERT in LOT_RECIPE_ROW TAG: [GI4_RECIPE_Data_OP10_PTL_15_Qta] value: [0] (FROM RECIPE_ROW) recipeId: [51d35ca6312844c3b65e14f623d1f162] tagID=[a62c40231ea046c392bd93ca69a7eb93] set TAG_NEW=0,DB DEBUG,fe_LotRecipeRowCheckCreateByRecipe,c05dcd762e4b4b5a99224c48445d7683,3
63839,06/05/2026 08:34:24,INSERT in LOT_RECIPE_ROW TAG: [GI4_RECIPE_Data_OP10_PTL_12_Cell] value: [0] (FROM RECIPE_ROW) recipeId: [51d35ca6312844c3b65e14f623d1f162] tagID=[a536e08c7e0646a1a3bf8cbf76ff4d06] set TAG_NEW=0,DB DEBUG,fe_LotRecipeRowCheckCreateByRecipe,c05dcd762e4b4b5a99224c48445d7683,3
63838,06/05/2026 08:34:24,INSERT in LOT_RECIPE_ROW TAG: [GI4_RECIPE_Data_OP10_PTL_22_Cell] value: [0] (FROM RECIPE_ROW) recipeId: [51d35ca6312844c3b65e14f623d1f162] tagID=[a06dc51fecd4478cab7219b5a81f561e] set TAG_NEW=0,DB DEBUG,fe_LotRecipeRowCheckCreateByRecipe,c05dcd762e4b4b5a99224c48445d7683,3
63837,06/05/2026 08:34:24,INSERT in LOT_RECIPE_ROW TAG: [GI4_RECIPE_Data_OP10_PTL_8_CellUnion] value: [0] (FROM RECIPE_ROW) recipeId: [51d35ca6312844c3b65e14f623d1f162] tagID=[9f675bf8a3fc4baf9600424a6e6e7dfc] set TAG_NEW=0,DB DEBUG,fe_LotRecipeRowCheckCreateByRecipe,c05dcd762e4b4b5a99224c48445d7683,3
63836,06/05/2026 08:34:24,INSERT in LOT_RECIPE_ROW TAG: [GI4_RECIPE_Data_OP30_PTL_30_Description] value: [] (FROM RECIPE_ROW) recipeId: [51d35ca6312844c3b65e14f623d1f162] tagID=[9f49aa7d8fe74c4ebe0822c76b1d6809] set TAG_NEW=0,DB DEBUG,fe_LotRecipeRowCheckCreateByRecipe,c05dcd762e4b4b5a99224c48445d7683,3
63835,06/05/2026 08:34:24,INSERT in LOT_RECIPE_ROW TAG: [GI4_RECIPE_Data_OP10_PTL_3_CellUnion] value: [0] (FROM RECIPE_ROW) recipeId: [51d35ca6312844c3b65e14f623d1f162] tagID=[9f494ab1a6b240f0a92431fa148ecacd] set TAG_NEW=0,DB DEBUG,fe_LotRecipeRowCheckCreateByRecipe,c05dcd762e4b4b5a99224c48445d7683,3
63834,06/05/2026 08:34:24,INSERT in LOT_RECIPE_ROW TAG: [GI4_RECIPE_Data_OP30_PTL_23_CellUnion] value: [0] (FROM RECIPE_ROW) recipeId: [51d35ca6312844c3b65e14f623d1f162] tagID=[9f3ce9c5657c4081a44076684abed128] set TAG_NEW=0,DB DEBUG,fe_LotRecipeRowCheckCreateByRecipe,c05dcd762e4b4b5a99224c48445d7683,3
63833,06/05/2026 08:34:24,INSERT in LOT_RECIPE_ROW TAG: [GI4_RECIPE_Data_OP10_PTL_31_CellUnion] value: [0] (FROM RECIPE_ROW) recipeId: [51d35ca6312844c3b65e14f623d1f162] tagID=[9e841f7f5b044a1693ad08752fc3583d] set TAG_NEW=0,DB DEBUG,fe_LotRecipeRowCheckCreateByRecipe,c05dcd762e4b4b5a99224c48445d7683,3
63832,06/05/2026 08:34:24,INSERT in LOT_RECIPE_ROW TAG: [GI4_RECIPE_Data_OP30_PTL_26_Qta] value: [0] (FROM RECIPE_ROW) recipeId: [51d35ca6312844c3b65e14f623d1f162] tagID=[9da728b46768497c82e8ee97dab5c77f] set TAG_NEW=0,DB DEBUG,fe_LotRecipeRowCheckCreateByRecipe,c05dcd762e4b4b5a99224c48445d7683,3
63831,06/05/2026 08:34:24,INSERT in LOT_RECIPE_ROW TAG: [GI4_RECIPE_Data_OP30_PTL_29_Cell] value: [0] (FROM RECIPE_ROW) recipeId: [51d35ca6312844c3b65e14f623d1f162] tagID=[9d894fc434dd4e128348f7295f11a416] set TAG_NEW=0,DB DEBUG,fe_LotRecipeRowCheckCreateByRecipe,c05dcd762e4b4b5a99224c48445d7683,3
63830,06/05/2026 08:34:24,INSERT in LOT_RECIPE_ROW TAG: [GI4_RECIPE_Data_OP30_PTL_18_Description] value: [] (FROM RECIPE_ROW) recipeId: [51d35ca6312844c3b65e14f623d1f162] tagID=[9d6181a89a3b42b089cdea11cde8d5aa] set TAG_NEW=0,DB DEBUG,fe_LotRecipeRowCheckCreateByRecipe,c05dcd762e4b4b5a99224c48445d7683,3
63829,06/05/2026 08:34:24,INSERT in LOT_RECIPE_ROW TAG: [GI4_RECIPE_Data_OP10_PTL_6_Cell] value: [28] (FROM RECIPE_ROW) recipeId: [51d35ca6312844c3b65e14f623d1f162] tagID=[9ca743ce62c64ec19306f9a7f58ee4b2] set TAG_NEW=0,DB DEBUG,fe_LotRecipeRowCheckCreateByRecipe,c05dcd762e4b4b5a99224c48445d7683,3
63828,06/05/2026 08:34:24,INSERT in LOT_RECIPE_ROW TAG: [GI4_RECIPE_Data_OP30_PTL_12_Description] value: [SPINA COLL. D.8x15 sim. UNI E] (FROM RECIPE_ROW) recipeId: [51d35ca6312844c3b65e14f623d1f162] tagID=[9968ccfe92584960b1373e007a2970ca] set TAG_NEW=0,DB DEBUG,fe_LotRecipeRowCheckCreateByRecipe,c05dcd762e4b4b5a99224c48445d7683,3
63827,06/05/2026 08:34:24,INSERT in LOT_RECIPE_ROW TAG: [GI4_RECIPE_Data_OP30_PTL_15_Description] value: [] (FROM RECIPE_ROW) recipeId: [51d35ca6312844c3b65e14f623d1f162] tagID=[980dc20e83254cfa8b43b2e84a4dc2f3] set TAG_NEW=0,DB DEBUG,fe_LotRecipeRowCheckCreateByRecipe,c05dcd762e4b4b5a99224c48445d7683,3
63826,06/05/2026 08:34:24,INSERT in LOT_RECIPE_ROW TAG: [GI4_RECIPE_Data_OP10_PTL_2_PartNumber] value: [313.0039.1.00] (FROM RECIPE_ROW) recipeId: [51d35ca6312844c3b65e14f623d1f162] tagID=[97725c7e1be64b50af0a8ea3be69c4ab] set TAG_NEW=0,DB DEBUG,fe_LotRecipeRowCheckCreateByRecipe,c05dcd762e4b4b5a99224c48445d7683,3
63825,06/05/2026 08:34:24,INSERT in LOT_RECIPE_ROW TAG: [GI4_RECIPE_Data_OP10_PTL_30_Cell] value: [0] (FROM RECIPE_ROW) recipeId: [51d35ca6312844c3b65e14f623d1f162] tagID=[96e62cf2a766464aa0d7953351080569] set TAG_NEW=0,DB DEBUG,fe_LotRecipeRowCheckCreateByRecipe,c05dcd762e4b4b5a99224c48445d7683,3
63824,06/05/2026 08:34:24,INSERT in LOT_RECIPE_ROW TAG: [GI4_RECIPE_Data_OP30_PTL_15_Qta] value: [0] (FROM RECIPE_ROW) recipeId: [51d35ca6312844c3b65e14f623d1f162] tagID=[968856ca602e46fea96e5ad25133b385] set TAG_NEW=0,DB DEBUG,fe_LotRecipeRowCheckCreateByRecipe,c05dcd762e4b4b5a99224c48445d7683,3
63823,06/05/2026 08:34:24,INSERT in LOT_RECIPE_ROW TAG: [GI4_RECIPE_Data_OP30_PTL_29_PartNumber] value: [] (FROM RECIPE_ROW) recipeId: [51d35ca6312844c3b65e14f623d1f162] tagID=[94dd4cd7263e45239951c5b10677bf6c] set TAG_NEW=0,DB DEBUG,fe_LotRecipeRowCheckCreateByRecipe,c05dcd762e4b4b5a99224c48445d7683,3
63822,06/05/2026 08:34:24,INSERT in LOT_RECIPE_ROW TAG: [GI4_RECIPE_Data_OP30_PTL_19_Description] value: [] (FROM RECIPE_ROW) recipeId: [51d35ca6312844c3b65e14f623d1f162] tagID=[94c2f74c34bb4d6cb2166ebd7712ff25] set TAG_NEW=0,DB DEBUG,fe_LotRecipeRowCheckCreateByRecipe,c05dcd762e4b4b5a99224c48445d7683,3
63821,06/05/2026 08:34:24,INSERT in LOT_RECIPE_ROW TAG: [GI4_RECIPE_Data_OP30_PTL_7_Description] value: [GUAR.BILANC.PIASTRA SNP3] (FROM RECIPE_ROW) recipeId: [51d35ca6312844c3b65e14f623d1f162] tagID=[94025c26c59641fa8ca85675332ce390] set TAG_NEW=0,DB DEBUG,fe_LotRecipeRowCheckCreateByRecipe,c05dcd762e4b4b5a99224c48445d7683,3
63820,06/05/2026 08:34:24,INSERT in LOT_RECIPE_ROW TAG: [GI4_RECIPE_Data_OP30_PTL_24_Cell] value: [0] (FROM RECIPE_ROW) recipeId: [51d35ca6312844c3b65e14f623d1f162] tagID=[93740c4ee2724d1b94687ed48e1e00e4] set TAG_NEW=0,DB DEBUG,fe_LotRecipeRowCheckCreateByRecipe,c05dcd762e4b4b5a99224c48445d7683,3
63819,06/05/2026 08:34:24,INSERT in LOT_RECIPE_ROW TAG: [GI4_RECIPE_Data_OP10_PTL_29_Qta] value: [0] (FROM RECIPE_ROW) recipeId: [51d35ca6312844c3b65e14f623d1f162] tagID=[92b271e48ed641e6ad129bac0809f533] set TAG_NEW=0,DB DEBUG,fe_LotRecipeRowCheckCreateByRecipe,c05dcd762e4b4b5a99224c48445d7683,3
63818,06/05/2026 08:34:24,INSERT in LOT_RECIPE_ROW TAG: [GI4_RECIPE_Data_OP30_PTL_27_Description] value: [] (FROM RECIPE_ROW) recipeId: [51d35ca6312844c3b65e14f623d1f162] tagID=[9268db9795f2473ba4a24cac807882a1] set TAG_NEW=0,DB DEBUG,fe_LotRecipeRowCheckCreateByRecipe,c05dcd762e4b4b5a99224c48445d7683,3
63817,06/05/2026 08:34:24,INSERT in LOT_RECIPE_ROW TAG: [GI4_RECIPE_Data_OP10_PTL_24_Description] value: [] (FROM RECIPE_ROW) recipeId: [51d35ca6312844c3b65e14f623d1f162] tagID=[9087a3791a4b4f6793a64e1cee3db501] set TAG_NEW=0,DB DEBUG,fe_LotRecipeRowCheckCreateByRecipe,c05dcd762e4b4b5a99224c48445d7683,3
63816,06/05/2026 08:34:24,INSERT in LOT_RECIPE_ROW TAG: [GI4_RECIPE_Data_OP10_PTL_27_Cell] value: [0] (FROM RECIPE_ROW) recipeId: [51d35ca6312844c3b65e14f623d1f162] tagID=[8f2745f0a12842afaa70318e3cd1f7a8] set TAG_NEW=0,DB DEBUG,fe_LotRecipeRowCheckCreateByRecipe,c05dcd762e4b4b5a99224c48445d7683,3
63815,06/05/2026 08:34:24,INSERT in LOT_RECIPE_ROW TAG: [GI4_RECIPE_Data_OP30_PTL_7_Cell] value: [22] (FROM RECIPE_ROW) recipeId: [51d35ca6312844c3b65e14f623d1f162] tagID=[8da5355aad07486dafba036bfff05750] set TAG_NEW=0,DB DEBUG,fe_LotRecipeRowCheckCreateByRecipe,c05dcd762e4b4b5a99224c48445d7683,3
63814,06/05/2026 08:34:24,INSERT in LOT_RECIPE_ROW TAG: [GI4_RECIPE_Data_OP10_PTL_6_CellUnion] value: [0] (FROM RECIPE_ROW) recipeId: [51d35ca6312844c3b65e14f623d1f162] tagID=[8d2e3fe01eeb446292888b44f818a1f9] set TAG_NEW=0,DB DEBUG,fe_LotRecipeRowCheckCreateByRecipe,c05dcd762e4b4b5a99224c48445d7683,3
63813,06/05/2026 08:34:24,INSERT in LOT_RECIPE_ROW TAG: [GI4_RECIPE_Data_OP30_PTL_21_Description] value: [] (FROM RECIPE_ROW) recipeId: [51d35ca6312844c3b65e14f623d1f162] tagID=[8c2620cd63eb4df79760a38874c39e8b] set TAG_NEW=0,DB DEBUG,fe_LotRecipeRowCheckCreateByRecipe,c05dcd762e4b4b5a99224c48445d7683,3
63812,06/05/2026 08:34:24,INSERT in LOT_RECIPE_ROW TAG: [GI4_RECIPE_Data_OP30_PTL_23_Qta] value: [0] (FROM RECIPE_ROW) recipeId: [51d35ca6312844c3b65e14f623d1f162] tagID=[8bcb146e530c4d34ac0f620c1d076067] set TAG_NEW=0,DB DEBUG,fe_LotRecipeRowCheckCreateByRecipe,c05dcd762e4b4b5a99224c48445d7683,3
63811,06/05/2026 08:34:24,INSERT in LOT_RECIPE_ROW TAG: [GI4_RECIPE_Data_OP10_PTL_12_Description] value: [] (FROM RECIPE_ROW) recipeId: [51d35ca6312844c3b65e14f623d1f162] tagID=[8917fa3d84b94453897c15f5eb6a1bc7] set TAG_NEW=0,DB DEBUG,fe_LotRecipeRowCheckCreateByRecipe,c05dcd762e4b4b5a99224c48445d7683,3
63810,06/05/2026 08:34:24,INSERT in LOT_RECIPE_ROW TAG: [GI4_RECIPE_Data_OP10_PTL_6_Description] value: [SPINA COLL. D.8x15 sim. UNI E] (FROM RECIPE_ROW) recipeId: [51d35ca6312844c3b65e14f623d1f162] tagID=[8888b6c2b336454ea1dde3d0e777e26c] set TAG_NEW=0,DB DEBUG,fe_LotRecipeRowCheckCreateByRecipe,c05dcd762e4b4b5a99224c48445d7683,3
63809,06/05/2026 08:34:24,INSERT in LOT_RECIPE_ROW TAG: [GI4_RECIPE_Data_OP30_PTL_8_Qta] value: [10] (FROM RECIPE_ROW) recipeId: [51d35ca6312844c3b65e14f623d1f162] tagID=[85fb34eba80d4fb38ad706d6bc51c136] set TAG_NEW=0,DB DEBUG,fe_LotRecipeRowCheckCreateByRecipe,c05dcd762e4b4b5a99224c48445d7683,3
63808,06/05/2026 08:34:24,INSERT in LOT_RECIPE_ROW TAG: [GI4_RECIPE_Data_OP30_PTL_4_Description] value: [TAPPO PER FORO DIAM. 48] (FROM RECIPE_ROW) recipeId: [51d35ca6312844c3b65e14f623d1f162] tagID=[85dd705906f34a43a06a48e2fa5562d0] set TAG_NEW=0,DB DEBUG,fe_LotRecipeRowCheckCreateByRecipe,c05dcd762e4b4b5a99224c48445d7683,3
63807,06/05/2026 08:34:24,INSERT in LOT_RECIPE_ROW TAG: [GI4_RECIPE_Data_OP10_PTL_20_CellUnion] value: [0] (FROM RECIPE_ROW) recipeId: [51d35ca6312844c3b65e14f623d1f162] tagID=[85556a15889e4c90b875e2fa81df305e] set TAG_NEW=0,DB DEBUG,fe_LotRecipeRowCheckCreateByRecipe,c05dcd762e4b4b5a99224c48445d7683,3
63806,06/05/2026 08:34:24,"INSERT in LOT_RECIPE_ROW TAG: [GI4_RECIPE_Data_OP30_PTL_11_Description] value: [PRE-SHAPED  OR SEAL88,57 x 2,] (FROM RECIPE_ROW) recipeId: [51d35ca6312844c3b65e14f623d1f162] tagID=[8221d86a3f8d40afa93cc9f830cee8ce] set TAG_NEW=0",DB DEBUG,fe_LotRecipeRowCheckCreateByRecipe,c05dcd762e4b4b5a99224c48445d7683,3
63805,06/05/2026 08:34:24,INSERT in LOT_RECIPE_ROW TAG: [GI4_RECIPE_Data_OP10_PTL_7_PartNumber] value: [5713.54.2579] (FROM RECIPE_ROW) recipeId: [51d35ca6312844c3b65e14f623d1f162] tagID=[81ede46cf2a0429eb773b4da4e5f1846] set TAG_NEW=0,DB DEBUG,fe_LotRecipeRowCheckCreateByRecipe,c05dcd762e4b4b5a99224c48445d7683,3
63804,06/05/2026 08:34:24,INSERT in LOT_RECIPE_ROW TAG: [GI4_RECIPE_Data_OP30_PTL_27_Cell] value: [0] (FROM RECIPE_ROW) recipeId: [51d35ca6312844c3b65e14f623d1f162] tagID=[819d3ffd99bb4d46afeea3540ec7844c] set TAG_NEW=0,DB DEBUG,fe_LotRecipeRowCheckCreateByRecipe,c05dcd762e4b4b5a99224c48445d7683,3
63803,06/05/2026 08:34:24,INSERT in LOT_RECIPE_ROW TAG: [GI4_RECIPE_Data_OP30_PTL_28_Qta] value: [0] (FROM RECIPE_ROW) recipeId: [51d35ca6312844c3b65e14f623d1f162] tagID=[8016fe4df75b47bdad750766152a7bf9] set TAG_NEW=0,DB DEBUG,fe_LotRecipeRowCheckCreateByRecipe,c05dcd762e4b4b5a99224c48445d7683,3
63802,06/05/2026 08:34:24,INSERT in LOT_RECIPE_ROW TAG: [GI4_RECIPE_Data_OP10_PTL_17_PartNumber] value: [] (FROM RECIPE_ROW) recipeId: [51d35ca6312844c3b65e14f623d1f162] tagID=[7f7739bc347f45608ba21aa04342c2dc] set TAG_NEW=0,DB DEBUG,fe_LotRecipeRowCheckCreateByRecipe,c05dcd762e4b4b5a99224c48445d7683,3
63801,06/05/2026 08:34:24,INSERT in LOT_RECIPE_ROW TAG: [GI4_RECIPE_Data_OP30_PTL_5_Cell] value: [0] (FROM RECIPE_ROW) recipeId: [51d35ca6312844c3b65e14f623d1f162] tagID=[7f00999f806f469994cc8e2c2ef27728] set TAG_NEW=0,DB DEBUG,fe_LotRecipeRowCheckCreateByRecipe,c05dcd762e4b4b5a99224c48445d7683,3
63800,06/05/2026 08:34:24,INSERT in LOT_RECIPE_ROW TAG: [GI4_RECIPE_Data_OP30_PTL_20_Cell] value: [0] (FROM RECIPE_ROW) recipeId: [51d35ca6312844c3b65e14f623d1f162] tagID=[7f0097e64d4e42568f87353f6886771e] set TAG_NEW=0,DB DEBUG,fe_LotRecipeRowCheckCreateByRecipe,c05dcd762e4b4b5a99224c48445d7683,3
63799,06/05/2026 08:34:24,INSERT in LOT_RECIPE_ROW TAG: [GI4_RECIPE_Data_OP10_PTL_1_PartNumber] value: [314.0059.0.00] (FROM RECIPE_ROW) recipeId: [51d35ca6312844c3b65e14f623d1f162] tagID=[7eee7b9b5d3f4f3385918cf9bb6b7875] set TAG_NEW=0,DB DEBUG,fe_LotRecipeRowCheckCreateByRecipe,c05dcd762e4b4b5a99224c48445d7683,3
63798,06/05/2026 08:34:24,INSERT in LOT_RECIPE_ROW TAG: [GI4_RECIPE_Data_OP10_PTL_17_CellUnion] value: [0] (FROM RECIPE_ROW) recipeId: [51d35ca6312844c3b65e14f623d1f162] tagID=[7e99c778fe01429c8147fb61bf20fdbe] set TAG_NEW=0,DB DEBUG,fe_LotRecipeRowCheckCreateByRecipe,c05dcd762e4b4b5a99224c48445d7683,3
63797,06/05/2026 08:34:24,INSERT in LOT_RECIPE_ROW TAG: [GI4_RECIPE_Data_OP30_PTL_1_PartNumber] value: [11096890] (FROM RECIPE_ROW) recipeId: [51d35ca6312844c3b65e14f623d1f162] tagID=[7ce37947270449218f875eea849a2044] set TAG_NEW=0,DB DEBUG,fe_LotRecipeRowCheckCreateByRecipe,c05dcd762e4b4b5a99224c48445d7683,3
63796,06/05/2026 08:34:24,INSERT in LOT_RECIPE_ROW TAG: [GI4_RECIPE_Data_OP30_PTL_4_Qta] value: [20] (FROM RECIPE_ROW) recipeId: [51d35ca6312844c3b65e14f623d1f162] tagID=[7ca06a06c6814e5482f933de89dca8a1] set TAG_NEW=0,DB DEBUG,fe_LotRecipeRowCheckCreateByRecipe,c05dcd762e4b4b5a99224c48445d7683,3
63795,06/05/2026 08:34:24,INSERT in LOT_RECIPE_ROW TAG: [GI4_RECIPE_Data_OP10_PTL_15_CellUnion] value: [0] (FROM RECIPE_ROW) recipeId: [51d35ca6312844c3b65e14f623d1f162] tagID=[7b33baae8b4546efa155794599a1a1cd] set TAG_NEW=0,DB DEBUG,fe_LotRecipeRowCheckCreateByRecipe,c05dcd762e4b4b5a99224c48445d7683,3
63794,06/05/2026 08:34:24,INSERT in LOT_RECIPE_ROW TAG: [GI4_RECIPE_Data_OP30_PTL_32_PartNumber] value: [] (FROM RECIPE_ROW) recipeId: [51d35ca6312844c3b65e14f623d1f162] tagID=[7aeef739d63544f497cc8606bc4a423a] set TAG_NEW=0,DB DEBUG,fe_LotRecipeRowCheckCreateByRecipe,c05dcd762e4b4b5a99224c48445d7683,3
63793,06/05/2026 08:34:24,INSERT in LOT_RECIPE_ROW TAG: [GI4_RECIPE_Data_OP30_PTL_10_Cell] value: [32] (FROM RECIPE_ROW) recipeId: [51d35ca6312844c3b65e14f623d1f162] tagID=[7a725dc198044ac18b7412e722838ca5] set TAG_NEW=0,DB DEBUG,fe_LotRecipeRowCheckCreateByRecipe,c05dcd762e4b4b5a99224c48445d7683,3
63792,06/05/2026 08:34:24,INSERT in LOT_RECIPE_ROW TAG: [GI4_RECIPE_Data_OP10_PTL_10_Description] value: [] (FROM RECIPE_ROW) recipeId: [51d35ca6312844c3b65e14f623d1f162] tagID=[79c101ec20b54abf9926753b220b0caf] set TAG_NEW=0,DB DEBUG,fe_LotRecipeRowCheckCreateByRecipe,c05dcd762e4b4b5a99224c48445d7683,3
63791,06/05/2026 08:34:24,INSERT in LOT_RECIPE_ROW TAG: [GI4_RECIPE_Data_OP10_PTL_22_Description] value: [] (FROM RECIPE_ROW) recipeId: [51d35ca6312844c3b65e14f623d1f162] tagID=[78b0970ffcdb4c489eb6d1d9636d389b] set TAG_NEW=0,DB DEBUG,fe_LotRecipeRowCheckCreateByRecipe,c05dcd762e4b4b5a99224c48445d7683,3
63790,06/05/2026 08:34:24,INSERT in LOT_RECIPE_ROW TAG: [GI4_RECIPE_Data_OP30_PTL_8_PartNumber] value: [313.0039.1.00] (FROM RECIPE_ROW) recipeId: [51d35ca6312844c3b65e14f623d1f162] tagID=[7807e14906eb46aa9f1939eb0ad14cc8] set TAG_NEW=0,DB DEBUG,fe_LotRecipeRowCheckCreateByRecipe,c05dcd762e4b4b5a99224c48445d7683,3
63789,06/05/2026 08:34:24,INSERT in LOT_RECIPE_ROW TAG: [GI4_RECIPE_Data_OP30_PTL_17_Description] value: [] (FROM RECIPE_ROW) recipeId: [51d35ca6312844c3b65e14f623d1f162] tagID=[77bad5e1ff0c458d8fff4dc1a9398e7e] set TAG_NEW=0,DB DEBUG,fe_LotRecipeRowCheckCreateByRecipe,c05dcd762e4b4b5a99224c48445d7683,3
63788,06/05/2026 08:34:24,INSERT in LOT_RECIPE_ROW TAG: [GI4_RECIPE_Data_OP10_PTL_13_PartNumber] value: [] (FROM RECIPE_ROW) recipeId: [51d35ca6312844c3b65e14f623d1f162] tagID=[77990ba514464dbea40c4a1f5d262014] set TAG_NEW=0,DB DEBUG,fe_LotRecipeRowCheckCreateByRecipe,c05dcd762e4b4b5a99224c48445d7683,3
63787,06/05/2026 08:34:24,INSERT in LOT_RECIPE_ROW TAG: [GI4_RECIPE_Data_OP10_PTL_27_Description] value: [] (FROM RECIPE_ROW) recipeId: [51d35ca6312844c3b65e14f623d1f162] tagID=[774308447f00451a913ddb067ba935c3] set TAG_NEW=0,DB DEBUG,fe_LotRecipeRowCheckCreateByRecipe,c05dcd762e4b4b5a99224c48445d7683,3
63786,06/05/2026 08:34:24,INSERT in LOT_RECIPE_ROW TAG: [GI4_RECIPE_Data_OP30_PTL_3_CellUnion] value: [0] (FROM RECIPE_ROW) recipeId: [51d35ca6312844c3b65e14f623d1f162] tagID=[773664048fe84aa3af61957a9eaa68d9] set TAG_NEW=0,DB DEBUG,fe_LotRecipeRowCheckCreateByRecipe,c05dcd762e4b4b5a99224c48445d7683,3
63785,06/05/2026 08:34:24,INSERT in LOT_RECIPE_ROW TAG: [GI4_RECIPE_Data_OP30_PTL_16_Qta] value: [0] (FROM RECIPE_ROW) recipeId: [51d35ca6312844c3b65e14f623d1f162] tagID=[772cdae9560e41fcbc21a49ff0310e5f] set TAG_NEW=0,DB DEBUG,fe_LotRecipeRowCheckCreateByRecipe,c05dcd762e4b4b5a99224c48445d7683,3
63784,06/05/2026 08:34:24,INSERT in LOT_RECIPE_ROW TAG: [GI4_RECIPE_Data_OP10_PTL_20_Qta] value: [0] (FROM RECIPE_ROW) recipeId: [51d35ca6312844c3b65e14f623d1f162] tagID=[760d7a53d15f41bb83c62de898f24014] set TAG_NEW=0,DB DEBUG,fe_LotRecipeRowCheckCreateByRecipe,c05dcd762e4b4b5a99224c48445d7683,3
63783,06/05/2026 08:34:24,INSERT in LOT_RECIPE_ROW TAG: [GI4_RECIPE_Data_OP10_PTL_30_Qta] value: [0] (FROM RECIPE_ROW) recipeId: [51d35ca6312844c3b65e14f623d1f162] tagID=[75d662153d94421ea2f11bc5802a8c51] set TAG_NEW=0,DB DEBUG,fe_LotRecipeRowCheckCreateByRecipe,c05dcd762e4b4b5a99224c48445d7683,3
63782,06/05/2026 08:34:24,INSERT in LOT_RECIPE_ROW TAG: [GI4_RECIPE_Data_OP10_PTL_29_Cell] value: [0] (FROM RECIPE_ROW) recipeId: [51d35ca6312844c3b65e14f623d1f162] tagID=[751c4493e3a142aa8a4677324fd9ecda] set TAG_NEW=0,DB DEBUG,fe_LotRecipeRowCheckCreateByRecipe,c05dcd762e4b4b5a99224c48445d7683,3
63781,06/05/2026 08:34:24,INSERT in LOT_RECIPE_ROW TAG: [GI4_RECIPE_Data_OP10_PTL_16_Cell] value: [0] (FROM RECIPE_ROW) recipeId: [51d35ca6312844c3b65e14f623d1f162] tagID=[750a2d67248342f3af0ccecec3a1152f] set TAG_NEW=0,DB DEBUG,fe_LotRecipeRowCheckCreateByRecipe,c05dcd762e4b4b5a99224c48445d7683,3
63780,06/05/2026 08:34:24,INSERT in LOT_RECIPE_ROW TAG: [GI4_RECIPE_Data_OP10_PTL_16_PartNumber] value: [] (FROM RECIPE_ROW) recipeId: [51d35ca6312844c3b65e14f623d1f162] tagID=[74b93c0707694d76ac0ab9741e0dbf4d] set TAG_NEW=0,DB DEBUG,fe_LotRecipeRowCheckCreateByRecipe,c05dcd762e4b4b5a99224c48445d7683,3
63779,06/05/2026 08:34:24,INSERT in LOT_RECIPE_ROW TAG: [GI4_RECIPE_Data_OP30_PTL_11_Qta] value: [10] (FROM RECIPE_ROW) recipeId: [51d35ca6312844c3b65e14f623d1f162] tagID=[7485e62704ef4a809acab6146f70165f] set TAG_NEW=0,DB DEBUG,fe_LotRecipeRowCheckCreateByRecipe,c05dcd762e4b4b5a99224c48445d7683,3
63778,06/05/2026 08:34:24,INSERT in LOT_RECIPE_ROW TAG: [GI4_RECIPE_Data_OP10_PTL_23_PartNumber] value: [] (FROM RECIPE_ROW) recipeId: [51d35ca6312844c3b65e14f623d1f162] tagID=[733a562f476843158ae9f05e5d1555e9] set TAG_NEW=0,DB DEBUG,fe_LotRecipeRowCheckCreateByRecipe,c05dcd762e4b4b5a99224c48445d7683,3
63777,06/05/2026 08:34:24,INSERT in LOT_RECIPE_ROW TAG: [GI4_RECIPE_Data_OP10_PTL_30_CellUnion] value: [0] (FROM RECIPE_ROW) recipeId: [51d35ca6312844c3b65e14f623d1f162] tagID=[727edafc5bf842fbad1e5714db1c596e] set TAG_NEW=0,DB DEBUG,fe_LotRecipeRowCheckCreateByRecipe,c05dcd762e4b4b5a99224c48445d7683,3
63776,06/05/2026 08:34:24,INSERT in LOT_RECIPE_ROW TAG: [GI4_RECIPE_Data_OP30_PTL_18_CellUnion] value: [0] (FROM RECIPE_ROW) recipeId: [51d35ca6312844c3b65e14f623d1f162] tagID=[711cd36608ac4e6297e2094b46e147db] set TAG_NEW=0,DB DEBUG,fe_LotRecipeRowCheckCreateByRecipe,c05dcd762e4b4b5a99224c48445d7683,3
63775,06/05/2026 08:34:24,"INSERT in LOT_RECIPE_ROW TAG: [GI4_RECIPE_Data_OP30_PTL_1_Description] value: [AN.TEN. AS-HP25x42x6/6,5  DIN] (FROM RECIPE_ROW) recipeId: [51d35ca6312844c3b65e14f623d1f162] tagID=[6edf7c9599df40aaa064ea22db7144e7] set TAG_NEW=0",DB DEBUG,fe_LotRecipeRowCheckCreateByRecipe,c05dcd762e4b4b5a99224c48445d7683,3
63774,06/05/2026 08:34:24,INSERT in LOT_RECIPE_ROW TAG: [GI4_RECIPE_Data_OP30_PTL_32_Cell] value: [0] (FROM RECIPE_ROW) recipeId: [51d35ca6312844c3b65e14f623d1f162] tagID=[6e6130a827ba424697b8f39f165457b2] set TAG_NEW=0,DB DEBUG,fe_LotRecipeRowCheckCreateByRecipe,c05dcd762e4b4b5a99224c48445d7683,3
63773,06/05/2026 08:34:24,INSERT in LOT_RECIPE_ROW TAG: [GI4_RECIPE_Data_OP30_PTL_16_PartNumber] value: [] (FROM RECIPE_ROW) recipeId: [51d35ca6312844c3b65e14f623d1f162] tagID=[6d357d24034d4d348eb664870a175ca5] set TAG_NEW=0,DB DEBUG,fe_LotRecipeRowCheckCreateByRecipe,c05dcd762e4b4b5a99224c48445d7683,3
63772,06/05/2026 08:34:24,INSERT in LOT_RECIPE_ROW TAG: [GI4_RECIPE_Data_OP10_PTL_11_PartNumber] value: [] (FROM RECIPE_ROW) recipeId: [51d35ca6312844c3b65e14f623d1f162] tagID=[6c1be1f68e494b569a353b101e5d9f63] set TAG_NEW=0,DB DEBUG,fe_LotRecipeRowCheckCreateByRecipe,c05dcd762e4b4b5a99224c48445d7683,3
63771,06/05/2026 08:34:24,INSERT in LOT_RECIPE_ROW TAG: [GI4_RECIPE_Data_OP30_PTL_3_Description] value: [TAPPO PER FORO DIAM. 20] (FROM RECIPE_ROW) recipeId: [51d35ca6312844c3b65e14f623d1f162] tagID=[6c0199243d38436b93a2b418272ded79] set TAG_NEW=0,DB DEBUG,fe_LotRecipeRowCheckCreateByRecipe,c05dcd762e4b4b5a99224c48445d7683,3
63770,06/05/2026 08:34:24,INSERT in LOT_RECIPE_ROW TAG: [GI4_RECIPE_Data_OP30_PTL_21_Qta] value: [0] (FROM RECIPE_ROW) recipeId: [51d35ca6312844c3b65e14f623d1f162] tagID=[6af41353fa6f4a709fe70e57e460aa3b] set TAG_NEW=0,DB DEBUG,fe_LotRecipeRowCheckCreateByRecipe,c05dcd762e4b4b5a99224c48445d7683,3
63769,06/05/2026 08:34:24,INSERT in LOT_RECIPE_ROW TAG: [GI4_RECIPE_Data_OP10_PTL_20_Cell] value: [0] (FROM RECIPE_ROW) recipeId: [51d35ca6312844c3b65e14f623d1f162] tagID=[6ae4780b4c774be58929b261d175fda3] set TAG_NEW=0,DB DEBUG,fe_LotRecipeRowCheckCreateByRecipe,c05dcd762e4b4b5a99224c48445d7683,3
63768,06/05/2026 08:34:24,INSERT in LOT_RECIPE_ROW TAG: [GI4_RECIPE_Data_OP30_PTL_22_Qta] value: [0] (FROM RECIPE_ROW) recipeId: [51d35ca6312844c3b65e14f623d1f162] tagID=[6a47f9a505974f038e4c4f5cccbb8ef4] set TAG_NEW=0,DB DEBUG,fe_LotRecipeRowCheckCreateByRecipe,c05dcd762e4b4b5a99224c48445d7683,3
63767,06/05/2026 08:34:24,INSERT in LOT_RECIPE_ROW TAG: [GI4_RECIPE_Data_OP10_PTL_2_Qta] value: [10] (FROM RECIPE_ROW) recipeId: [51d35ca6312844c3b65e14f623d1f162] tagID=[698b5b93bb8a41d5809063524e865c1b] set TAG_NEW=0,DB DEBUG,fe_LotRecipeRowCheckCreateByRecipe,c05dcd762e4b4b5a99224c48445d7683,3
63766,06/05/2026 08:34:24,INSERT in LOT_RECIPE_ROW TAG: [GI4_RECIPE_Data_OP10_PTL_2_Description] value: [AN.ANTIESTR.PIASTRA SNP3] (FROM RECIPE_ROW) recipeId: [51d35ca6312844c3b65e14f623d1f162] tagID=[692cff3bc5bb4dbcae04e9c68f313072] set TAG_NEW=0,DB DEBUG,fe_LotRecipeRowCheckCreateByRecipe,c05dcd762e4b4b5a99224c48445d7683,3
63765,06/05/2026 08:34:24,INSERT in LOT_RECIPE_ROW TAG: [GI4_RECIPE_Data_OP10_PTL_23_Qta] value: [0] (FROM RECIPE_ROW) recipeId: [51d35ca6312844c3b65e14f623d1f162] tagID=[68adfe273d014114afba6129ffc52b42] set TAG_NEW=0,DB DEBUG,fe_LotRecipeRowCheckCreateByRecipe,c05dcd762e4b4b5a99224c48445d7683,3
63764,06/05/2026 08:34:24,INSERT in LOT_RECIPE_ROW TAG: [GI4_RECIPE_Data_OP10_PTL_17_Qta] value: [0] (FROM RECIPE_ROW) recipeId: [51d35ca6312844c3b65e14f623d1f162] tagID=[68146a057ecc463e9520812f0779e7ce] set TAG_NEW=0,DB DEBUG,fe_LotRecipeRowCheckCreateByRecipe,c05dcd762e4b4b5a99224c48445d7683,3
63763,06/05/2026 08:34:24,INSERT in LOT_RECIPE_ROW TAG: [GI4_RECIPE_Data_OP10_PTL_28_Cell] value: [0] (FROM RECIPE_ROW) recipeId: [51d35ca6312844c3b65e14f623d1f162] tagID=[67ab99c9dfdf4daab45861e0fb68c16c] set TAG_NEW=0,DB DEBUG,fe_LotRecipeRowCheckCreateByRecipe,c05dcd762e4b4b5a99224c48445d7683,3
63762,06/05/2026 08:34:24,INSERT in LOT_RECIPE_ROW TAG: [GI4_RECIPE_Data_OP30_PTL_2_Cell] value: [0] (FROM RECIPE_ROW) recipeId: [51d35ca6312844c3b65e14f623d1f162] tagID=[669174397a5c4cf98a45c3da54ddf173] set TAG_NEW=0,DB DEBUG,fe_LotRecipeRowCheckCreateByRecipe,c05dcd762e4b4b5a99224c48445d7683,3
63761,06/05/2026 08:34:24,INSERT in LOT_RECIPE_ROW TAG: [GI4_RECIPE_Data_OP30_PTL_30_Qta] value: [0] (FROM RECIPE_ROW) recipeId: [51d35ca6312844c3b65e14f623d1f162] tagID=[6674752a407546788d3d219607da6aa1] set TAG_NEW=0,DB DEBUG,fe_LotRecipeRowCheckCreateByRecipe,c05dcd762e4b4b5a99224c48445d7683,3
63760,06/05/2026 08:34:24,INSERT in LOT_RECIPE_ROW TAG: [GI4_RECIPE_Data_Orientation] value: [1] (FROM RECIPE_ROW) recipeId: [51d35ca6312844c3b65e14f623d1f162] tagID=[659d2725213c419598cd5309a512dc6c] set TAG_NEW=0,DB DEBUG,fe_LotRecipeRowCheckCreateByRecipe,c05dcd762e4b4b5a99224c48445d7683,3
63759,06/05/2026 08:34:24,INSERT in LOT_RECIPE_ROW TAG: [GI4_RECIPE_Data_QtaOrd] value: [20] (FROM RECIPE_ROW) recipeId: [51d35ca6312844c3b65e14f623d1f162] tagID=[651c889b30e34366b6504e28badaf6ad] set TAG_NEW=0,DB DEBUG,fe_LotRecipeRowCheckCreateByRecipe,c05dcd762e4b4b5a99224c48445d7683,3
63758,06/05/2026 08:34:24,INSERT in LOT_RECIPE_ROW TAG: [GI4_RECIPE_Data_OP10_PTL_12_CellUnion] value: [0] (FROM RECIPE_ROW) recipeId: [51d35ca6312844c3b65e14f623d1f162] tagID=[64fec27c79b74da9a1900ac61d2a61f4] set TAG_NEW=0,DB DEBUG,fe_LotRecipeRowCheckCreateByRecipe,c05dcd762e4b4b5a99224c48445d7683,3
63757,06/05/2026 08:34:24,INSERT in LOT_RECIPE_ROW TAG: [GI4_RECIPE_Data_OP10_PTL_3_Qta] value: [10] (FROM RECIPE_ROW) recipeId: [51d35ca6312844c3b65e14f623d1f162] tagID=[64b99ad7f39b4af1a1e9626de282e024] set TAG_NEW=0,DB DEBUG,fe_LotRecipeRowCheckCreateByRecipe,c05dcd762e4b4b5a99224c48445d7683,3
63756,06/05/2026 08:34:24,INSERT in LOT_RECIPE_ROW TAG: [GI4_RECIPE_Data_OP30_PTL_12_CellUnion] value: [0] (FROM RECIPE_ROW) recipeId: [51d35ca6312844c3b65e14f623d1f162] tagID=[6475ee9189ba4a2ca7794bfaa97837d0] set TAG_NEW=0,DB DEBUG,fe_LotRecipeRowCheckCreateByRecipe,c05dcd762e4b4b5a99224c48445d7683,3
63755,06/05/2026 08:34:24,INSERT in LOT_RECIPE_ROW TAG: [GI4_RECIPE_Data_OP10_PTL_10_Cell] value: [0] (FROM RECIPE_ROW) recipeId: [51d35ca6312844c3b65e14f623d1f162] tagID=[6334e6464e5a46cfae9d8eccef28324b] set TAG_NEW=0,DB DEBUG,fe_LotRecipeRowCheckCreateByRecipe,c05dcd762e4b4b5a99224c48445d7683,3
63754,06/05/2026 08:34:24,INSERT in LOT_RECIPE_ROW TAG: [GI4_RECIPE_Data_OP30_PTL_21_Cell] value: [0] (FROM RECIPE_ROW) recipeId: [51d35ca6312844c3b65e14f623d1f162] tagID=[623e6a6a11eb4b788d28ff5b3f4703dd] set TAG_NEW=0,DB DEBUG,fe_LotRecipeRowCheckCreateByRecipe,c05dcd762e4b4b5a99224c48445d7683,3
63753,06/05/2026 08:34:24,INSERT in LOT_RECIPE_ROW TAG: [GI4_RECIPE_Data_OP30_PTL_12_Cell] value: [30] (FROM RECIPE_ROW) recipeId: [51d35ca6312844c3b65e14f623d1f162] tagID=[60941a4aae8f4f1a9ce01295056d6dd6] set TAG_NEW=0,DB DEBUG,fe_LotRecipeRowCheckCreateByRecipe,c05dcd762e4b4b5a99224c48445d7683,3
63752,06/05/2026 08:34:24,INSERT in LOT_RECIPE_ROW TAG: [GI4_RECIPE_Data_OP30_PTL_32_CellUnion] value: [0] (FROM RECIPE_ROW) recipeId: [51d35ca6312844c3b65e14f623d1f162] tagID=[5fec1252695f4962be3f39f20bddf3ad] set TAG_NEW=0,DB DEBUG,fe_LotRecipeRowCheckCreateByRecipe,c05dcd762e4b4b5a99224c48445d7683,3
63751,06/05/2026 08:34:24,INSERT in LOT_RECIPE_ROW TAG: [GI4_RECIPE_Data_OP10_PTL_8_PartNumber] value: [] (FROM RECIPE_ROW) recipeId: [51d35ca6312844c3b65e14f623d1f162] tagID=[5f33852bfd5744eca3eceaec0b0887c0] set TAG_NEW=0,DB DEBUG,fe_LotRecipeRowCheckCreateByRecipe,c05dcd762e4b4b5a99224c48445d7683,3
63750,06/05/2026 08:34:24,INSERT in LOT_RECIPE_ROW TAG: [GI4_RECIPE_Data_OP10_PTL_22_PartNumber] value: [] (FROM RECIPE_ROW) recipeId: [51d35ca6312844c3b65e14f623d1f162] tagID=[5d9cebc2f5ca4f498daecbef391367d2] set TAG_NEW=0,DB DEBUG,fe_LotRecipeRowCheckCreateByRecipe,c05dcd762e4b4b5a99224c48445d7683,3
63749,06/05/2026 08:34:24,INSERT in LOT_RECIPE_ROW TAG: [GI4_RECIPE_Data_OP30_PTL_16_CellUnion] value: [0] (FROM RECIPE_ROW) recipeId: [51d35ca6312844c3b65e14f623d1f162] tagID=[5cb763a533c448babf26b35f98704600] set TAG_NEW=0,DB DEBUG,fe_LotRecipeRowCheckCreateByRecipe,c05dcd762e4b4b5a99224c48445d7683,3
63748,06/05/2026 08:34:24,INSERT in LOT_RECIPE_ROW TAG: [GI4_RECIPE_Data_OP30_PTL_22_Cell] value: [0] (FROM RECIPE_ROW) recipeId: [51d35ca6312844c3b65e14f623d1f162] tagID=[5bd34a232f4c4e57b14726a0748965b9] set TAG_NEW=0,DB DEBUG,fe_LotRecipeRowCheckCreateByRecipe,c05dcd762e4b4b5a99224c48445d7683,3
63747,06/05/2026 08:34:24,"INSERT in LOT_RECIPE_ROW TAG: [GI4_RECIPE_Data_OP10_PTL_5_Description] value: [PRE-SHAPED  OR SEAL88,57 x 2,] (FROM RECIPE_ROW) recipeId: [51d35ca6312844c3b65e14f623d1f162] tagID=[5a96b79ffc2047719c43e74778112047] set TAG_NEW=0",DB DEBUG,fe_LotRecipeRowCheckCreateByRecipe,c05dcd762e4b4b5a99224c48445d7683,3
63746,06/05/2026 08:34:24,INSERT in LOT_RECIPE_ROW TAG: [GI4_RECIPE_Data_OP10_PTL_1_Qta] value: [10] (FROM RECIPE_ROW) recipeId: [51d35ca6312844c3b65e14f623d1f162] tagID=[5a21fa6644594e34bb4c27ec532841c5] set TAG_NEW=0,DB DEBUG,fe_LotRecipeRowCheckCreateByRecipe,c05dcd762e4b4b5a99224c48445d7683,3
63745,06/05/2026 08:34:24,INSERT in LOT_RECIPE_ROW TAG: [GI4_RECIPE_Data_OP30_PTL_3_Cell] value: [0] (FROM RECIPE_ROW) recipeId: [51d35ca6312844c3b65e14f623d1f162] tagID=[5901ae35c34d4e0087494953a1822086] set TAG_NEW=0,DB DEBUG,fe_LotRecipeRowCheckCreateByRecipe,c05dcd762e4b4b5a99224c48445d7683,3
63744,06/05/2026 08:34:24,INSERT in LOT_RECIPE_ROW TAG: [GI4_RECIPE_Data_OP30_PTL_17_Cell] value: [0] (FROM RECIPE_ROW) recipeId: [51d35ca6312844c3b65e14f623d1f162] tagID=[57ba57515e4241628360aeefc630048a] set TAG_NEW=0,DB DEBUG,fe_LotRecipeRowCheckCreateByRecipe,c05dcd762e4b4b5a99224c48445d7683,3
63743,06/05/2026 08:34:24,INSERT in LOT_RECIPE_ROW TAG: [GI4_RECIPE_Data_OP10_PTL_21_Qta] value: [0] (FROM RECIPE_ROW) recipeId: [51d35ca6312844c3b65e14f623d1f162] tagID=[573fa656482b4258b584ba9f09152cfa] set TAG_NEW=0,DB DEBUG,fe_LotRecipeRowCheckCreateByRecipe,c05dcd762e4b4b5a99224c48445d7683,3
63742,06/05/2026 08:34:24,INSERT in LOT_RECIPE_ROW TAG: [GI4_RECIPE_Data_OP10_PTL_16_Description] value: [] (FROM RECIPE_ROW) recipeId: [51d35ca6312844c3b65e14f623d1f162] tagID=[56fb48c366044cf682ba058e3f634cc1] set TAG_NEW=0,DB DEBUG,fe_LotRecipeRowCheckCreateByRecipe,c05dcd762e4b4b5a99224c48445d7683,3
63741,06/05/2026 08:34:24,INSERT in LOT_RECIPE_ROW TAG: [GI4_RECIPE_Data_OP30_PTL_7_CellUnion] value: [0] (FROM RECIPE_ROW) recipeId: [51d35ca6312844c3b65e14f623d1f162] tagID=[560744a278fb4e73ae180887a8f8cc9d] set TAG_NEW=0,DB DEBUG,fe_LotRecipeRowCheckCreateByRecipe,c05dcd762e4b4b5a99224c48445d7683,3
63740,06/05/2026 08:34:24,INSERT in LOT_RECIPE_ROW TAG: [GI4_RECIPE_Data_OP10_PTL_10_PartNumber] value: [] (FROM RECIPE_ROW) recipeId: [51d35ca6312844c3b65e14f623d1f162] tagID=[55f1b2a82f8c449ea86a7521a3bab004] set TAG_NEW=0,DB DEBUG,fe_LotRecipeRowCheckCreateByRecipe,c05dcd762e4b4b5a99224c48445d7683,3
63739,06/05/2026 08:34:24,INSERT in LOT_RECIPE_ROW TAG: [GI4_RECIPE_Data_OP30_PTL_20_PartNumber] value: [] (FROM RECIPE_ROW) recipeId: [51d35ca6312844c3b65e14f623d1f162] tagID=[553d95aef93147b396c58ea68c904bf0] set TAG_NEW=0,DB DEBUG,fe_LotRecipeRowCheckCreateByRecipe,c05dcd762e4b4b5a99224c48445d7683,3
63738,06/05/2026 08:34:24,INSERT in LOT_RECIPE_ROW TAG: [GI4_RECIPE_Data_OP10_PTL_19_Description] value: [] (FROM RECIPE_ROW) recipeId: [51d35ca6312844c3b65e14f623d1f162] tagID=[54addfcba5fc49df8855e0ac48785799] set TAG_NEW=0,DB DEBUG,fe_LotRecipeRowCheckCreateByRecipe,c05dcd762e4b4b5a99224c48445d7683,3
63737,06/05/2026 08:34:24,INSERT in LOT_RECIPE_ROW TAG: [GI4_RECIPE_Data_OP30_PTL_11_CellUnion] value: [0] (FROM RECIPE_ROW) recipeId: [51d35ca6312844c3b65e14f623d1f162] tagID=[542a972a13dc494e86b9abf10c77596d] set TAG_NEW=0,DB DEBUG,fe_LotRecipeRowCheckCreateByRecipe,c05dcd762e4b4b5a99224c48445d7683,3
63736,06/05/2026 08:34:24,INSERT in LOT_RECIPE_ROW TAG: [GI4_RECIPE_Data_OP30_PTL_23_PartNumber] value: [] (FROM RECIPE_ROW) recipeId: [51d35ca6312844c3b65e14f623d1f162] tagID=[5254844f547a4af8be22211789229c78] set TAG_NEW=0,DB DEBUG,fe_LotRecipeRowCheckCreateByRecipe,c05dcd762e4b4b5a99224c48445d7683,3
63735,06/05/2026 08:34:24,INSERT in LOT_RECIPE_ROW TAG: [GI4_RECIPE_Data_OP30_PTL_9_Qta] value: [10] (FROM RECIPE_ROW) recipeId: [51d35ca6312844c3b65e14f623d1f162] tagID=[520695cbf77546e5812b02406ba8f089] set TAG_NEW=0,DB DEBUG,fe_LotRecipeRowCheckCreateByRecipe,c05dcd762e4b4b5a99224c48445d7683,3
63734,06/05/2026 08:34:24,INSERT in LOT_RECIPE_ROW TAG: [GI4_RECIPE_Data_OP30_PTL_17_CellUnion] value: [0] (FROM RECIPE_ROW) recipeId: [51d35ca6312844c3b65e14f623d1f162] tagID=[50cb8a570948434c90b3f988ba71da55] set TAG_NEW=0,DB DEBUG,fe_LotRecipeRowCheckCreateByRecipe,c05dcd762e4b4b5a99224c48445d7683,3
63733,06/05/2026 08:34:24,INSERT in LOT_RECIPE_ROW TAG: [GI4_RECIPE_Data_OP10_PTL_15_PartNumber] value: [] (FROM RECIPE_ROW) recipeId: [51d35ca6312844c3b65e14f623d1f162] tagID=[502efda3303d433784fe5a00838bfb2e] set TAG_NEW=0,DB DEBUG,fe_LotRecipeRowCheckCreateByRecipe,c05dcd762e4b4b5a99224c48445d7683,3
63732,06/05/2026 08:34:24,INSERT in LOT_RECIPE_ROW TAG: [GI4_RECIPE_Data_OP30_PTL_29_Description] value: [] (FROM RECIPE_ROW) recipeId: [51d35ca6312844c3b65e14f623d1f162] tagID=[4fe4256f09984cc79b53e11577aaa370] set TAG_NEW=0,DB DEBUG,fe_LotRecipeRowCheckCreateByRecipe,c05dcd762e4b4b5a99224c48445d7683,3
63731,06/05/2026 08:34:24,INSERT in LOT_RECIPE_ROW TAG: [GI4_RECIPE_Data_OP30_PTL_3_PartNumber] value: [5009.01.0004] (FROM RECIPE_ROW) recipeId: [51d35ca6312844c3b65e14f623d1f162] tagID=[4ed4ea17a6e443da814e915f4e0eebca] set TAG_NEW=0,DB DEBUG,fe_LotRecipeRowCheckCreateByRecipe,c05dcd762e4b4b5a99224c48445d7683,3
63730,06/05/2026 08:34:24,INSERT in LOT_RECIPE_ROW TAG: [GI4_RECIPE_Data_OP10_PTL_27_Qta] value: [0] (FROM RECIPE_ROW) recipeId: [51d35ca6312844c3b65e14f623d1f162] tagID=[4b3bed976f0741a480651833cf858964] set TAG_NEW=0,DB DEBUG,fe_LotRecipeRowCheckCreateByRecipe,c05dcd762e4b4b5a99224c48445d7683,3
63729,06/05/2026 08:34:24,INSERT in LOT_RECIPE_ROW TAG: [GI4_RECIPE_Data_OP10_PTL_25_Cell] value: [0] (FROM RECIPE_ROW) recipeId: [51d35ca6312844c3b65e14f623d1f162] tagID=[4b2c313fdbbb4fc8b7fa68e6442dfb06] set TAG_NEW=0,DB DEBUG,fe_LotRecipeRowCheckCreateByRecipe,c05dcd762e4b4b5a99224c48445d7683,3
63728,06/05/2026 08:34:24,INSERT in LOT_RECIPE_ROW TAG: [GI4_RECIPE_Data_OP10_PTL_27_CellUnion] value: [0] (FROM RECIPE_ROW) recipeId: [51d35ca6312844c3b65e14f623d1f162] tagID=[4b1b0cb013494461badadf4283640f8a] set TAG_NEW=0,DB DEBUG,fe_LotRecipeRowCheckCreateByRecipe,c05dcd762e4b4b5a99224c48445d7683,3
63727,06/05/2026 08:34:24,INSERT in LOT_RECIPE_ROW TAG: [GI4_RECIPE_Data_OP30_PTL_28_Description] value: [] (FROM RECIPE_ROW) recipeId: [51d35ca6312844c3b65e14f623d1f162] tagID=[49f3d1cc98f8462c8a4ef61f780ddf08] set TAG_NEW=0,DB DEBUG,fe_LotRecipeRowCheckCreateByRecipe,c05dcd762e4b4b5a99224c48445d7683,3
63726,06/05/2026 08:34:24,INSERT in LOT_RECIPE_ROW TAG: [GI4_RECIPE_Data_OP10_PTL_3_Cell] value: [29] (FROM RECIPE_ROW) recipeId: [51d35ca6312844c3b65e14f623d1f162] tagID=[49b0dafee5f943f0a8d84312bad8611a] set TAG_NEW=0,DB DEBUG,fe_LotRecipeRowCheckCreateByRecipe,c05dcd762e4b4b5a99224c48445d7683,3
63725,06/05/2026 08:34:24,INSERT in LOT_RECIPE_ROW TAG: [GI4_RECIPE_Data_OP10_PTL_4_Description] value: [MEZZO CORPO INSERIMENTO BOCCOLE] (FROM RECIPE_ROW) recipeId: [51d35ca6312844c3b65e14f623d1f162] tagID=[490e6e11bbd44c5f92fcf23dcb7868d6] set TAG_NEW=0,DB DEBUG,fe_LotRecipeRowCheckCreateByRecipe,c05dcd762e4b4b5a99224c48445d7683,3
63724,06/05/2026 08:34:24,INSERT in LOT_RECIPE_ROW TAG: [GI4_RECIPE_Data_OP30_PTL_10_Qta] value: [1] (FROM RECIPE_ROW) recipeId: [51d35ca6312844c3b65e14f623d1f162] tagID=[48e969b5856d4c9d82336b1e072b1bba] set TAG_NEW=0,DB DEBUG,fe_LotRecipeRowCheckCreateByRecipe,c05dcd762e4b4b5a99224c48445d7683,3
63723,06/05/2026 08:34:24,INSERT in LOT_RECIPE_ROW TAG: [GI4_RECIPE_Data_OP30_PTL_11_PartNumber] value: [11282842] (FROM RECIPE_ROW) recipeId: [51d35ca6312844c3b65e14f623d1f162] tagID=[48aacd5c08a34d18bbf3bb7419fa3ab4] set TAG_NEW=0,DB DEBUG,fe_LotRecipeRowCheckCreateByRecipe,c05dcd762e4b4b5a99224c48445d7683,3
63722,06/05/2026 08:34:24,INSERT in LOT_RECIPE_ROW TAG: [GI4_RECIPE_Data_OP10_PTL_14_CellUnion] value: [0] (FROM RECIPE_ROW) recipeId: [51d35ca6312844c3b65e14f623d1f162] tagID=[482a148a641642c58bbdd9465d6b17be] set TAG_NEW=0,DB DEBUG,fe_LotRecipeRowCheckCreateByRecipe,c05dcd762e4b4b5a99224c48445d7683,3
63721,06/05/2026 08:34:24,INSERT in LOT_RECIPE_ROW TAG: [GI4_RECIPE_Data_OP10_PTL_13_Description] value: [] (FROM RECIPE_ROW) recipeId: [51d35ca6312844c3b65e14f623d1f162] tagID=[481f37fd3f434301a285d9eb50975753] set TAG_NEW=0,DB DEBUG,fe_LotRecipeRowCheckCreateByRecipe,c05dcd762e4b4b5a99224c48445d7683,3
63720,06/05/2026 08:34:24,INSERT in LOT_RECIPE_ROW TAG: [GI4_RECIPE_Data_OP30_PTL_14_Description] value: [TCCE M10x30 UNI5931-12K- br.] (FROM RECIPE_ROW) recipeId: [51d35ca6312844c3b65e14f623d1f162] tagID=[4812e17c8ac14e9a9c0ef1b4b4696b0b] set TAG_NEW=0,DB DEBUG,fe_LotRecipeRowCheckCreateByRecipe,c05dcd762e4b4b5a99224c48445d7683,3
63719,06/05/2026 08:34:24,INSERT in LOT_RECIPE_ROW TAG: [GI4_RECIPE_Data_OP10_PTL_5_PartNumber] value: [11282842] (FROM RECIPE_ROW) recipeId: [51d35ca6312844c3b65e14f623d1f162] tagID=[4680db2a528748c2a56f1bfc1c19e36f] set TAG_NEW=0,DB DEBUG,fe_LotRecipeRowCheckCreateByRecipe,c05dcd762e4b4b5a99224c48445d7683,3
63718,06/05/2026 08:34:24,INSERT in LOT_RECIPE_ROW TAG: [GI4_RECIPE_Data_OP10_PTL_19_PartNumber] value: [] (FROM RECIPE_ROW) recipeId: [51d35ca6312844c3b65e14f623d1f162] tagID=[46764792305a424895b35614266a4c04] set TAG_NEW=0,DB DEBUG,fe_LotRecipeRowCheckCreateByRecipe,c05dcd762e4b4b5a99224c48445d7683,3
63717,06/05/2026 08:34:24,INSERT in LOT_RECIPE_ROW TAG: [GI4_RECIPE_Data_OP10_PTL_14_Qta] value: [0] (FROM RECIPE_ROW) recipeId: [51d35ca6312844c3b65e14f623d1f162] tagID=[4623827bfdd14033b163c177d300643d] set TAG_NEW=0,DB DEBUG,fe_LotRecipeRowCheckCreateByRecipe,c05dcd762e4b4b5a99224c48445d7683,3
63716,06/05/2026 08:34:24,INSERT in LOT_RECIPE_ROW TAG: [GI4_RECIPE_Data_OP10_PTL_28_Qta] value: [0] (FROM RECIPE_ROW) recipeId: [51d35ca6312844c3b65e14f623d1f162] tagID=[45cc5e117ed44c818f34976704160f11] set TAG_NEW=0,DB DEBUG,fe_LotRecipeRowCheckCreateByRecipe,c05dcd762e4b4b5a99224c48445d7683,3
63715,06/05/2026 08:34:24,INSERT in LOT_RECIPE_ROW TAG: [GI4_RECIPE_Data_OP10_PTL_18_Description] value: [] (FROM RECIPE_ROW) recipeId: [51d35ca6312844c3b65e14f623d1f162] tagID=[4515e7b7d1c6485fab728fa4a0d40a7c] set TAG_NEW=0,DB DEBUG,fe_LotRecipeRowCheckCreateByRecipe,c05dcd762e4b4b5a99224c48445d7683,3
63714,06/05/2026 08:34:24,INSERT in LOT_RECIPE_ROW TAG: [GI4_RECIPE_Data_OP10_PTL_1_Cell] value: [21] (FROM RECIPE_ROW) recipeId: [51d35ca6312844c3b65e14f623d1f162] tagID=[445a0a3d4bb74ef4a33c63abd027367f] set TAG_NEW=0,DB DEBUG,fe_LotRecipeRowCheckCreateByRecipe,c05dcd762e4b4b5a99224c48445d7683,3
63713,06/05/2026 08:34:24,INSERT in LOT_RECIPE_ROW TAG: [GI4_RECIPE_Data_OP30_PTL_13_PartNumber] value: [5020.02.0009] (FROM RECIPE_ROW) recipeId: [51d35ca6312844c3b65e14f623d1f162] tagID=[4419482991d445749bca6c4b6b6b4edc] set TAG_NEW=0,DB DEBUG,fe_LotRecipeRowCheckCreateByRecipe,c05dcd762e4b4b5a99224c48445d7683,3
63712,06/05/2026 08:34:24,INSERT in LOT_RECIPE_ROW TAG: [GI4_RECIPE_Data_OP30_PTL_15_Cell] value: [0] (FROM RECIPE_ROW) recipeId: [51d35ca6312844c3b65e14f623d1f162] tagID=[43ca04a60779487a9bad4b18e6857c08] set TAG_NEW=0,DB DEBUG,fe_LotRecipeRowCheckCreateByRecipe,c05dcd762e4b4b5a99224c48445d7683,3
63711,06/05/2026 08:34:24,INSERT in LOT_RECIPE_ROW TAG: [GI4_RECIPE_Data_OP10_PTL_7_CellUnion] value: [0] (FROM RECIPE_ROW) recipeId: [51d35ca6312844c3b65e14f623d1f162] tagID=[42f00b8edc9e43b6a4fdcb04b160c33d] set TAG_NEW=0,DB DEBUG,fe_LotRecipeRowCheckCreateByRecipe,c05dcd762e4b4b5a99224c48445d7683,3
63710,06/05/2026 08:34:24,INSERT in LOT_RECIPE_ROW TAG: [GI4_RECIPE_Data_OP10_PTL_32_Qta] value: [0] (FROM RECIPE_ROW) recipeId: [51d35ca6312844c3b65e14f623d1f162] tagID=[419f031a45ae4fd783a01f9ca22c0922] set TAG_NEW=0,DB DEBUG,fe_LotRecipeRowCheckCreateByRecipe,c05dcd762e4b4b5a99224c48445d7683,3
63709,06/05/2026 08:34:24,INSERT in LOT_RECIPE_ROW TAG: [GI4_RECIPE_Data_OP10_PTL_14_PartNumber] value: [] (FROM RECIPE_ROW) recipeId: [51d35ca6312844c3b65e14f623d1f162] tagID=[41079ba74b494fccb40a24a1128e5978] set TAG_NEW=0,DB DEBUG,fe_LotRecipeRowCheckCreateByRecipe,c05dcd762e4b4b5a99224c48445d7683,3
63708,06/05/2026 08:34:24,INSERT in LOT_RECIPE_ROW TAG: [GI4_RECIPE_Data_OP30_PTL_20_Description] value: [] (FROM RECIPE_ROW) recipeId: [51d35ca6312844c3b65e14f623d1f162] tagID=[40cee7fa97544d93a7248677d41157bd] set TAG_NEW=0,DB DEBUG,fe_LotRecipeRowCheckCreateByRecipe,c05dcd762e4b4b5a99224c48445d7683,3
63707,06/05/2026 08:34:24,INSERT in LOT_RECIPE_ROW TAG: [GI4_RECIPE_Data_OP10_PTL_30_PartNumber] value: [] (FROM RECIPE_ROW) recipeId: [51d35ca6312844c3b65e14f623d1f162] tagID=[401705b05b084c8b9289298d3fd0a8ea] set TAG_NEW=0,DB DEBUG,fe_LotRecipeRowCheckCreateByRecipe,c05dcd762e4b4b5a99224c48445d7683,3
63706,06/05/2026 08:34:24,INSERT in LOT_RECIPE_ROW TAG: [GI4_RECIPE_Data_OP30_PTL_6_Description] value: [SEEGER 42 UNI 7437] (FROM RECIPE_ROW) recipeId: [51d35ca6312844c3b65e14f623d1f162] tagID=[3fbdcfa4cbe54f72b48bbfa700784f6d] set TAG_NEW=0,DB DEBUG,fe_LotRecipeRowCheckCreateByRecipe,c05dcd762e4b4b5a99224c48445d7683,3
63705,06/05/2026 08:34:24,INSERT in LOT_RECIPE_ROW TAG: [GI4_RECIPE_Data_OP10_PTL_12_Qta] value: [0] (FROM RECIPE_ROW) recipeId: [51d35ca6312844c3b65e14f623d1f162] tagID=[3ee6c1a275af4d5694f2a55c97d228e0] set TAG_NEW=0,DB DEBUG,fe_LotRecipeRowCheckCreateByRecipe,c05dcd762e4b4b5a99224c48445d7683,3
63704,06/05/2026 08:34:24,INSERT in LOT_RECIPE_ROW TAG: [GI4_RECIPE_Data_OP30_PTL_31_CellUnion] value: [0] (FROM RECIPE_ROW) recipeId: [51d35ca6312844c3b65e14f623d1f162] tagID=[3d7cfd99b4bf4f8bb1da36f1892edb19] set TAG_NEW=0,DB DEBUG,fe_LotRecipeRowCheckCreateByRecipe,c05dcd762e4b4b5a99224c48445d7683,3
63703,06/05/2026 08:34:24,INSERT in LOT_RECIPE_ROW TAG: [GI4_RECIPE_Data_OP30_PTL_1_CellUnion] value: [0] (FROM RECIPE_ROW) recipeId: [51d35ca6312844c3b65e14f623d1f162] tagID=[3c3f4f6aea224e839c16ff9fc3cc6614] set TAG_NEW=0,DB DEBUG,fe_LotRecipeRowCheckCreateByRecipe,c05dcd762e4b4b5a99224c48445d7683,3
63702,06/05/2026 08:34:24,INSERT in LOT_RECIPE_ROW TAG: [GI4_RECIPE_Data_OP30_PTL_10_PartNumber] value: [MEZZO CORPO] (FROM RECIPE_ROW) recipeId: [51d35ca6312844c3b65e14f623d1f162] tagID=[3a58c2366cbe4e0a840abbf4b877bace] set TAG_NEW=0,DB DEBUG,fe_LotRecipeRowCheckCreateByRecipe,c05dcd762e4b4b5a99224c48445d7683,3
63701,06/05/2026 08:34:24,INSERT in LOT_RECIPE_ROW TAG: [GI4_RECIPE_Data_OP10_PTL_15_Cell] value: [0] (FROM RECIPE_ROW) recipeId: [51d35ca6312844c3b65e14f623d1f162] tagID=[39d7e17fb1c44fa796f5f098e86ec7c2] set TAG_NEW=0,DB DEBUG,fe_LotRecipeRowCheckCreateByRecipe,c05dcd762e4b4b5a99224c48445d7683,3
63700,06/05/2026 08:34:24,INSERT in LOT_RECIPE_ROW TAG: [GI4_RECIPE_Data_OP10_PTL_31_Description] value: [] (FROM RECIPE_ROW) recipeId: [51d35ca6312844c3b65e14f623d1f162] tagID=[38ae032c2f984468887d6b24690bab51] set TAG_NEW=0,DB DEBUG,fe_LotRecipeRowCheckCreateByRecipe,c05dcd762e4b4b5a99224c48445d7683,3
63699,06/05/2026 08:34:24,INSERT in LOT_RECIPE_ROW TAG: [GI4_RECIPE_Data_OP30_PTL_31_Description] value: [] (FROM RECIPE_ROW) recipeId: [51d35ca6312844c3b65e14f623d1f162] tagID=[3887fc96aa2b47d691405d5804130797] set TAG_NEW=0,DB DEBUG,fe_LotRecipeRowCheckCreateByRecipe,c05dcd762e4b4b5a99224c48445d7683,3
63698,06/05/2026 08:34:24,INSERT in LOT_RECIPE_ROW TAG: [GI4_RECIPE_Data_OP10_PTL_8_Qta] value: [0] (FROM RECIPE_ROW) recipeId: [51d35ca6312844c3b65e14f623d1f162] tagID=[3815c76174064515bafb801007a14614] set TAG_NEW=0,DB DEBUG,fe_LotRecipeRowCheckCreateByRecipe,c05dcd762e4b4b5a99224c48445d7683,3
63697,06/05/2026 08:34:24,INSERT in LOT_RECIPE_ROW TAG: [GI4_RECIPE_Data_OP30_PTL_24_Qta] value: [0] (FROM RECIPE_ROW) recipeId: [51d35ca6312844c3b65e14f623d1f162] tagID=[37f0f3807d804fec9537deac883d8fa7] set TAG_NEW=0,DB DEBUG,fe_LotRecipeRowCheckCreateByRecipe,c05dcd762e4b4b5a99224c48445d7683,3
63696,06/05/2026 08:34:24,INSERT in LOT_RECIPE_ROW TAG: [GI4_RECIPE_Data_OP30_PTL_13_Qta] value: [20] (FROM RECIPE_ROW) recipeId: [51d35ca6312844c3b65e14f623d1f162] tagID=[374dd1ca558346c198cd868b38086280] set TAG_NEW=0,DB DEBUG,fe_LotRecipeRowCheckCreateByRecipe,c05dcd762e4b4b5a99224c48445d7683,3
63695,06/05/2026 08:34:24,INSERT in LOT_RECIPE_ROW TAG: [GI4_RECIPE_Data_OP10_PTL_15_Description] value: [] (FROM RECIPE_ROW) recipeId: [51d35ca6312844c3b65e14f623d1f162] tagID=[3654183a50bf43b7b64146ef7d9442b0] set TAG_NEW=0,DB DEBUG,fe_LotRecipeRowCheckCreateByRecipe,c05dcd762e4b4b5a99224c48445d7683,3
63694,06/05/2026 08:34:24,INSERT in LOT_RECIPE_ROW TAG: [GI4_RECIPE_Data_OP30_PTL_7_Qta] value: [10] (FROM RECIPE_ROW) recipeId: [51d35ca6312844c3b65e14f623d1f162] tagID=[3640890fbc5649c38727f3cec1b1e5f2] set TAG_NEW=0,DB DEBUG,fe_LotRecipeRowCheckCreateByRecipe,c05dcd762e4b4b5a99224c48445d7683,3
63693,06/05/2026 08:34:24,INSERT in LOT_RECIPE_ROW TAG: [GI4_RECIPE_Data_OP10_PTL_13_Qta] value: [0] (FROM RECIPE_ROW) recipeId: [51d35ca6312844c3b65e14f623d1f162] tagID=[34eb2b59a3134746953e9611d408d2e6] set TAG_NEW=0,DB DEBUG,fe_LotRecipeRowCheckCreateByRecipe,c05dcd762e4b4b5a99224c48445d7683,3
63692,06/05/2026 08:34:24,INSERT in LOT_RECIPE_ROW TAG: [GI4_RECIPE_Data_OP30_PTL_2_CellUnion] value: [0] (FROM RECIPE_ROW) recipeId: [51d35ca6312844c3b65e14f623d1f162] tagID=[34ba42b7560e4ee9a12fd1944c5aa703] set TAG_NEW=0,DB DEBUG,fe_LotRecipeRowCheckCreateByRecipe,c05dcd762e4b4b5a99224c48445d7683,3
63691,06/05/2026 08:34:24,INSERT in LOT_RECIPE_ROW TAG: [GI4_RECIPE_Data_OP10_PTL_4_Cell] value: [32] (FROM RECIPE_ROW) recipeId: [51d35ca6312844c3b65e14f623d1f162] tagID=[336e0993097945d5b1a95047881dcb0d] set TAG_NEW=0,DB DEBUG,fe_LotRecipeRowCheckCreateByRecipe,c05dcd762e4b4b5a99224c48445d7683,3
63690,06/05/2026 08:34:24,INSERT in LOT_RECIPE_ROW TAG: [GI4_RECIPE_Data_OP30_PTL_19_CellUnion] value: [0] (FROM RECIPE_ROW) recipeId: [51d35ca6312844c3b65e14f623d1f162] tagID=[32b489d628b8417fb1b585cd49fd61c7] set TAG_NEW=0,DB DEBUG,fe_LotRecipeRowCheckCreateByRecipe,c05dcd762e4b4b5a99224c48445d7683,3
63689,06/05/2026 08:34:24,INSERT in LOT_RECIPE_ROW TAG: [GI4_RECIPE_Data_OP30_PTL_13_Cell] value: [24] (FROM RECIPE_ROW) recipeId: [51d35ca6312844c3b65e14f623d1f162] tagID=[322607fdab0d48e482f702551a084233] set TAG_NEW=0,DB DEBUG,fe_LotRecipeRowCheckCreateByRecipe,c05dcd762e4b4b5a99224c48445d7683,3
63688,06/05/2026 08:34:24,INSERT in LOT_RECIPE_ROW TAG: [GI4_RECIPE_Data_OP10_PTL_25_CellUnion] value: [0] (FROM RECIPE_ROW) recipeId: [51d35ca6312844c3b65e14f623d1f162] tagID=[31ad5d3c1e3a45f199917e67426ed441] set TAG_NEW=0,DB DEBUG,fe_LotRecipeRowCheckCreateByRecipe,c05dcd762e4b4b5a99224c48445d7683,3
63687,06/05/2026 08:34:24,INSERT in LOT_RECIPE_ROW TAG: [GI4_RECIPE_Data_PrintType] value: [1] (FROM RECIPE_ROW) recipeId: [51d35ca6312844c3b65e14f623d1f162] tagID=[319e60a433a54b1986e7af6ab5b36d6e] set TAG_NEW=0,DB DEBUG,fe_LotRecipeRowCheckCreateByRecipe,c05dcd762e4b4b5a99224c48445d7683,3
63686,06/05/2026 08:34:24,INSERT in LOT_RECIPE_ROW TAG: [GI4_RECIPE_Data_OP30_PTL_6_CellUnion] value: [0] (FROM RECIPE_ROW) recipeId: [51d35ca6312844c3b65e14f623d1f162] tagID=[3165fec2bb354085abd7e63466d042a6] set TAG_NEW=0,DB DEBUG,fe_LotRecipeRowCheckCreateByRecipe,c05dcd762e4b4b5a99224c48445d7683,3
63685,06/05/2026 08:34:24,INSERT in LOT_RECIPE_ROW TAG: [GI4_RECIPE_Data_OP10_PTL_32_Cell] value: [0] (FROM RECIPE_ROW) recipeId: [51d35ca6312844c3b65e14f623d1f162] tagID=[30cf96ca4b834ee2b9a7eb56df1b6aea] set TAG_NEW=0,DB DEBUG,fe_LotRecipeRowCheckCreateByRecipe,c05dcd762e4b4b5a99224c48445d7683,3
63684,06/05/2026 08:34:24,INSERT in LOT_RECIPE_ROW TAG: [GI4_RECIPE_Data_DustCover] value: [0] (FROM RECIPE_ROW) recipeId: [51d35ca6312844c3b65e14f623d1f162] tagID=[2f62647d508c427c9d0593d21d9f9a96] set TAG_NEW=0,DB DEBUG,fe_LotRecipeRowCheckCreateByRecipe,c05dcd762e4b4b5a99224c48445d7683,3
63683,06/05/2026 08:34:24,INSERT in LOT_RECIPE_ROW TAG: [GI4_RECIPE_Data_OP10_PTL_21_Description] value: [] (FROM RECIPE_ROW) recipeId: [51d35ca6312844c3b65e14f623d1f162] tagID=[2f012265fcf54daaa75a2db2cb2ccaad] set TAG_NEW=0,DB DEBUG,fe_LotRecipeRowCheckCreateByRecipe,c05dcd762e4b4b5a99224c48445d7683,3
63682,06/05/2026 08:34:24,INSERT in LOT_RECIPE_ROW TAG: [GI4_RECIPE_Data_OP10_PTL_13_Cell] value: [0] (FROM RECIPE_ROW) recipeId: [51d35ca6312844c3b65e14f623d1f162] tagID=[2efd39cf088b44fa9e8c5d457d66450b] set TAG_NEW=0,DB DEBUG,fe_LotRecipeRowCheckCreateByRecipe,c05dcd762e4b4b5a99224c48445d7683,3
63681,06/05/2026 08:34:24,INSERT in LOT_RECIPE_ROW TAG: [GI4_RECIPE_Data_OP10_PTL_24_Cell] value: [0] (FROM RECIPE_ROW) recipeId: [51d35ca6312844c3b65e14f623d1f162] tagID=[2efc21b5f4fd41a6b3b388597dc3adb3] set TAG_NEW=0,DB DEBUG,fe_LotRecipeRowCheckCreateByRecipe,c05dcd762e4b4b5a99224c48445d7683,3
63680,06/05/2026 08:34:24,INSERT in LOT_RECIPE_ROW TAG: [GI4_RECIPE_Data_OP10_PTL_5_Qta] value: [10] (FROM RECIPE_ROW) recipeId: [51d35ca6312844c3b65e14f623d1f162] tagID=[2b5decc799564bc88555d022c4ea85a3] set TAG_NEW=0,DB DEBUG,fe_LotRecipeRowCheckCreateByRecipe,c05dcd762e4b4b5a99224c48445d7683,3
63679,06/05/2026 08:34:24,INSERT in LOT_RECIPE_ROW TAG: [GI4_RECIPE_Data_OP10_PTL_10_CellUnion] value: [0] (FROM RECIPE_ROW) recipeId: [51d35ca6312844c3b65e14f623d1f162] tagID=[2b0617f17e5f46729f228a527a408fdc] set TAG_NEW=0,DB DEBUG,fe_LotRecipeRowCheckCreateByRecipe,c05dcd762e4b4b5a99224c48445d7683,3
63678,06/05/2026 08:34:24,INSERT in LOT_RECIPE_ROW TAG: [GI4_RECIPE_Data_OP30_PTL_4_CellUnion] value: [0] (FROM RECIPE_ROW) recipeId: [51d35ca6312844c3b65e14f623d1f162] tagID=[29c462d549fb42e1b052a86a35b11f12] set TAG_NEW=0,DB DEBUG,fe_LotRecipeRowCheckCreateByRecipe,c05dcd762e4b4b5a99224c48445d7683,3
63677,06/05/2026 08:34:24,INSERT in LOT_RECIPE_ROW TAG: [GI4_RECIPE_Data_OP30_PTL_25_Description] value: [] (FROM RECIPE_ROW) recipeId: [51d35ca6312844c3b65e14f623d1f162] tagID=[27b140c810ec405994079df3f60de1e2] set TAG_NEW=0,DB DEBUG,fe_LotRecipeRowCheckCreateByRecipe,c05dcd762e4b4b5a99224c48445d7683,3
63676,06/05/2026 08:34:24,INSERT in LOT_RECIPE_ROW TAG: [GI4_RECIPE_Data_OP10_PTL_21_CellUnion] value: [0] (FROM RECIPE_ROW) recipeId: [51d35ca6312844c3b65e14f623d1f162] tagID=[2768d9617f784288aada7d9eef63d70c] set TAG_NEW=0,DB DEBUG,fe_LotRecipeRowCheckCreateByRecipe,c05dcd762e4b4b5a99224c48445d7683,3
63675,06/05/2026 08:34:24,INSERT in LOT_RECIPE_ROW TAG: [GI4_RECIPE_Data_OP10_PTL_29_CellUnion] value: [0] (FROM RECIPE_ROW) recipeId: [51d35ca6312844c3b65e14f623d1f162] tagID=[2547ffd6de24486f86b1235208d06d8b] set TAG_NEW=0,DB DEBUG,fe_LotRecipeRowCheckCreateByRecipe,c05dcd762e4b4b5a99224c48445d7683,3
63674,06/05/2026 08:34:24,INSERT in LOT_RECIPE_ROW TAG: [GI4_RECIPE_Data_OP10_PTL_18_CellUnion] value: [0] (FROM RECIPE_ROW) recipeId: [51d35ca6312844c3b65e14f623d1f162] tagID=[24788739016145d2a6de1e84726b4509] set TAG_NEW=0,DB DEBUG,fe_LotRecipeRowCheckCreateByRecipe,c05dcd762e4b4b5a99224c48445d7683,3
63673,06/05/2026 08:34:24,INSERT in LOT_RECIPE_ROW TAG: [GI4_RECIPE_Data_OP30_PTL_6_Cell] value: [0] (FROM RECIPE_ROW) recipeId: [51d35ca6312844c3b65e14f623d1f162] tagID=[239ff647bb7c4b78b16fb964e8ea5c65] set TAG_NEW=0,DB DEBUG,fe_LotRecipeRowCheckCreateByRecipe,c05dcd762e4b4b5a99224c48445d7683,3
63672,06/05/2026 08:34:24,INSERT in LOT_RECIPE_ROW TAG: [GI4_RECIPE_Data_OP30_PTL_10_CellUnion] value: [0] (FROM RECIPE_ROW) recipeId: [51d35ca6312844c3b65e14f623d1f162] tagID=[236ecfef4bc94a9ebfb403c825ec2cb8] set TAG_NEW=0,DB DEBUG,fe_LotRecipeRowCheckCreateByRecipe,c05dcd762e4b4b5a99224c48445d7683,3
63671,06/05/2026 08:34:24,INSERT in LOT_RECIPE_ROW TAG: [GI4_RECIPE_Data_OP10_PTL_16_CellUnion] value: [0] (FROM RECIPE_ROW) recipeId: [51d35ca6312844c3b65e14f623d1f162] tagID=[23526c0d4cc14b0b8445d664756087d9] set TAG_NEW=0,DB DEBUG,fe_LotRecipeRowCheckCreateByRecipe,c05dcd762e4b4b5a99224c48445d7683,3
63670,06/05/2026 08:34:24,INSERT in LOT_RECIPE_ROW TAG: [GI4_RECIPE_Data_OP30_PTL_25_CellUnion] value: [0] (FROM RECIPE_ROW) recipeId: [51d35ca6312844c3b65e14f623d1f162] tagID=[23490577e94b461fad46e23ebd9cdb89] set TAG_NEW=0,DB DEBUG,fe_LotRecipeRowCheckCreateByRecipe,c05dcd762e4b4b5a99224c48445d7683,3
63669,06/05/2026 08:34:24,INSERT in LOT_RECIPE_ROW TAG: [GI4_RECIPE_Data_OP10_PTL_22_CellUnion] value: [0] (FROM RECIPE_ROW) recipeId: [51d35ca6312844c3b65e14f623d1f162] tagID=[22d2c12d88084e9491c910a201e38e0d] set TAG_NEW=0,DB DEBUG,fe_LotRecipeRowCheckCreateByRecipe,c05dcd762e4b4b5a99224c48445d7683,3
63668,06/05/2026 08:34:24,INSERT in LOT_RECIPE_ROW TAG: [GI4_RECIPE_Data_MasterModelCode] value: [SNW3NN/022LN07SLNNCAC7NNNN/NNNNN] (FROM RECIPE_ROW) recipeId: [51d35ca6312844c3b65e14f623d1f162] tagID=[2295f1d9dbe3459691489299eb02429f] set TAG_NEW=0,DB DEBUG,fe_LotRecipeRowCheckCreateByRecipe,c05dcd762e4b4b5a99224c48445d7683,3
63667,06/05/2026 08:34:24,INSERT in LOT_RECIPE_ROW TAG: [GI4_RECIPE_Data_OP30_PTL_9_CellUnion] value: [0] (FROM RECIPE_ROW) recipeId: [51d35ca6312844c3b65e14f623d1f162] tagID=[2117c8a6f98640dea219faa2b6243584] set TAG_NEW=0,DB DEBUG,fe_LotRecipeRowCheckCreateByRecipe,c05dcd762e4b4b5a99224c48445d7683,3
63666,06/05/2026 08:34:24,INSERT in LOT_RECIPE_ROW TAG: [GI4_RECIPE_Data_OP10_PTL_18_Cell] value: [0] (FROM RECIPE_ROW) recipeId: [51d35ca6312844c3b65e14f623d1f162] tagID=[200054d0678e43aab0d9f82753270661] set TAG_NEW=0,DB DEBUG,fe_LotRecipeRowCheckCreateByRecipe,c05dcd762e4b4b5a99224c48445d7683,3
63665,06/05/2026 08:34:24,INSERT in LOT_RECIPE_ROW TAG: [GI4_RECIPE_Data_OP10_PTL_18_PartNumber] value: [] (FROM RECIPE_ROW) recipeId: [51d35ca6312844c3b65e14f623d1f162] tagID=[1fd38a7c7dd64cfbb9a03b2acf6d6f9e] set TAG_NEW=0,DB DEBUG,fe_LotRecipeRowCheckCreateByRecipe,c05dcd762e4b4b5a99224c48445d7683,3
63664,06/05/2026 08:34:24,INSERT in LOT_RECIPE_ROW TAG: [GI4_RECIPE_Data_OP30_PTL_30_PartNumber] value: [] (FROM RECIPE_ROW) recipeId: [51d35ca6312844c3b65e14f623d1f162] tagID=[1ec5b337bccb4f388faef9b1b78fe39d] set TAG_NEW=0,DB DEBUG,fe_LotRecipeRowCheckCreateByRecipe,c05dcd762e4b4b5a99224c48445d7683,3
63663,06/05/2026 08:34:24,INSERT in LOT_RECIPE_ROW TAG: [GI4_RECIPE_Data_OP10_PTL_11_CellUnion] value: [0] (FROM RECIPE_ROW) recipeId: [51d35ca6312844c3b65e14f623d1f162] tagID=[1e73099add0d4761b3fb96855bcce8ba] set TAG_NEW=0,DB DEBUG,fe_LotRecipeRowCheckCreateByRecipe,c05dcd762e4b4b5a99224c48445d7683,3
63662,06/05/2026 08:34:24,INSERT in LOT_RECIPE_ROW TAG: [GI4_RECIPE_Data_OP10_PTL_28_PartNumber] value: [] (FROM RECIPE_ROW) recipeId: [51d35ca6312844c3b65e14f623d1f162] tagID=[1e6514dd3aa241ddaf46cfba71deda8d] set TAG_NEW=0,DB DEBUG,fe_LotRecipeRowCheckCreateByRecipe,c05dcd762e4b4b5a99224c48445d7683,3
63661,06/05/2026 08:34:24,INSERT in LOT_RECIPE_ROW TAG: [GI4_RECIPE_Data_OP30_PTL_9_Cell] value: [21] (FROM RECIPE_ROW) recipeId: [51d35ca6312844c3b65e14f623d1f162] tagID=[1e41bea737484150b9810803137db848] set TAG_NEW=0,DB DEBUG,fe_LotRecipeRowCheckCreateByRecipe,c05dcd762e4b4b5a99224c48445d7683,3
63660,06/05/2026 08:34:24,INSERT in LOT_RECIPE_ROW TAG: [GI4_RECIPE_Data_OP30_PTL_14_Qta] value: [10] (FROM RECIPE_ROW) recipeId: [51d35ca6312844c3b65e14f623d1f162] tagID=[1e1a67aab00c40568e55d6a9cb7e929c] set TAG_NEW=0,DB DEBUG,fe_LotRecipeRowCheckCreateByRecipe,c05dcd762e4b4b5a99224c48445d7683,3
63659,06/05/2026 08:34:24,INSERT in LOT_RECIPE_ROW TAG: [GI4_RECIPE_Data_OP10_PTL_2_CellUnion] value: [0] (FROM RECIPE_ROW) recipeId: [51d35ca6312844c3b65e14f623d1f162] tagID=[1da4b4e89476455ba061456cde4d84bc] set TAG_NEW=0,DB DEBUG,fe_LotRecipeRowCheckCreateByRecipe,c05dcd762e4b4b5a99224c48445d7683,3
63658,06/05/2026 08:34:24,INSERT in LOT_RECIPE_ROW TAG: [GI4_RECIPE_Data_OP10_PTL_12_PartNumber] value: [] (FROM RECIPE_ROW) recipeId: [51d35ca6312844c3b65e14f623d1f162] tagID=[1c6bdf1e83a74aaca4e2c6a37d60fdd3] set TAG_NEW=0,DB DEBUG,fe_LotRecipeRowCheckCreateByRecipe,c05dcd762e4b4b5a99224c48445d7683,3
63657,06/05/2026 08:34:24,INSERT in LOT_RECIPE_ROW TAG: [GI4_RECIPE_Data_OP30_PTL_30_Cell] value: [0] (FROM RECIPE_ROW) recipeId: [51d35ca6312844c3b65e14f623d1f162] tagID=[1c292609bff545948b1b50178f98734a] set TAG_NEW=0,DB DEBUG,fe_LotRecipeRowCheckCreateByRecipe,c05dcd762e4b4b5a99224c48445d7683,3
63656,06/05/2026 08:34:24,INSERT in LOT_RECIPE_ROW TAG: [GI4_RECIPE_Data_OP30_PTL_9_Description] value: [GUAR.DI CONT. BOCC.SNP3] (FROM RECIPE_ROW) recipeId: [51d35ca6312844c3b65e14f623d1f162] tagID=[1b395e351c7a424faee5b72d6916e004] set TAG_NEW=0,DB DEBUG,fe_LotRecipeRowCheckCreateByRecipe,c05dcd762e4b4b5a99224c48445d7683,3
63655,06/05/2026 08:34:24,INSERT in LOT_RECIPE_ROW TAG: [GI4_RECIPE_Data_OP30_PTL_20_Qta] value: [0] (FROM RECIPE_ROW) recipeId: [51d35ca6312844c3b65e14f623d1f162] tagID=[1ae24f3c9bd843b5bdae323af5e44833] set TAG_NEW=0,DB DEBUG,fe_LotRecipeRowCheckCreateByRecipe,c05dcd762e4b4b5a99224c48445d7683,3
63654,06/05/2026 08:34:24,INSERT in LOT_RECIPE_ROW TAG: [GI4_RECIPE_Data_OP10_PTL_31_PartNumber] value: [] (FROM RECIPE_ROW) recipeId: [51d35ca6312844c3b65e14f623d1f162] tagID=[1adcf7bd1d72448bb87b3b30dd715166] set TAG_NEW=0,DB DEBUG,fe_LotRecipeRowCheckCreateByRecipe,c05dcd762e4b4b5a99224c48445d7683,3
63653,06/05/2026 08:34:24,INSERT in LOT_RECIPE_ROW TAG: [GI4_RECIPE_Data_OP10_PTL_9_CellUnion] value: [0] (FROM RECIPE_ROW) recipeId: [51d35ca6312844c3b65e14f623d1f162] tagID=[1a1c23ee431f4728b01677039593bc81] set TAG_NEW=0,DB DEBUG,fe_LotRecipeRowCheckCreateByRecipe,c05dcd762e4b4b5a99224c48445d7683,3
63652,06/05/2026 08:34:24,INSERT in LOT_RECIPE_ROW TAG: [GI4_RECIPE_Data_OP30_PTL_12_PartNumber] value: [5011.31.2215] (FROM RECIPE_ROW) recipeId: [51d35ca6312844c3b65e14f623d1f162] tagID=[1897909b17784365ae9be36b71a37912] set TAG_NEW=0,DB DEBUG,fe_LotRecipeRowCheckCreateByRecipe,c05dcd762e4b4b5a99224c48445d7683,3
63651,06/05/2026 08:34:24,INSERT in LOT_RECIPE_ROW TAG: [GI4_RECIPE_Data_OP30_PTL_5_Qta] value: [20] (FROM RECIPE_ROW) recipeId: [51d35ca6312844c3b65e14f623d1f162] tagID=[17e58e802fdb4886a00ee2df555cccc2] set TAG_NEW=0,DB DEBUG,fe_LotRecipeRowCheckCreateByRecipe,c05dcd762e4b4b5a99224c48445d7683,3
63650,06/05/2026 08:34:24,INSERT in LOT_RECIPE_ROW TAG: [GI4_RECIPE_Data_OP30_PTL_32_Qta] value: [0] (FROM RECIPE_ROW) recipeId: [51d35ca6312844c3b65e14f623d1f162] tagID=[17bfebdd36ed4d268e65b73ad2683657] set TAG_NEW=0,DB DEBUG,fe_LotRecipeRowCheckCreateByRecipe,c05dcd762e4b4b5a99224c48445d7683,3
63649,06/05/2026 08:34:24,INSERT in LOT_RECIPE_ROW TAG: [GI4_RECIPE_Data_OP30_PTL_13_CellUnion] value: [0] (FROM RECIPE_ROW) recipeId: [51d35ca6312844c3b65e14f623d1f162] tagID=[171ef8f151874a64b2aa6d76fa9e011e] set TAG_NEW=0,DB DEBUG,fe_LotRecipeRowCheckCreateByRecipe,c05dcd762e4b4b5a99224c48445d7683,3
63648,06/05/2026 08:34:24,INSERT in LOT_RECIPE_ROW TAG: [GI4_RECIPE_Data_OP30_PTL_8_CellUnion] value: [0] (FROM RECIPE_ROW) recipeId: [51d35ca6312844c3b65e14f623d1f162] tagID=[16825f04574b4c16b4ab3c9fc79ebec3] set TAG_NEW=0,DB DEBUG,fe_LotRecipeRowCheckCreateByRecipe,c05dcd762e4b4b5a99224c48445d7683,3
63647,06/05/2026 08:34:24,INSERT in LOT_RECIPE_ROW TAG: [GI4_RECIPE_Data_OP30_PTL_27_PartNumber] value: [] (FROM RECIPE_ROW) recipeId: [51d35ca6312844c3b65e14f623d1f162] tagID=[152ff83f6425493d8ee154c7474edc49] set TAG_NEW=0,DB DEBUG,fe_LotRecipeRowCheckCreateByRecipe,c05dcd762e4b4b5a99224c48445d7683,3
63646,06/05/2026 08:34:24,INSERT in LOT_RECIPE_ROW TAG: [GI4_RECIPE_Data_OP10_PTL_6_Qta] value: [10] (FROM RECIPE_ROW) recipeId: [51d35ca6312844c3b65e14f623d1f162] tagID=[149871b6a096497a9ec64f62ca13eb4b] set TAG_NEW=0,DB DEBUG,fe_LotRecipeRowCheckCreateByRecipe,c05dcd762e4b4b5a99224c48445d7683,3
63645,06/05/2026 08:34:24,INSERT in LOT_RECIPE_ROW TAG: [GI4_RECIPE_Data_OP10_PTL_4_Qta] value: [1] (FROM RECIPE_ROW) recipeId: [51d35ca6312844c3b65e14f623d1f162] tagID=[142c9d2d9d404cae81c1f59ae4da360d] set TAG_NEW=0,DB DEBUG,fe_LotRecipeRowCheckCreateByRecipe,c05dcd762e4b4b5a99224c48445d7683,3
63644,06/05/2026 08:34:24,INSERT in LOT_RECIPE_ROW TAG: [GI4_RECIPE_Data_OP30_PTL_31_Cell] value: [0] (FROM RECIPE_ROW) recipeId: [51d35ca6312844c3b65e14f623d1f162] tagID=[138d7ec4d945404cb05a6c2acc6e26c9] set TAG_NEW=0,DB DEBUG,fe_LotRecipeRowCheckCreateByRecipe,c05dcd762e4b4b5a99224c48445d7683,3
63643,06/05/2026 08:34:24,INSERT in LOT_RECIPE_ROW TAG: [GI4_RECIPE_Data_OP10_PTL_28_Description] value: [] (FROM RECIPE_ROW) recipeId: [51d35ca6312844c3b65e14f623d1f162] tagID=[12a6a0eb336a45538a178cbcfbba8b13] set TAG_NEW=0,DB DEBUG,fe_LotRecipeRowCheckCreateByRecipe,c05dcd762e4b4b5a99224c48445d7683,3
63642,06/05/2026 08:34:24,INSERT in LOT_RECIPE_ROW TAG: [GI4_RECIPE_Data_OP30_PTL_24_CellUnion] value: [0] (FROM RECIPE_ROW) recipeId: [51d35ca6312844c3b65e14f623d1f162] tagID=[11fead26f2374b1895abe418c9d7bf56] set TAG_NEW=0,DB DEBUG,fe_LotRecipeRowCheckCreateByRecipe,c05dcd762e4b4b5a99224c48445d7683,3
63641,06/05/2026 08:34:24,INSERT in LOT_RECIPE_ROW TAG: [GI4_RECIPE_Data_OP30_PTL_19_PartNumber] value: [] (FROM RECIPE_ROW) recipeId: [51d35ca6312844c3b65e14f623d1f162] tagID=[117d55a6eec74686af0d4085044334ff] set TAG_NEW=0,DB DEBUG,fe_LotRecipeRowCheckCreateByRecipe,c05dcd762e4b4b5a99224c48445d7683,3
63640,06/05/2026 08:34:24,INSERT in LOT_RECIPE_ROW TAG: [GI4_RECIPE_Data_OP30_PTL_28_PartNumber] value: [] (FROM RECIPE_ROW) recipeId: [51d35ca6312844c3b65e14f623d1f162] tagID=[108fa0aa4e9b422cb0c37060f5f8251a] set TAG_NEW=0,DB DEBUG,fe_LotRecipeRowCheckCreateByRecipe,c05dcd762e4b4b5a99224c48445d7683,3
63639,06/05/2026 08:34:24,INSERT in LOT_RECIPE_ROW TAG: [GI4_RECIPE_Data_OP30_PTL_28_Cell] value: [0] (FROM RECIPE_ROW) recipeId: [51d35ca6312844c3b65e14f623d1f162] tagID=[1064907859704583a8bb1acb185d83ab] set TAG_NEW=0,DB DEBUG,fe_LotRecipeRowCheckCreateByRecipe,c05dcd762e4b4b5a99224c48445d7683,3
63638,06/05/2026 08:34:24,INSERT in LOT_RECIPE_ROW TAG: [GI4_RECIPE_Data_OP30_PTL_15_PartNumber] value: [] (FROM RECIPE_ROW) recipeId: [51d35ca6312844c3b65e14f623d1f162] tagID=[0f861d9887f547c4a700d24785651f0c] set TAG_NEW=0,DB DEBUG,fe_LotRecipeRowCheckCreateByRecipe,c05dcd762e4b4b5a99224c48445d7683,3
63637,06/05/2026 08:34:24,INSERT in LOT_RECIPE_ROW TAG: [GI4_RECIPE_Data_OP10_PTL_3_PartNumber] value: [314.0060.0.00] (FROM RECIPE_ROW) recipeId: [51d35ca6312844c3b65e14f623d1f162] tagID=[0ecb09489ff542bdbdd43d40a6c9512f] set TAG_NEW=0,DB DEBUG,fe_LotRecipeRowCheckCreateByRecipe,c05dcd762e4b4b5a99224c48445d7683,3
63636,06/05/2026 08:34:24,INSERT in LOT_RECIPE_ROW TAG: [GI4_RECIPE_Data_OP30_PTL_14_Cell] value: [12] (FROM RECIPE_ROW) recipeId: [51d35ca6312844c3b65e14f623d1f162] tagID=[0cf9f78a5123498ab6e2b33cc7e7cdb5] set TAG_NEW=0,DB DEBUG,fe_LotRecipeRowCheckCreateByRecipe,c05dcd762e4b4b5a99224c48445d7683,3
63635,06/05/2026 08:34:24,INSERT in LOT_RECIPE_ROW TAG: [GI4_RECIPE_Data_OP10_PTL_31_Qta] value: [0] (FROM RECIPE_ROW) recipeId: [51d35ca6312844c3b65e14f623d1f162] tagID=[0cae3beb3c844e07b0495201a61d0a6b] set TAG_NEW=0,DB DEBUG,fe_LotRecipeRowCheckCreateByRecipe,c05dcd762e4b4b5a99224c48445d7683,3
63634,06/05/2026 08:34:24,INSERT in LOT_RECIPE_ROW TAG: [GI4_RECIPE_Data_OP30_PTL_8_Description] value: [AN.ANTIESTR.PIASTRA SNP3] (FROM RECIPE_ROW) recipeId: [51d35ca6312844c3b65e14f623d1f162] tagID=[0c50c86c64814102b8bf9d50bea4121c] set TAG_NEW=0,DB DEBUG,fe_LotRecipeRowCheckCreateByRecipe,c05dcd762e4b4b5a99224c48445d7683,3
63633,06/05/2026 08:34:24,INSERT in LOT_RECIPE_ROW TAG: [GI4_RECIPE_Data_OP30_PTL_24_Description] value: [] (FROM RECIPE_ROW) recipeId: [51d35ca6312844c3b65e14f623d1f162] tagID=[08e01c362a124f688baffd9b72b42d55] set TAG_NEW=0,DB DEBUG,fe_LotRecipeRowCheckCreateByRecipe,c05dcd762e4b4b5a99224c48445d7683,3
63632,06/05/2026 08:34:24,INSERT in LOT_RECIPE_ROW TAG: [GI4_RECIPE_Data_OP10_PTL_25_PartNumber] value: [] (FROM RECIPE_ROW) recipeId: [51d35ca6312844c3b65e14f623d1f162] tagID=[08c052c80fc44199978244ded6f644a8] set TAG_NEW=0,DB DEBUG,fe_LotRecipeRowCheckCreateByRecipe,c05dcd762e4b4b5a99224c48445d7683,3
63631,06/05/2026 08:34:24,INSERT in LOT_RECIPE_ROW TAG: [GI4_RECIPE_Data_OP10_PTL_23_CellUnion] value: [0] (FROM RECIPE_ROW) recipeId: [51d35ca6312844c3b65e14f623d1f162] tagID=[08a1b948dc2b43adb6f3a5f05a6e7c10] set TAG_NEW=0,DB DEBUG,fe_LotRecipeRowCheckCreateByRecipe,c05dcd762e4b4b5a99224c48445d7683,3
63630,06/05/2026 08:34:24,INSERT in LOT_RECIPE_ROW TAG: [GI4_RECIPE_Data_OP30_PTL_25_Cell] value: [0] (FROM RECIPE_ROW) recipeId: [51d35ca6312844c3b65e14f623d1f162] tagID=[0825757efe7a4a17ad0a2f68fc354c13] set TAG_NEW=0,DB DEBUG,fe_LotRecipeRowCheckCreateByRecipe,c05dcd762e4b4b5a99224c48445d7683,3
63629,06/05/2026 08:34:24,INSERT in LOT_RECIPE_ROW TAG: [GI4_RECIPE_Data_OP30_PTL_2_Qta] value: [20] (FROM RECIPE_ROW) recipeId: [51d35ca6312844c3b65e14f623d1f162] tagID=[0595c7172ef94685bfe9c025f6ad73b0] set TAG_NEW=0,DB DEBUG,fe_LotRecipeRowCheckCreateByRecipe,c05dcd762e4b4b5a99224c48445d7683,3
63628,06/05/2026 08:34:24,INSERT in LOT_RECIPE_ROW TAG: [GI4_RECIPE_Data_OP30_PTL_24_PartNumber] value: [] (FROM RECIPE_ROW) recipeId: [51d35ca6312844c3b65e14f623d1f162] tagID=[04e5d1459c974a708aa383b3539f6b54] set TAG_NEW=0,DB DEBUG,fe_LotRecipeRowCheckCreateByRecipe,c05dcd762e4b4b5a99224c48445d7683,3
63627,06/05/2026 08:34:24,INSERT in LOT_RECIPE_ROW TAG: [GI4_RECIPE_Data_OP30_PTL_14_CellUnion] value: [0] (FROM RECIPE_ROW) recipeId: [51d35ca6312844c3b65e14f623d1f162] tagID=[03fe10dfb8324b348a02ff128543273e] set TAG_NEW=0,DB DEBUG,fe_LotRecipeRowCheckCreateByRecipe,c05dcd762e4b4b5a99224c48445d7683,3
63626,06/05/2026 08:34:24,INSERT in LOT_RECIPE_ROW TAG: [GI4_RECIPE_Data_OP30_PTL_26_CellUnion] value: [0] (FROM RECIPE_ROW) recipeId: [51d35ca6312844c3b65e14f623d1f162] tagID=[03eff61cd6c4460ab6aa437ee0a2cc4f] set TAG_NEW=0,DB DEBUG,fe_LotRecipeRowCheckCreateByRecipe,c05dcd762e4b4b5a99224c48445d7683,3
63625,06/05/2026 08:34:24,INSERT in LOT_RECIPE_ROW TAG: [GI4_RECIPE_Data_OP30_PTL_2_PartNumber] value: [11180057] (FROM RECIPE_ROW) recipeId: [51d35ca6312844c3b65e14f623d1f162] tagID=[02b85a6445fd4f509ff0590d881cbfd7] set TAG_NEW=0,DB DEBUG,fe_LotRecipeRowCheckCreateByRecipe,c05dcd762e4b4b5a99224c48445d7683,3
63624,06/05/2026 08:34:24,INSERT in LOT_RECIPE_ROW TAG: [GI4_RECIPE_Data_OP30_PTL_19_Cell] value: [0] (FROM RECIPE_ROW) recipeId: [51d35ca6312844c3b65e14f623d1f162] tagID=[02b3ddb59fc142e19bc8f2344bfb4f72] set TAG_NEW=0,DB DEBUG,fe_LotRecipeRowCheckCreateByRecipe,c05dcd762e4b4b5a99224c48445d7683,3
63623,06/05/2026 08:34:24,INSERT in LOT_RECIPE_ROW TAG: [GI4_RECIPE_Data_OP10_PTL_11_Cell] value: [0] (FROM RECIPE_ROW) recipeId: [51d35ca6312844c3b65e14f623d1f162] tagID=[01f796dc632e41b4ab097c1ecabb4b0f] set TAG_NEW=0,DB DEBUG,fe_LotRecipeRowCheckCreateByRecipe,c05dcd762e4b4b5a99224c48445d7683,3
63622,06/05/2026 08:34:24,INSERT in LOT_RECIPE_ROW TAG: [GI4_RECIPE_Data_OP10_PTL_9_Qta] value: [0] (FROM RECIPE_ROW) recipeId: [51d35ca6312844c3b65e14f623d1f162] tagID=[01b54df8c5c8431fbdfa8884310acd28] set TAG_NEW=0,DB DEBUG,fe_LotRecipeRowCheckCreateByRecipe,c05dcd762e4b4b5a99224c48445d7683,3
63621,06/05/2026 08:34:24,INSERT in LOT_RECIPE_ROW TAG: [GI4_RECIPE_Data_OP10_PTL_19_CellUnion] value: [0] (FROM RECIPE_ROW) recipeId: [51d35ca6312844c3b65e14f623d1f162] tagID=[010d32c109574379bfeff5dd778e4596] set TAG_NEW=0,DB DEBUG,fe_LotRecipeRowCheckCreateByRecipe,c05dcd762e4b4b5a99224c48445d7683,3
63620,06/05/2026 08:34:24,INSERT in LOT_RECIPE_ROW TAG: [GI4_RECIPE_Data_OP10_PTL_9_Cell] value: [0] (FROM RECIPE_ROW) recipeId: [51d35ca6312844c3b65e14f623d1f162] tagID=[00bf0c48f06d421fa49b67d755982f66] set TAG_NEW=0,DB DEBUG,fe_LotRecipeRowCheckCreateByRecipe,c05dcd762e4b4b5a99224c48445d7683,3
63619,06/05/2026 08:34:24,INSERT in LOT_RECIPE_ROW TAG: [GI4_RECIPE_Data_OP30_PTL_2_Description] value: [TARGHETTA ADESIVA GRIGIA 44x2] (FROM RECIPE_ROW) recipeId: [51d35ca6312844c3b65e14f623d1f162] tagID=[00b1fda64a62469b8e3742551e16ce95] set TAG_NEW=0,DB DEBUG,fe_LotRecipeRowCheckCreateByRecipe,c05dcd762e4b4b5a99224c48445d7683,3
63949,06/05/2026 08:34:24,Cambiato Lotto/ricetta in coda - LotNew=[6b495ccc4a654e51ae0d234e1c73d99a] era [NULL]; RecipeNew=[51d35ca6312844c3b65e14f623d1f162].[NULL era [1].[(NULL),DB DEBUG,fid_MachineFindSetNextLot,c05dcd762e4b4b5a99224c48445d7683,3
63948,06/05/2026 08:34:24,Elaboro lotti in coda per linea=fc0ef60c8da844d5a531b293ac0b857b,DB DEBUG,fe_LineSetNextLot,fc0ef60c8da844d5a531b293ac0b857b,3
63950,06/05/2026 08:34:25,Lotto [59938580}] ricetta [211.25.447.0A-59938580] ver [1] wasLotPresent=0 wasRecipePresent=0 insertedRows=328 updatedRows=0,NODE-RED,CheckCreateLotDone,c05dcd762e4b4b5a99224c48445d7683,0
64036,06/05/2026 08:34:37,set TAG = [GI4_RECIPE_Data_OP30_PTL_14_Qta].value_tag=[10] era [0] tagID=[1e1a67aab00c40568e55d6a9cb7e929c],DB DEBUG,fid_MachineNextLotStart,null,3
64035,06/05/2026 08:34:37,set TAG = [GI4_RECIPE_Data_OP30_PTL_14_PartNumber].value_text=[5713.54.2579] era [] tagID=[adc6dee299e94b74a6c5d5d7fc477174],DB DEBUG,fid_MachineNextLotStart,null,3
64034,06/05/2026 08:34:37,set TAG = [GI4_RECIPE_Data_OP30_PTL_14_Description].value_text=[TCCE M10x30 UNI5931-12K- br.] era [] tagID=[4812e17c8ac14e9a9c0ef1b4b4696b0b],DB DEBUG,fid_MachineNextLotStart,null,3
64033,06/05/2026 08:34:37,set TAG = [GI4_RECIPE_Data_OP30_PTL_14_Cell].value_tag=[12] era [0] tagID=[0cf9f78a5123498ab6e2b33cc7e7cdb5],DB DEBUG,fid_MachineNextLotStart,null,3
64032,06/05/2026 08:34:37,set TAG = [GI4_RECIPE_Data_OP30_PTL_13_Qta].value_tag=[20] era [0] tagID=[374dd1ca558346c198cd868b38086280],DB DEBUG,fid_MachineNextLotStart,null,3
64031,06/05/2026 08:34:37,set TAG = [GI4_RECIPE_Data_OP30_PTL_13_PartNumber].value_text=[5020.02.0009] era [] tagID=[4419482991d445749bca6c4b6b6b4edc],DB DEBUG,fid_MachineNextLotStart,null,3
64030,06/05/2026 08:34:37,"set TAG = [GI4_RECIPE_Data_OP30_PTL_13_Description].value_text=[RONDELLA DI RAME 10,5x16x1 S7] era [] tagID=[fc7c0d2bb0404817a3b5522808550b35]",DB DEBUG,fid_MachineNextLotStart,null,3
64029,06/05/2026 08:34:37,set TAG = [GI4_RECIPE_Data_OP30_PTL_13_Cell].value_tag=[24] era [0] tagID=[322607fdab0d48e482f702551a084233],DB DEBUG,fid_MachineNextLotStart,null,3
64028,06/05/2026 08:34:37,set TAG = [GI4_RECIPE_Data_OP30_PTL_12_Qta].value_tag=[10] era [0] tagID=[e272e191e59948aeb7ea87968fe68743],DB DEBUG,fid_MachineNextLotStart,null,3
64027,06/05/2026 08:34:37,set TAG = [GI4_RECIPE_Data_OP30_PTL_12_PartNumber].value_text=[5011.31.2215] era [] tagID=[1897909b17784365ae9be36b71a37912],DB DEBUG,fid_MachineNextLotStart,null,3
64026,06/05/2026 08:34:37,set TAG = [GI4_RECIPE_Data_OP30_PTL_12_Description].value_text=[SPINA COLL. D.8x15 sim. UNI E] era [] tagID=[9968ccfe92584960b1373e007a2970ca],DB DEBUG,fid_MachineNextLotStart,null,3
64025,06/05/2026 08:34:37,set TAG = [GI4_RECIPE_Data_OP30_PTL_12_Cell].value_tag=[30] era [0] tagID=[60941a4aae8f4f1a9ce01295056d6dd6],DB DEBUG,fid_MachineNextLotStart,null,3
64024,06/05/2026 08:34:37,set TAG = [GI4_RECIPE_Data_OP30_PTL_11_Qta].value_tag=[10] era [0] tagID=[7485e62704ef4a809acab6146f70165f],DB DEBUG,fid_MachineNextLotStart,null,3
64023,06/05/2026 08:34:37,set TAG = [GI4_RECIPE_Data_OP30_PTL_11_PartNumber].value_text=[11282842] era [] tagID=[48aacd5c08a34d18bbf3bb7419fa3ab4],DB DEBUG,fid_MachineNextLotStart,null,3
64022,06/05/2026 08:34:37,"set TAG = [GI4_RECIPE_Data_OP30_PTL_11_Description].value_text=[PRE-SHAPED  OR SEAL88,57 x 2,] era [] tagID=[8221d86a3f8d40afa93cc9f830cee8ce]",DB DEBUG,fid_MachineNextLotStart,null,3
64021,06/05/2026 08:34:37,set TAG = [GI4_RECIPE_Data_OP30_PTL_11_Cell].value_tag=[29] era [0] tagID=[ad7f7fe44f0a4a5cbd5acbab5052351e],DB DEBUG,fid_MachineNextLotStart,null,3
64020,06/05/2026 08:34:37,set TAG = [GI4_RECIPE_Data_OP30_PTL_10_Qta].value_tag=[1] era [0] tagID=[48e969b5856d4c9d82336b1e072b1bba],DB DEBUG,fid_MachineNextLotStart,null,3
64019,06/05/2026 08:34:37,set TAG = [GI4_RECIPE_Data_OP30_PTL_10_PartNumber].value_text=[MEZZO CORPO] era [] tagID=[3a58c2366cbe4e0a840abbf4b877bace],DB DEBUG,fid_MachineNextLotStart,null,3
64018,06/05/2026 08:34:37,set TAG = [GI4_RECIPE_Data_OP30_PTL_10_Description].value_text=[MEZZO CORPO INSERIMENTO BOCCOLE] era [] tagID=[c106b0472bc946af8adb552982d35391],DB DEBUG,fid_MachineNextLotStart,null,3
64017,06/05/2026 08:34:37,set TAG = [GI4_RECIPE_Data_OP30_PTL_10_Cell].value_tag=[32] era [0] tagID=[7a725dc198044ac18b7412e722838ca5],DB DEBUG,fid_MachineNextLotStart,null,3
64016,06/05/2026 08:34:37,set TAG = [GI4_RECIPE_Data_OP30_PTL_9_Qta].value_tag=[10] era [0] tagID=[520695cbf77546e5812b02406ba8f089],DB DEBUG,fid_MachineNextLotStart,null,3
64015,06/05/2026 08:34:37,set TAG = [GI4_RECIPE_Data_OP30_PTL_9_PartNumber].value_text=[314.0060.0.00] era [] tagID=[fc2257a112b54dc2a793c18e6f620bae],DB DEBUG,fid_MachineNextLotStart,null,3
64014,06/05/2026 08:34:37,set TAG = [GI4_RECIPE_Data_OP30_PTL_9_Description].value_text=[GUAR.DI CONT. BOCC.SNP3] era [] tagID=[1b395e351c7a424faee5b72d6916e004],DB DEBUG,fid_MachineNextLotStart,null,3
64013,06/05/2026 08:34:37,set TAG = [GI4_RECIPE_Data_OP30_PTL_9_Cell].value_tag=[21] era [0] tagID=[1e41bea737484150b9810803137db848],DB DEBUG,fid_MachineNextLotStart,null,3
64012,06/05/2026 08:34:37,set TAG = [GI4_RECIPE_Data_OP30_PTL_8_Qta].value_tag=[10] era [0] tagID=[85fb34eba80d4fb38ad706d6bc51c136],DB DEBUG,fid_MachineNextLotStart,null,3
64011,06/05/2026 08:34:37,set TAG = [GI4_RECIPE_Data_OP30_PTL_8_PartNumber].value_text=[313.0039.1.00] era [] tagID=[7807e14906eb46aa9f1939eb0ad14cc8],DB DEBUG,fid_MachineNextLotStart,null,3
64010,06/05/2026 08:34:37,set TAG = [GI4_RECIPE_Data_OP30_PTL_8_Description].value_text=[AN.ANTIESTR.PIASTRA SNP3] era [] tagID=[0c50c86c64814102b8bf9d50bea4121c],DB DEBUG,fid_MachineNextLotStart,null,3
64009,06/05/2026 08:34:37,set TAG = [GI4_RECIPE_Data_OP30_PTL_8_Cell].value_tag=[23] era [0] tagID=[bb92791e866e4d888fd699bdab2462a3],DB DEBUG,fid_MachineNextLotStart,null,3
64008,06/05/2026 08:34:37,set TAG = [GI4_RECIPE_Data_OP30_PTL_7_Qta].value_tag=[10] era [0] tagID=[3640890fbc5649c38727f3cec1b1e5f2],DB DEBUG,fid_MachineNextLotStart,null,3
64007,06/05/2026 08:34:37,set TAG = [GI4_RECIPE_Data_OP30_PTL_7_PartNumber].value_text=[314.0059.0.00] era [] tagID=[dfbda0b35a5c49b8819953f342e53512],DB DEBUG,fid_MachineNextLotStart,null,3
64006,06/05/2026 08:34:37,set TAG = [GI4_RECIPE_Data_OP30_PTL_7_Description].value_text=[GUAR.BILANC.PIASTRA SNP3] era [] tagID=[94025c26c59641fa8ca85675332ce390],DB DEBUG,fid_MachineNextLotStart,null,3
64005,06/05/2026 08:34:37,set TAG = [GI4_RECIPE_Data_OP30_PTL_7_Cell].value_tag=[22] era [0] tagID=[8da5355aad07486dafba036bfff05750],DB DEBUG,fid_MachineNextLotStart,null,3
64004,06/05/2026 08:34:37,set TAG = [GI4_RECIPE_Data_OP30_PTL_6_Qta].value_tag=[20] era [0] tagID=[d8586c93e6cf42cf8b806d67a901041c],DB DEBUG,fid_MachineNextLotStart,null,3
64003,06/05/2026 08:34:37,set TAG = [GI4_RECIPE_Data_OP30_PTL_6_PartNumber].value_text=[5725.20.3795] era [] tagID=[b8b9fa36e33a4e14a2374c935ab0585d],DB DEBUG,fid_MachineNextLotStart,null,3
64002,06/05/2026 08:34:37,set TAG = [GI4_RECIPE_Data_OP30_PTL_6_Description].value_text=[SEEGER 42 UNI 7437] era [] tagID=[3fbdcfa4cbe54f72b48bbfa700784f6d],DB DEBUG,fid_MachineNextLotStart,null,3
64001,06/05/2026 08:34:37,set TAG = [GI4_RECIPE_Data_OP30_PTL_5_Qta].value_tag=[20] era [0] tagID=[17e58e802fdb4886a00ee2df555cccc2],DB DEBUG,fid_MachineNextLotStart,null,3
64000,06/05/2026 08:34:37,set TAG = [GI4_RECIPE_Data_OP30_PTL_5_PartNumber].value_text=[5009.01.0034] era [] tagID=[d3ef201d06a94d69bb216c88bf4a33ea],DB DEBUG,fid_MachineNextLotStart,null,3
63999,06/05/2026 08:34:37,set TAG = [GI4_RECIPE_Data_OP30_PTL_5_Description].value_text=[TAPPO PER FORO DIAM. 27] era [] tagID=[e53c254a4d5645ba96ad637a909db04d],DB DEBUG,fid_MachineNextLotStart,null,3
63998,06/05/2026 08:34:37,set TAG = [GI4_RECIPE_Data_OP30_PTL_4_Qta].value_tag=[20] era [0] tagID=[7ca06a06c6814e5482f933de89dca8a1],DB DEBUG,fid_MachineNextLotStart,null,3
63997,06/05/2026 08:34:37,set TAG = [GI4_RECIPE_Data_OP30_PTL_4_PartNumber].value_text=[5009.01.0021] era [] tagID=[db25e4537dce4403bb74d9bd31294088],DB DEBUG,fid_MachineNextLotStart,null,3
63996,06/05/2026 08:34:37,set TAG = [GI4_RECIPE_Data_OP30_PTL_4_Description].value_text=[TAPPO PER FORO DIAM. 48] era [] tagID=[85dd705906f34a43a06a48e2fa5562d0],DB DEBUG,fid_MachineNextLotStart,null,3
63995,06/05/2026 08:34:37,set TAG = [GI4_RECIPE_Data_OP30_PTL_3_Qta].value_tag=[20] era [0] tagID=[f5092d456a0f4d6ba72d15f5021c30ef],DB DEBUG,fid_MachineNextLotStart,null,3
63994,06/05/2026 08:34:37,set TAG = [GI4_RECIPE_Data_OP30_PTL_3_PartNumber].value_text=[5009.01.0004] era [] tagID=[4ed4ea17a6e443da814e915f4e0eebca],DB DEBUG,fid_MachineNextLotStart,null,3
63993,06/05/2026 08:34:37,set TAG = [GI4_RECIPE_Data_OP30_PTL_3_Description].value_text=[TAPPO PER FORO DIAM. 20] era [] tagID=[6c0199243d38436b93a2b418272ded79],DB DEBUG,fid_MachineNextLotStart,null,3
63992,06/05/2026 08:34:37,set TAG = [GI4_RECIPE_Data_OP30_PTL_2_Qta].value_tag=[20] era [0] tagID=[0595c7172ef94685bfe9c025f6ad73b0],DB DEBUG,fid_MachineNextLotStart,null,3
63991,06/05/2026 08:34:37,set TAG = [GI4_RECIPE_Data_OP30_PTL_2_PartNumber].value_text=[11180057] era [] tagID=[02b85a6445fd4f509ff0590d881cbfd7],DB DEBUG,fid_MachineNextLotStart,null,3
63990,06/05/2026 08:34:37,set TAG = [GI4_RECIPE_Data_OP30_PTL_2_Description].value_text=[TARGHETTA ADESIVA GRIGIA 44x2] era [] tagID=[00b1fda64a62469b8e3742551e16ce95],DB DEBUG,fid_MachineNextLotStart,null,3
63989,06/05/2026 08:34:37,set TAG = [GI4_RECIPE_Data_OP30_PTL_1_Qta].value_tag=[20] era [0] tagID=[d65957a68f104b35b957c4a45caf82c7],DB DEBUG,fid_MachineNextLotStart,null,3
63988,06/05/2026 08:34:37,set TAG = [GI4_RECIPE_Data_OP30_PTL_1_PartNumber].value_text=[11096890] era [] tagID=[7ce37947270449218f875eea849a2044],DB DEBUG,fid_MachineNextLotStart,null,3
63987,06/05/2026 08:34:37,"set TAG = [GI4_RECIPE_Data_OP30_PTL_1_Description].value_text=[AN.TEN. AS-HP25x42x6/6,5  DIN] era [] tagID=[6edf7c9599df40aaa064ea22db7144e7]",DB DEBUG,fid_MachineNextLotStart,null,3
63986,06/05/2026 08:34:37,set TAG = [GI4_RECIPE_Data_OP10_PTL_7_Qta].value_tag=[10] era [0] tagID=[d25c3d47b2b94538ba9fac551fd3af4b],DB DEBUG,fid_MachineNextLotStart,null,3
63985,06/05/2026 08:34:37,set TAG = [GI4_RECIPE_Data_OP10_PTL_7_PartNumber].value_text=[5713.54.2579] era [] tagID=[81ede46cf2a0429eb773b4da4e5f1846],DB DEBUG,fid_MachineNextLotStart,null,3
63984,06/05/2026 08:34:37,set TAG = [GI4_RECIPE_Data_OP10_PTL_7_Description].value_text=[TCCE M10x30 UNI5931-12K- br.] era [] tagID=[ac7747aadd5a48bc8af7192c4715ad52],DB DEBUG,fid_MachineNextLotStart,null,3
63983,06/05/2026 08:34:37,set TAG = [GI4_RECIPE_Data_OP10_PTL_7_Cell].value_tag=[13] era [0] tagID=[db50e99aa2c24f838f434a2528b515a5],DB DEBUG,fid_MachineNextLotStart,null,3
63982,06/05/2026 08:34:37,set TAG = [GI4_RECIPE_Data_OP10_PTL_6_Qta].value_tag=[10] era [0] tagID=[149871b6a096497a9ec64f62ca13eb4b],DB DEBUG,fid_MachineNextLotStart,null,3
63981,06/05/2026 08:34:37,set TAG = [GI4_RECIPE_Data_OP10_PTL_6_PartNumber].value_text=[5011.31.2215] era [] tagID=[f7ab839aa8ad49d8a42784dccb4de06a],DB DEBUG,fid_MachineNextLotStart,null,3
63980,06/05/2026 08:34:37,set TAG = [GI4_RECIPE_Data_OP10_PTL_6_Description].value_text=[SPINA COLL. D.8x15 sim. UNI E] era [] tagID=[8888b6c2b336454ea1dde3d0e777e26c],DB DEBUG,fid_MachineNextLotStart,null,3
63979,06/05/2026 08:34:37,set TAG = [GI4_RECIPE_Data_OP10_PTL_6_Cell].value_tag=[28] era [0] tagID=[9ca743ce62c64ec19306f9a7f58ee4b2],DB DEBUG,fid_MachineNextLotStart,null,3
63978,06/05/2026 08:34:37,set TAG = [GI4_RECIPE_Data_OP10_PTL_5_Qta].value_tag=[10] era [0] tagID=[2b5decc799564bc88555d022c4ea85a3],DB DEBUG,fid_MachineNextLotStart,null,3
63977,06/05/2026 08:34:37,set TAG = [GI4_RECIPE_Data_OP10_PTL_5_PartNumber].value_text=[11282842] era [] tagID=[4680db2a528748c2a56f1bfc1c19e36f],DB DEBUG,fid_MachineNextLotStart,null,3
63976,06/05/2026 08:34:37,"set TAG = [GI4_RECIPE_Data_OP10_PTL_5_Description].value_text=[PRE-SHAPED  OR SEAL88,57 x 2,] era [] tagID=[5a96b79ffc2047719c43e74778112047]",DB DEBUG,fid_MachineNextLotStart,null,3
63975,06/05/2026 08:34:37,set TAG = [GI4_RECIPE_Data_OP10_PTL_5_Cell].value_tag=[27] era [0] tagID=[d666969d2ef44fd2ae1aba775b049a59],DB DEBUG,fid_MachineNextLotStart,null,3
63974,06/05/2026 08:34:37,set TAG = [GI4_RECIPE_Data_OP10_PTL_4_Qta].value_tag=[1] era [0] tagID=[142c9d2d9d404cae81c1f59ae4da360d],DB DEBUG,fid_MachineNextLotStart,null,3
63973,06/05/2026 08:34:37,set TAG = [GI4_RECIPE_Data_OP10_PTL_4_PartNumber].value_text=[MEZZO CORPO] era [] tagID=[c72ce596a083481fba045f168c9a6b39],DB DEBUG,fid_MachineNextLotStart,null,3
63972,06/05/2026 08:34:37,set TAG = [GI4_RECIPE_Data_OP10_PTL_4_Description].value_text=[MEZZO CORPO INSERIMENTO BOCCOLE] era [] tagID=[490e6e11bbd44c5f92fcf23dcb7868d6],DB DEBUG,fid_MachineNextLotStart,null,3
63971,06/05/2026 08:34:37,set TAG = [GI4_RECIPE_Data_OP10_PTL_4_Cell].value_tag=[32] era [0] tagID=[336e0993097945d5b1a95047881dcb0d],DB DEBUG,fid_MachineNextLotStart,null,3
63970,06/05/2026 08:34:37,set TAG = [GI4_RECIPE_Data_OP10_PTL_3_Qta].value_tag=[10] era [0] tagID=[64b99ad7f39b4af1a1e9626de282e024],DB DEBUG,fid_MachineNextLotStart,null,3
63969,06/05/2026 08:34:37,set TAG = [GI4_RECIPE_Data_OP10_PTL_3_PartNumber].value_text=[314.0060.0.00] era [] tagID=[0ecb09489ff542bdbdd43d40a6c9512f],DB DEBUG,fid_MachineNextLotStart,null,3
63968,06/05/2026 08:34:37,set TAG = [GI4_RECIPE_Data_OP10_PTL_3_Description].value_text=[GUAR.DI CONT. BOCC.SNP3] era [] tagID=[ed4ebb4df0674166b847678c553a27d8],DB DEBUG,fid_MachineNextLotStart,null,3
63967,06/05/2026 08:34:37,set TAG = [GI4_RECIPE_Data_OP10_PTL_3_Cell].value_tag=[29] era [0] tagID=[49b0dafee5f943f0a8d84312bad8611a],DB DEBUG,fid_MachineNextLotStart,null,3
63966,06/05/2026 08:34:37,set TAG = [GI4_RECIPE_Data_OP10_PTL_2_Qta].value_tag=[10] era [0] tagID=[698b5b93bb8a41d5809063524e865c1b],DB DEBUG,fid_MachineNextLotStart,null,3
63965,06/05/2026 08:34:37,set TAG = [GI4_RECIPE_Data_OP10_PTL_2_PartNumber].value_text=[313.0039.1.00] era [] tagID=[97725c7e1be64b50af0a8ea3be69c4ab],DB DEBUG,fid_MachineNextLotStart,null,3
63964,06/05/2026 08:34:37,set TAG = [GI4_RECIPE_Data_OP10_PTL_2_Description].value_text=[AN.ANTIESTR.PIASTRA SNP3] era [] tagID=[692cff3bc5bb4dbcae04e9c68f313072],DB DEBUG,fid_MachineNextLotStart,null,3
63963,06/05/2026 08:34:37,set TAG = [GI4_RECIPE_Data_OP10_PTL_2_Cell].value_tag=[22] era [0] tagID=[bf8911c5ef4d46cca50bc6607b301bcb],DB DEBUG,fid_MachineNextLotStart,null,3
63962,06/05/2026 08:34:37,set TAG = [GI4_RECIPE_Data_OP10_PTL_1_Qta].value_tag=[10] era [0] tagID=[5a21fa6644594e34bb4c27ec532841c5],DB DEBUG,fid_MachineNextLotStart,null,3
63961,06/05/2026 08:34:37,set TAG = [GI4_RECIPE_Data_OP10_PTL_1_PartNumber].value_text=[314.0059.0.00] era [] tagID=[7eee7b9b5d3f4f3385918cf9bb6b7875],DB DEBUG,fid_MachineNextLotStart,null,3
63960,06/05/2026 08:34:37,set TAG = [GI4_RECIPE_Data_OP10_PTL_1_Description].value_text=[GUAR.BILANC.PIASTRA SNP3] era [] tagID=[d6291a14f33944dfa23f56376299e43c],DB DEBUG,fid_MachineNextLotStart,null,3
63959,06/05/2026 08:34:37,set TAG = [GI4_RECIPE_Data_OP10_PTL_1_Cell].value_tag=[21] era [0] tagID=[445a0a3d4bb74ef4a33c63abd027367f],DB DEBUG,fid_MachineNextLotStart,null,3
63958,06/05/2026 08:34:37,set TAG = [GI4_RECIPE_Data_QtaOrd].value_tag=[20] era [0] tagID=[651c889b30e34366b6504e28badaf6ad],DB DEBUG,fid_MachineNextLotStart,null,3
63957,06/05/2026 08:34:37,set TAG = [GI4_RECIPE_Data_ScrewProgram].value_tag=[1] era [0] tagID=[d512b9acdfc144c5a79d23a266dcbe3d],DB DEBUG,fid_MachineNextLotStart,null,3
63956,06/05/2026 08:34:37,set TAG = [GI4_RECIPE_Data_PrintType].value_tag=[1] era [0] tagID=[319e60a433a54b1986e7af6ab5b36d6e],DB DEBUG,fid_MachineNextLotStart,null,3
63955,06/05/2026 08:34:37,set TAG = [GI4_RECIPE_Data_PartNumber].value_text=[211.25.447.0A] era [] tagID=[c83d6a238f06459f8a8779a32bb67758],DB DEBUG,fid_MachineNextLotStart,null,3
63954,06/05/2026 08:34:37,set TAG = [GI4_RECIPE_Data_Orientation].value_tag=[1] era [0] tagID=[659d2725213c419598cd5309a512dc6c],DB DEBUG,fid_MachineNextLotStart,null,3
63953,06/05/2026 08:34:37,set TAG = [GI4_RECIPE_Data_MasterModelCode].value_text=[SNW3NN/022LN07SLNNCAC7NNNN/NNNNN] era [] tagID=[2295f1d9dbe3459691489299eb02429f],DB DEBUG,fid_MachineNextLotStart,null,3
63952,06/05/2026 08:34:37,RECIPE HAS NO CHANGES; LOT: 6b495ccc4a654e51ae0d234e1c73d99a; RECIPE: 51d35ca6312844c3b65e14f623d1f162,DB,fe_LotRecipeRowCheckCreateByRecipe,c05dcd762e4b4b5a99224c48445d7683,0
63951,06/05/2026 08:34:37,i_machine_id=[c05dcd762e4b4b5a99224c48445d7683]v_next_lot_id=[6b495ccc4a654e51ae0d234e1c73d99a]v_recipe_id=[51d35ca6312844c3b65e14f623d1f162]v_recipe_version=[1]v_recipe_not_to_send=[0]v_update_to_last_recipe=[1]v_count_forced=[0],DB DEBUG,fid_MachineNextLotStart,null,3
64038,06/05/2026 08:34:44,Cambiato Lotto/ricetta in coda - LotNew=[NULL] era [6b495ccc4a654e51ae0d234e1c73d99a]; RecipeNew=[NULL].[51d35ca6312844c3b65e14f623d1f162 era [(NULL)].[1,DB DEBUG,fid_MachineFindSetNextLot,c05dcd762e4b4b5a99224c48445d7683,3
64037,06/05/2026 08:34:44,Elaboro lotti in coda per linea=fc0ef60c8da844d5a531b293ac0b857b,DB DEBUG,fe_LineSetNextLot,fc0ef60c8da844d5a531b293ac0b857b,3
64039,06/05/2026 08:34:44,Cambio Lotto avvenuto con successo - macchina:c05dcd762e4b4b5a99224c48445d7683 lotto:,NODE-RED,NextLotStartDone,c05dcd762e4b4b5a99224c48445d7683,0
64040,06/05/2026 09:39:26,Azzera lotto attivo in macchina - ACTIVE_LOT_ID = NULL,DB DEBUG,sp_LotEndOnPlc,c05dcd762e4b4b5a99224c48445d7683,3
64041,06/05/2026 09:39:26,CHIUDO LOT_MACHINE(lot:6b495ccc4a654e51ae0d234e1c73d99a;machine:c05dcd762e4b4b5a99224c48445d7683) stsLot:4; stsStart:20,DB DEBUG,sp_LotMachineCloseOther,c05dcd762e4b4b5a99224c48445d7683,3
64042,06/05/2026 09:39:26,Elaboro lotti in coda per linea=fc0ef60c8da844d5a531b293ac0b857b,DB DEBUG,fe_LineSetNextLot,fc0ef60c8da844d5a531b293ac0b857b,3
64043,06/05/2026 09:39:49,Lotto [59938580}] ricetta [211.25.447.0A-59938580] ver [1] wasLotPresent=1 wasRecipePresent=1 insertedRows=0 updatedRows=0,NODE-RED,CheckCreateLotDone,c05dcd762e4b4b5a99224c48445d7683,0
64372,06/05/2026 09:40:30,ROWS CREATED/UPDATED 328; LOT: f2f622c94fb7407d997fd9bd9493371e; RECIPE: 5b1f47fe62884719a25af31967d23de0,DB,fe_LotRecipeRowCheckCreateByRecipe,c05dcd762e4b4b5a99224c48445d7683,0
64371,06/05/2026 09:40:30,INSERT in LOT_RECIPE_ROW TAG: [GI4_RECIPE_Data_OP10_PTL_14_Description] value: [] (FROM RECIPE_ROW) recipeId: [5b1f47fe62884719a25af31967d23de0] tagID=[ff5f86aa8935495ebafe9cc8a04f010d] set TAG_NEW=0,DB DEBUG,fe_LotRecipeRowCheckCreateByRecipe,c05dcd762e4b4b5a99224c48445d7683,3
64370,06/05/2026 09:40:30,INSERT in LOT_RECIPE_ROW TAG: [GI4_RECIPE_Data_OP30_PTL_20_CellUnion] value: [0] (FROM RECIPE_ROW) recipeId: [5b1f47fe62884719a25af31967d23de0] tagID=[fce237bc68594e2eabdc6cb046c16942] set TAG_NEW=0,DB DEBUG,fe_LotRecipeRowCheckCreateByRecipe,c05dcd762e4b4b5a99224c48445d7683,3
64369,06/05/2026 09:40:30,INSERT in LOT_RECIPE_ROW TAG: [GI4_RECIPE_Data_OP30_PTL_13_Description] value: [SPINA COLL. D.8x15 sim. UNI E] (FROM RECIPE_ROW) recipeId: [5b1f47fe62884719a25af31967d23de0] tagID=[fc7c0d2bb0404817a3b5522808550b35] set TAG_NEW=0,DB DEBUG,fe_LotRecipeRowCheckCreateByRecipe,c05dcd762e4b4b5a99224c48445d7683,3
64368,06/05/2026 09:40:30,INSERT in LOT_RECIPE_ROW TAG: [GI4_RECIPE_Data_OP30_PTL_9_PartNumber] value: [313.0039.1.00] (FROM RECIPE_ROW) recipeId: [5b1f47fe62884719a25af31967d23de0] tagID=[fc2257a112b54dc2a793c18e6f620bae] set TAG_NEW=0,DB DEBUG,fe_LotRecipeRowCheckCreateByRecipe,c05dcd762e4b4b5a99224c48445d7683,3
64367,06/05/2026 09:40:30,INSERT in LOT_RECIPE_ROW TAG: [GI4_RECIPE_Data_OP30_PTL_18_Qta] value: [0] (FROM RECIPE_ROW) recipeId: [5b1f47fe62884719a25af31967d23de0] tagID=[fbaa718a6f79489791c6078feeef72b7] set TAG_NEW=0,DB DEBUG,fe_LotRecipeRowCheckCreateByRecipe,c05dcd762e4b4b5a99224c48445d7683,3
64366,06/05/2026 09:40:30,INSERT in LOT_RECIPE_ROW TAG: [GI4_RECIPE_Data_OP10_PTL_31_Cell] value: [0] (FROM RECIPE_ROW) recipeId: [5b1f47fe62884719a25af31967d23de0] tagID=[fb8d0c02ebab45d2bc0d2c8de4d6a79c] set TAG_NEW=0,DB DEBUG,fe_LotRecipeRowCheckCreateByRecipe,c05dcd762e4b4b5a99224c48445d7683,3
64365,06/05/2026 09:40:30,INSERT in LOT_RECIPE_ROW TAG: [GI4_RECIPE_Data_OP10_PTL_20_Description] value: [] (FROM RECIPE_ROW) recipeId: [5b1f47fe62884719a25af31967d23de0] tagID=[fa48aff35e18435bad4be161c3272962] set TAG_NEW=0,DB DEBUG,fe_LotRecipeRowCheckCreateByRecipe,c05dcd762e4b4b5a99224c48445d7683,3
64364,06/05/2026 09:40:30,INSERT in LOT_RECIPE_ROW TAG: [GI4_RECIPE_Data_OP10_PTL_29_PartNumber] value: [] (FROM RECIPE_ROW) recipeId: [5b1f47fe62884719a25af31967d23de0] tagID=[f862b30adadf4701af27264d8f168a33] set TAG_NEW=0,DB DEBUG,fe_LotRecipeRowCheckCreateByRecipe,c05dcd762e4b4b5a99224c48445d7683,3
64363,06/05/2026 09:40:30,INSERT in LOT_RECIPE_ROW TAG: [GI4_RECIPE_Data_OP30_PTL_1_Cell] value: [0] (FROM RECIPE_ROW) recipeId: [5b1f47fe62884719a25af31967d23de0] tagID=[f7bf91d82ec84d33a1063238fb891ff0] set TAG_NEW=0,DB DEBUG,fe_LotRecipeRowCheckCreateByRecipe,c05dcd762e4b4b5a99224c48445d7683,3
64362,06/05/2026 09:40:30,INSERT in LOT_RECIPE_ROW TAG: [GI4_RECIPE_Data_OP10_PTL_6_PartNumber] value: [5011.31.2215] (FROM RECIPE_ROW) recipeId: [5b1f47fe62884719a25af31967d23de0] tagID=[f7ab839aa8ad49d8a42784dccb4de06a] set TAG_NEW=0,DB DEBUG,fe_LotRecipeRowCheckCreateByRecipe,c05dcd762e4b4b5a99224c48445d7683,3
64361,06/05/2026 09:40:30,INSERT in LOT_RECIPE_ROW TAG: [GI4_RECIPE_Data_OP10_PTL_26_PartNumber] value: [] (FROM RECIPE_ROW) recipeId: [5b1f47fe62884719a25af31967d23de0] tagID=[f776a20b0ffa4196ac72dd0cd1592556] set TAG_NEW=0,DB DEBUG,fe_LotRecipeRowCheckCreateByRecipe,c05dcd762e4b4b5a99224c48445d7683,3
64360,06/05/2026 09:40:30,INSERT in LOT_RECIPE_ROW TAG: [GI4_RECIPE_Data_OP10_PTL_26_Qta] value: [0] (FROM RECIPE_ROW) recipeId: [5b1f47fe62884719a25af31967d23de0] tagID=[f75b5630895645378efe2bc6b6c0414b] set TAG_NEW=0,DB DEBUG,fe_LotRecipeRowCheckCreateByRecipe,c05dcd762e4b4b5a99224c48445d7683,3
64359,06/05/2026 09:40:30,INSERT in LOT_RECIPE_ROW TAG: [GI4_RECIPE_Data_OP10_PTL_26_Description] value: [] (FROM RECIPE_ROW) recipeId: [5b1f47fe62884719a25af31967d23de0] tagID=[f69107804d514517aedb88aed8771094] set TAG_NEW=0,DB DEBUG,fe_LotRecipeRowCheckCreateByRecipe,c05dcd762e4b4b5a99224c48445d7683,3
64358,06/05/2026 09:40:30,INSERT in LOT_RECIPE_ROW TAG: [GI4_RECIPE_Data_OP10_PTL_32_CellUnion] value: [0] (FROM RECIPE_ROW) recipeId: [5b1f47fe62884719a25af31967d23de0] tagID=[f63566928b984caca3d9e3cd128949aa] set TAG_NEW=0,DB DEBUG,fe_LotRecipeRowCheckCreateByRecipe,c05dcd762e4b4b5a99224c48445d7683,3
64357,06/05/2026 09:40:30,INSERT in LOT_RECIPE_ROW TAG: [GI4_RECIPE_Data_OP30_PTL_3_Qta] value: [25] (FROM RECIPE_ROW) recipeId: [5b1f47fe62884719a25af31967d23de0] tagID=[f5092d456a0f4d6ba72d15f5021c30ef] set TAG_NEW=0,DB DEBUG,fe_LotRecipeRowCheckCreateByRecipe,c05dcd762e4b4b5a99224c48445d7683,3
64356,06/05/2026 09:40:30,INSERT in LOT_RECIPE_ROW TAG: [GI4_RECIPE_Data_OP10_PTL_26_CellUnion] value: [0] (FROM RECIPE_ROW) recipeId: [5b1f47fe62884719a25af31967d23de0] tagID=[f4f9c7bc80fd4159a647f1e0df6999c4] set TAG_NEW=0,DB DEBUG,fe_LotRecipeRowCheckCreateByRecipe,c05dcd762e4b4b5a99224c48445d7683,3
64355,06/05/2026 09:40:30,INSERT in LOT_RECIPE_ROW TAG: [GI4_RECIPE_Data_OP10_PTL_13_CellUnion] value: [0] (FROM RECIPE_ROW) recipeId: [5b1f47fe62884719a25af31967d23de0] tagID=[f3e3235d2d9a43498727f0d3bb6d5813] set TAG_NEW=0,DB DEBUG,fe_LotRecipeRowCheckCreateByRecipe,c05dcd762e4b4b5a99224c48445d7683,3
64354,06/05/2026 09:40:30,INSERT in LOT_RECIPE_ROW TAG: [GI4_RECIPE_Data_OP10_PTL_32_PartNumber] value: [] (FROM RECIPE_ROW) recipeId: [5b1f47fe62884719a25af31967d23de0] tagID=[f3b7aa068e2046828472c6595f30f660] set TAG_NEW=0,DB DEBUG,fe_LotRecipeRowCheckCreateByRecipe,c05dcd762e4b4b5a99224c48445d7683,3
64353,06/05/2026 09:40:30,INSERT in LOT_RECIPE_ROW TAG: [GI4_RECIPE_Data_OP10_PTL_8_Description] value: [] (FROM RECIPE_ROW) recipeId: [5b1f47fe62884719a25af31967d23de0] tagID=[f30a2cf393c54c92ad6ec87a9e19aaf9] set TAG_NEW=0,DB DEBUG,fe_LotRecipeRowCheckCreateByRecipe,c05dcd762e4b4b5a99224c48445d7683,3
64352,06/05/2026 09:40:30,INSERT in LOT_RECIPE_ROW TAG: [GI4_RECIPE_Data_OP10_PTL_28_CellUnion] value: [0] (FROM RECIPE_ROW) recipeId: [5b1f47fe62884719a25af31967d23de0] tagID=[f2416656c6b64e1a8857ca7db5455647] set TAG_NEW=0,DB DEBUG,fe_LotRecipeRowCheckCreateByRecipe,c05dcd762e4b4b5a99224c48445d7683,3
64351,06/05/2026 09:40:30,INSERT in LOT_RECIPE_ROW TAG: [GI4_RECIPE_Data_OP30_PTL_21_CellUnion] value: [0] (FROM RECIPE_ROW) recipeId: [5b1f47fe62884719a25af31967d23de0] tagID=[f217397b0b5d4df680453eaa9e1e66c2] set TAG_NEW=0,DB DEBUG,fe_LotRecipeRowCheckCreateByRecipe,c05dcd762e4b4b5a99224c48445d7683,3
64350,06/05/2026 09:40:30,INSERT in LOT_RECIPE_ROW TAG: [GI4_RECIPE_Data_QtaDone] value: [0] (FROM RECIPE_ROW) recipeId: [5b1f47fe62884719a25af31967d23de0] tagID=[f190a4c4537840aea6df363fd513026a] set TAG_NEW=0,DB DEBUG,fe_LotRecipeRowCheckCreateByRecipe,c05dcd762e4b4b5a99224c48445d7683,3
64349,06/05/2026 09:40:30,INSERT in LOT_RECIPE_ROW TAG: [GI4_RECIPE_Data_OP30_PTL_23_Description] value: [] (FROM RECIPE_ROW) recipeId: [5b1f47fe62884719a25af31967d23de0] tagID=[f05cf5b190ad44a4aa74be67b4f47a4e] set TAG_NEW=0,DB DEBUG,fe_LotRecipeRowCheckCreateByRecipe,c05dcd762e4b4b5a99224c48445d7683,3
64348,06/05/2026 09:40:30,INSERT in LOT_RECIPE_ROW TAG: [GI4_RECIPE_Data_OP10_PTL_14_Cell] value: [0] (FROM RECIPE_ROW) recipeId: [5b1f47fe62884719a25af31967d23de0] tagID=[ef973a2153a9457f819f04821531200a] set TAG_NEW=0,DB DEBUG,fe_LotRecipeRowCheckCreateByRecipe,c05dcd762e4b4b5a99224c48445d7683,3
64347,06/05/2026 09:40:30,INSERT in LOT_RECIPE_ROW TAG: [GI4_RECIPE_Data_OP30_PTL_28_CellUnion] value: [0] (FROM RECIPE_ROW) recipeId: [5b1f47fe62884719a25af31967d23de0] tagID=[edad4e2a28f54d41ad667d29dcbad1cc] set TAG_NEW=0,DB DEBUG,fe_LotRecipeRowCheckCreateByRecipe,c05dcd762e4b4b5a99224c48445d7683,3
64346,06/05/2026 09:40:30,INSERT in LOT_RECIPE_ROW TAG: [GI4_RECIPE_Data_OP10_PTL_3_Description] value: [GUAR.DI CONT. BOCC.SNP3] (FROM RECIPE_ROW) recipeId: [5b1f47fe62884719a25af31967d23de0] tagID=[ed4ebb4df0674166b847678c553a27d8] set TAG_NEW=0,DB DEBUG,fe_LotRecipeRowCheckCreateByRecipe,c05dcd762e4b4b5a99224c48445d7683,3
64345,06/05/2026 09:40:30,INSERT in LOT_RECIPE_ROW TAG: [GI4_RECIPE_Data_OP10_PTL_23_Description] value: [] (FROM RECIPE_ROW) recipeId: [5b1f47fe62884719a25af31967d23de0] tagID=[ed37b1d14e694e758a7f79cafc355cf4] set TAG_NEW=0,DB DEBUG,fe_LotRecipeRowCheckCreateByRecipe,c05dcd762e4b4b5a99224c48445d7683,3
64344,06/05/2026 09:40:30,INSERT in LOT_RECIPE_ROW TAG: [GI4_RECIPE_Data_OP30_PTL_17_Qta] value: [0] (FROM RECIPE_ROW) recipeId: [5b1f47fe62884719a25af31967d23de0] tagID=[ed0f4ff5e80b483abd0c4e253163a0d0] set TAG_NEW=0,DB DEBUG,fe_LotRecipeRowCheckCreateByRecipe,c05dcd762e4b4b5a99224c48445d7683,3
64343,06/05/2026 09:40:30,INSERT in LOT_RECIPE_ROW TAG: [GI4_RECIPE_Data_OP30_PTL_29_CellUnion] value: [0] (FROM RECIPE_ROW) recipeId: [5b1f47fe62884719a25af31967d23de0] tagID=[eb3f3c74f10049cb84bd30a9ebfe909f] set TAG_NEW=0,DB DEBUG,fe_LotRecipeRowCheckCreateByRecipe,c05dcd762e4b4b5a99224c48445d7683,3
64342,06/05/2026 09:40:30,INSERT in LOT_RECIPE_ROW TAG: [GI4_RECIPE_Data_OP10_PTL_25_Description] value: [] (FROM RECIPE_ROW) recipeId: [5b1f47fe62884719a25af31967d23de0] tagID=[eb1be58597a84e53bec0e1de8479f201] set TAG_NEW=0,DB DEBUG,fe_LotRecipeRowCheckCreateByRecipe,c05dcd762e4b4b5a99224c48445d7683,3
64341,06/05/2026 09:40:30,INSERT in LOT_RECIPE_ROW TAG: [GI4_RECIPE_Data_OP10_PTL_17_Cell] value: [0] (FROM RECIPE_ROW) recipeId: [5b1f47fe62884719a25af31967d23de0] tagID=[eae39ac2a01746088c87bc2efe8043ce] set TAG_NEW=0,DB DEBUG,fe_LotRecipeRowCheckCreateByRecipe,c05dcd762e4b4b5a99224c48445d7683,3
64340,06/05/2026 09:40:30,INSERT in LOT_RECIPE_ROW TAG: [GI4_RECIPE_Data_OP10_PTL_24_PartNumber] value: [] (FROM RECIPE_ROW) recipeId: [5b1f47fe62884719a25af31967d23de0] tagID=[ea551020792c43dfa88a235f4fe51bcf] set TAG_NEW=0,DB DEBUG,fe_LotRecipeRowCheckCreateByRecipe,c05dcd762e4b4b5a99224c48445d7683,3
64339,06/05/2026 09:40:30,INSERT in LOT_RECIPE_ROW TAG: [GI4_RECIPE_Data_OP30_PTL_25_Qta] value: [0] (FROM RECIPE_ROW) recipeId: [5b1f47fe62884719a25af31967d23de0] tagID=[ea0cd52f94d0490b8c3a6dd3b39af23d] set TAG_NEW=0,DB DEBUG,fe_LotRecipeRowCheckCreateByRecipe,c05dcd762e4b4b5a99224c48445d7683,3
64338,06/05/2026 09:40:30,INSERT in LOT_RECIPE_ROW TAG: [GI4_RECIPE_Data_OP10_PTL_23_Cell] value: [0] (FROM RECIPE_ROW) recipeId: [5b1f47fe62884719a25af31967d23de0] tagID=[e8258d79246e48ee99ea01457b4c60ff] set TAG_NEW=0,DB DEBUG,fe_LotRecipeRowCheckCreateByRecipe,c05dcd762e4b4b5a99224c48445d7683,3
64337,06/05/2026 09:40:30,INSERT in LOT_RECIPE_ROW TAG: [GI4_RECIPE_Data_OP30_PTL_5_Description] value: [TAPPO PER FORO DIAM. 20] (FROM RECIPE_ROW) recipeId: [5b1f47fe62884719a25af31967d23de0] tagID=[e53c254a4d5645ba96ad637a909db04d] set TAG_NEW=0,DB DEBUG,fe_LotRecipeRowCheckCreateByRecipe,c05dcd762e4b4b5a99224c48445d7683,3
64336,06/05/2026 09:40:30,INSERT in LOT_RECIPE_ROW TAG: [GI4_RECIPE_Data_OP10_PTL_5_CellUnion] value: [0] (FROM RECIPE_ROW) recipeId: [5b1f47fe62884719a25af31967d23de0] tagID=[e36cb249a51144fcab3b255cd363eb04] set TAG_NEW=0,DB DEBUG,fe_LotRecipeRowCheckCreateByRecipe,c05dcd762e4b4b5a99224c48445d7683,3
64335,06/05/2026 09:40:30,INSERT in LOT_RECIPE_ROW TAG: [GI4_RECIPE_Data_OP10_PTL_21_Cell] value: [0] (FROM RECIPE_ROW) recipeId: [5b1f47fe62884719a25af31967d23de0] tagID=[e306e5db0b134cbfbb4d284cc8112e52] set TAG_NEW=0,DB DEBUG,fe_LotRecipeRowCheckCreateByRecipe,c05dcd762e4b4b5a99224c48445d7683,3
64334,06/05/2026 09:40:30,INSERT in LOT_RECIPE_ROW TAG: [GI4_RECIPE_Data_OP30_PTL_26_Description] value: [] (FROM RECIPE_ROW) recipeId: [5b1f47fe62884719a25af31967d23de0] tagID=[e2c718d710ce489dbf803fba340ebaab] set TAG_NEW=0,DB DEBUG,fe_LotRecipeRowCheckCreateByRecipe,c05dcd762e4b4b5a99224c48445d7683,3
64333,06/05/2026 09:40:30,INSERT in LOT_RECIPE_ROW TAG: [GI4_RECIPE_Data_OP30_PTL_12_Qta] value: [12] (FROM RECIPE_ROW) recipeId: [5b1f47fe62884719a25af31967d23de0] tagID=[e272e191e59948aeb7ea87968fe68743] set TAG_NEW=0,DB DEBUG,fe_LotRecipeRowCheckCreateByRecipe,c05dcd762e4b4b5a99224c48445d7683,3
64332,06/05/2026 09:40:30,INSERT in LOT_RECIPE_ROW TAG: [GI4_RECIPE_Data_OP10_PTL_1_CellUnion] value: [0] (FROM RECIPE_ROW) recipeId: [5b1f47fe62884719a25af31967d23de0] tagID=[e1dd704bed0c4c08ad13ea939bcc6975] set TAG_NEW=0,DB DEBUG,fe_LotRecipeRowCheckCreateByRecipe,c05dcd762e4b4b5a99224c48445d7683,3
64331,06/05/2026 09:40:30,INSERT in LOT_RECIPE_ROW TAG: [GI4_RECIPE_Data_OP30_PTL_15_CellUnion] value: [0] (FROM RECIPE_ROW) recipeId: [5b1f47fe62884719a25af31967d23de0] tagID=[e13820d1064248a4b2b45a7155a439a0] set TAG_NEW=0,DB DEBUG,fe_LotRecipeRowCheckCreateByRecipe,c05dcd762e4b4b5a99224c48445d7683,3
64330,06/05/2026 09:40:30,INSERT in LOT_RECIPE_ROW TAG: [GI4_RECIPE_Data_OP10_PTL_19_Cell] value: [0] (FROM RECIPE_ROW) recipeId: [5b1f47fe62884719a25af31967d23de0] tagID=[e02f1c7cc4bf4a7aa41fde139a74426e] set TAG_NEW=0,DB DEBUG,fe_LotRecipeRowCheckCreateByRecipe,c05dcd762e4b4b5a99224c48445d7683,3
64329,06/05/2026 09:40:30,INSERT in LOT_RECIPE_ROW TAG: [GI4_RECIPE_Data_OP30_PTL_7_PartNumber] value: [5009.01.0034] (FROM RECIPE_ROW) recipeId: [5b1f47fe62884719a25af31967d23de0] tagID=[dfbda0b35a5c49b8819953f342e53512] set TAG_NEW=0,DB DEBUG,fe_LotRecipeRowCheckCreateByRecipe,c05dcd762e4b4b5a99224c48445d7683,3
64328,06/05/2026 09:40:30,INSERT in LOT_RECIPE_ROW TAG: [GI4_RECIPE_Data_OP10_PTL_21_PartNumber] value: [] (FROM RECIPE_ROW) recipeId: [5b1f47fe62884719a25af31967d23de0] tagID=[ddde32e8bc294db885e8931257aace8c] set TAG_NEW=0,DB DEBUG,fe_LotRecipeRowCheckCreateByRecipe,c05dcd762e4b4b5a99224c48445d7683,3
64327,06/05/2026 09:40:30,INSERT in LOT_RECIPE_ROW TAG: [GI4_RECIPE_Data_OP30_PTL_25_PartNumber] value: [] (FROM RECIPE_ROW) recipeId: [5b1f47fe62884719a25af31967d23de0] tagID=[dd870214849b4005b0ff08e88a4f2cdb] set TAG_NEW=0,DB DEBUG,fe_LotRecipeRowCheckCreateByRecipe,c05dcd762e4b4b5a99224c48445d7683,3
64326,06/05/2026 09:40:30,INSERT in LOT_RECIPE_ROW TAG: [GI4_RECIPE_Data_OP30_PTL_17_PartNumber] value: [] (FROM RECIPE_ROW) recipeId: [5b1f47fe62884719a25af31967d23de0] tagID=[dc6d34d72e764dc39923d42256ea925e] set TAG_NEW=0,DB DEBUG,fe_LotRecipeRowCheckCreateByRecipe,c05dcd762e4b4b5a99224c48445d7683,3
64325,06/05/2026 09:40:30,INSERT in LOT_RECIPE_ROW TAG: [GI4_RECIPE_Data_OP30_PTL_31_Qta] value: [0] (FROM RECIPE_ROW) recipeId: [5b1f47fe62884719a25af31967d23de0] tagID=[db61411464a54b4d95d9485a139665b8] set TAG_NEW=0,DB DEBUG,fe_LotRecipeRowCheckCreateByRecipe,c05dcd762e4b4b5a99224c48445d7683,3
